"행정구역","2026년07월_거주자_총인구수","2026년07월_거주자_연령구간인구수","2026년07월_거주자_0~9세","2026년07월_거주자_10~19세","2026년07월_거주자_20~29세","2026년07월_거주자_30~39세","2026년07월_거주자_40~49세","2026년07월_거주자_50~59세","2026년07월_거주자_60~69세","2026년07월_거주자_70~79세","2026년07월_거주자_80~89세","2026년07월_거주자_90~99세","2026년07월_거주자_100세 이상","2026년07월_남_거주자_총인구수","2026년07월_남_거주자_연령구간인구수","2026년07월_남_거주자_0~9세","2026년07월_남_거주자_10~19세","2026년07월_남_거주자_20~29세","2026년07월_남_거주자_30~39세","2026년07월_남_거주자_40~49세","2026년07월_남_거주자_50~59세","2026년07월_남_거주자_60~69세","2026년07월_남_거주자_70~79세","2026년07월_남_거주자_80~89세","2026년07월_남_거주자_90~99세","2026년07월_남_거주자_100세 이상","2026년07월_여_거주자_총인구수","2026년07월_여_거주자_연령구간인구수","2026년07월_여_거주자_0~9세","2026년07월_여_거주자_10~19세","2026년07월_여_거주자_20~29세","2026년07월_여_거주자_30~39세","2026년07월_여_거주자_40~49세","2026년07월_여_거주자_50~59세","2026년07월_여_거주자_60~69세","2026년07월_여_거주자_70~79세","2026년07월_여_거주자_80~89세","2026년07월_여_거주자_90~99세","2026년07월_여_거주자_100세 이상"
"서울특별시  (1100000000)","9,218,911","9,218,911","451,606","713,289","1,223,996","1,462,422","1,342,966","1,442,577","1,301,993","846,255","374,411","58,025","1,371","4,435,257","4,435,257","231,883","363,597","570,301","729,965","663,037","707,752","618,183","380,617","152,897","16,753","272","4,783,654","4,783,654","219,723","349,692","653,695","732,457","679,929","734,825","683,810","465,638","221,514","41,272","1,099"
"서울특별시 종로구 (1111000000)","134,509","134,509","4,933","8,997","19,728","19,786","17,775","21,971","20,537","12,633","6,871","1,242","36","64,360","64,360","2,533","4,412","9,106","9,906","8,510","10,721","10,224","5,841","2,708","389","10","70,149","70,149","2,400","4,585","10,622","9,880","9,265","11,250","10,313","6,792","4,163","853","26"
"서울특별시 중구 (1114000000)","116,191","116,191","4,806","5,819","15,216","21,139","15,933","17,366","17,444","11,656","5,759","1,030","23","55,651","55,651","2,447","2,902","6,779","10,489","7,947","8,666","8,607","5,365","2,174","273","2","60,540","60,540","2,359","2,917","8,437","10,650","7,986","8,700","8,837","6,291","3,585","757","21"
"서울특별시 용산구 (1117000000)","196,578","196,578","9,740","12,460","25,311","36,614","28,431","30,654","27,178","16,117","8,384","1,639","50","93,303","93,303","4,913","6,349","11,128","17,779","14,003","14,794","13,335","7,303","3,199","485","15","103,275","103,275","4,827","6,111","14,183","18,835","14,428","15,860","13,843","8,814","5,185","1,154","35"
"서울특별시 성동구 (1120000000)","272,352","272,352","15,600","17,049","36,984","48,137","39,153","42,054","38,063","22,670","10,954","1,659","29","131,274","131,274","8,000","8,445","17,547","23,648","19,645","20,498","18,601","10,202","4,248","435","5","141,078","141,078","7,600","8,604","19,437","24,489","19,508","21,556","19,462","12,468","6,706","1,224","24"
"서울특별시 광진구 (1121500000)","328,497","328,497","13,228","22,762","53,908","56,860","45,328","49,868","45,451","27,213","11,970","1,868","41","156,924","156,924","6,764","11,455","24,469","28,260","22,149","24,117","21,842","12,316","5,017","524","11","171,573","171,573","6,464","11,307","29,439","28,600","23,179","25,751","23,609","14,897","6,953","1,344","30"
"서울특별시 동대문구 (1123000000)","350,942","350,942","17,993","23,190","55,200","56,199","48,171","52,107","48,446","31,988","15,358","2,239","51","170,754","170,754","9,198","11,725","25,726","28,423","24,565","26,133","23,734","14,476","6,084","681","9","180,188","180,188","8,795","11,465","29,474","27,776","23,606","25,974","24,712","17,512","9,274","1,558","42"
"서울특별시 중랑구 (1126000000)","374,510","374,510","16,110","22,832","43,842","59,110","50,022","60,187","64,005","39,210","16,759","2,376","57","182,436","182,436","8,181","11,707","20,536","30,043","25,972","29,641","30,963","17,970","6,756","658","9","192,074","192,074","7,929","11,125","23,306","29,067","24,050","30,546","33,042","21,240","10,003","1,718","48"
"서울특별시 성북구 (1129000000)","418,696","418,696","20,905","33,768","61,603","56,906","58,591","69,424","57,926","37,824","18,807","2,875","67","199,653","199,653","10,802","16,957","28,594","28,363","28,948","33,907","27,280","16,621","7,345","824","12","219,043","219,043","10,103","16,811","33,009","28,543","29,643","35,517","30,646","21,203","11,462","2,051","55"
"서울특별시 강북구 (1130500000)","275,687","275,687","9,324","17,556","33,283","34,266","35,386","47,327","47,187","32,836","16,294","2,186","42","132,353","132,353","4,740","8,923","15,313","17,961","18,460","23,411","22,420","14,159","6,305","653","8","143,334","143,334","4,584","8,633","17,970","16,305","16,926","23,916","24,767","18,677","9,989","1,533","34"
"서울특별시 도봉구 (1132000000)","296,296","296,296","11,392","20,879","32,099","36,882","38,771","50,741","52,821","34,125","16,057","2,463","66","142,858","142,858","5,900","10,862","15,690","18,996","19,487","24,352","24,734","15,688","6,440","691","18","153,438","153,438","5,492","10,017","16,409","17,886","19,284","26,389","28,087","18,437","9,617","1,772","48"
"서울특별시 노원구 (1135000000)","478,395","478,395","22,377","43,276","59,568","61,776","67,410","81,707","71,732","45,988","20,916","3,562","83","228,516","228,516","11,522","22,287","29,851","31,200","32,320","39,175","33,248","20,246","7,723","931","13","249,879","249,879","10,855","20,989","29,717","30,576","35,090","42,532","38,484","25,742","13,193","2,631","70"
"서울특별시 은평구 (1138000000)","450,361","450,361","19,678","32,966","54,161","66,830","63,180","75,288","68,523","44,944","21,585","3,143","63","212,765","212,765","10,159","16,741","25,100","32,528","31,132","36,205","31,808","19,527","8,601","948","16","237,596","237,596","9,519","16,225","29,061","34,302","32,048","39,083","36,715","25,417","12,984","2,195","47"
"서울특별시 서대문구 (1141000000)","297,212","297,212","14,847","21,540","44,021","45,223","41,259","46,675","41,324","26,125","13,891","2,253","54","140,008","140,008","7,609","10,644","19,851","22,195","20,269","22,595","19,511","11,321","5,323","677","13","157,204","157,204","7,238","10,896","24,170","23,028","20,990","24,080","21,813","14,804","8,568","1,576","41"
"서울특별시 마포구 (1144000000)","353,204","353,204","17,758","25,538","53,227","64,071","53,573","54,958","42,120","25,980","13,620","2,314","45","163,846","163,846","9,103","12,716","22,888","30,105","25,761","26,458","19,921","11,034","5,150","703","7","189,358","189,358","8,655","12,822","30,339","33,966","27,812","28,500","22,199","14,946","8,470","1,611","38"
"서울특별시 양천구 (1147000000)","418,298","418,298","21,999","45,551","44,600","51,124","68,026","70,251","61,527","38,611","14,276","2,277","56","203,313","203,313","11,317","23,496","22,127","25,452","32,630","34,723","29,247","17,945","5,804","566","6","214,985","214,985","10,682","22,055","22,473","25,672","35,396","35,528","32,280","20,666","8,472","1,711","50"
"서울특별시 강서구 (1150000000)","545,212","545,212","25,959","39,682","69,181","96,417","80,579","80,186","77,983","51,573","20,173","3,385","94","260,001","260,001","13,289","20,251","30,739","47,846","40,463","39,201","35,865","23,289","8,143","903","12","285,211","285,211","12,670","19,431","38,442","48,571","40,116","40,985","42,118","28,284","12,030","2,482","82"
"서울특별시 구로구 (1153000000)","380,635","380,635","19,008","26,596","44,816","61,849","53,654","58,993","57,311","39,694","16,418","2,254","42","185,608","185,608","9,797","13,415","21,309","31,519","27,399","29,327","27,214","17,999","6,969","655","5","195,027","195,027","9,211","13,181","23,507","30,330","26,255","29,666","30,097","21,695","9,449","1,599","37"
"서울특별시 금천구 (1154500000)","221,274","221,274","8,004","11,798","30,683","40,120","27,129","33,898","36,922","22,051","9,368","1,277","24","110,869","110,869","4,080","5,997","14,503","21,968","14,670","16,996","18,226","10,173","3,893","355","8","110,405","110,405","3,924","5,801","16,180","18,152","12,459","16,902","18,696","11,878","5,475","922","16"
"서울특별시 영등포구 (1156000000)","368,847","368,847","19,551","22,224","51,355","74,825","51,529","52,866","48,399","31,219","14,540","2,291","48","179,540","179,540","9,987","11,389","22,746","37,471","26,317","26,564","23,965","14,300","6,045","746","10","189,307","189,307","9,564","10,835","28,609","37,354","25,212","26,302","24,434","16,919","8,495","1,545","38"
"서울특별시 동작구 (1159000000)","369,156","369,156","17,166","24,793","58,595","62,050","49,983","55,648","49,135","33,409","15,913","2,414","50","178,101","178,101","8,856","12,696","27,772","31,741","25,133","27,054","22,924","14,553","6,619","742","11","191,055","191,055","8,310","12,097","30,823","30,309","24,850","28,594","26,211","18,856","9,294","1,672","39"
"서울특별시 관악구 (1162000000)","474,250","474,250","13,384","23,328","100,412","94,477","56,562","63,149","59,206","41,976","19,322","2,389","45","237,970","237,970","6,799","11,721","47,853","52,685","30,619","32,466","28,353","18,577","8,142","749","6","236,280","236,280","6,585","11,607","52,559","41,792","25,943","30,683","30,853","23,399","11,180","1,640","39"
"서울특별시 서초구 (1165000000)","410,544","410,544","25,965","45,512","47,039","56,720","70,072","67,881","48,001","32,995","14,038","2,264","57","194,811","194,811","13,414","22,911","22,193","26,376","32,244","33,209","22,511","14,816","6,377","746","14","215,733","215,733","12,551","22,601","24,846","30,344","37,828","34,672","25,490","18,179","7,661","1,518","43"
"서울특별시 강남구 (1168000000)","545,620","545,620","31,113","63,442","60,989","78,082","97,433","87,281","62,008","44,760","17,625","2,797","90","260,186","260,186","16,029","33,050","28,517","36,582","44,332","43,550","29,179","19,947","8,144","838","18","285,434","285,434","15,084","30,392","32,472","41,500","53,101","43,731","32,829","24,813","9,481","1,959","72"
"서울특별시 송파구 (1171000000)","645,569","645,569","39,315","57,731","74,414","106,206","104,306","97,714","87,432","55,269","19,776","3,322","84","308,729","308,729","20,080","29,222","34,592","50,828","50,111","47,283","40,988","25,905","8,759","940","21","336,840","336,840","19,235","28,509","39,822","55,378","54,195","50,431","46,444","29,364","11,017","2,382","63"
"서울특별시 강동구 (1174000000)","496,076","496,076","31,451","44,000","53,761","76,753","80,710","74,383","71,312","45,389","15,737","2,506","74","241,428","241,428","16,364","23,324","25,372","37,601","39,951","36,706","33,483","21,044","6,929","641","13","254,648","254,648","15,087","20,676","28,389","39,152","40,759","37,677","37,829","24,345","8,808","1,865","61"
"전남광주통합특별시  (1200000000)","3,149,996","3,149,996","175,822","296,581","318,203","343,860","431,695","536,391","518,207","321,853","174,224","32,407","753","1,574,303","1,574,303","89,808","152,541","171,399","181,098","221,622","277,921","261,654","149,116","61,923","7,126","95","1,575,693","1,575,693","86,014","144,040","146,804","162,762","210,073","258,470","256,553","172,737","112,301","25,281","658"
"전남광주통합특별시 목포시 (1211000000)","198,640","198,640","9,501","20,987","20,148","19,109","29,891","35,637","31,954","20,346","9,690","1,349","28","98,711","98,711","4,847","10,827","10,961","10,078","15,309","18,460","15,288","9,056","3,577","303","5","99,929","99,929","4,654","10,160","9,187","9,031","14,582","17,177","16,666","11,290","6,113","1,046","23"
"전남광주통합특별시 여수시 (1213000000)","259,568","259,568","13,868","23,509","24,074","26,979","34,975","44,863","45,799","29,849","13,412","2,180","60","131,762","131,762","7,132","11,958","13,510","14,792","18,357","23,553","22,940","14,047","5,004","464","5","127,806","127,806","6,736","11,551","10,564","12,187","16,618","21,310","22,859","15,802","8,408","1,716","55"
"전남광주통합특별시 순천시 (1215000000)","273,226","273,226","17,586","27,669","28,841","32,577","38,009","47,062","43,901","23,484","11,542","2,501","54","136,252","136,252","9,072","14,227","15,693","17,049","19,028","23,321","22,035","11,219","4,066","534","8","136,974","136,974","8,514","13,442","13,148","15,528","18,981","23,741","21,866","12,265","7,476","1,967","46"
"전남광주통합특별시 나주시 (1217000000)","116,451","116,451","8,282","10,513","9,705","14,540","16,315","17,139","18,912","12,249","7,367","1,392","37","58,952","58,952","4,265","5,439","5,163","7,372","8,602","9,470","10,016","5,813","2,498","305","9","57,499","57,499","4,017","5,074","4,542","7,168","7,713","7,669","8,896","6,436","4,869","1,087","28"
"전남광주통합특별시 광양시 (1219000000)","155,662","155,662","10,667","15,890","15,515","20,278","22,321","29,233","24,489","11,158","4,970","1,120","21","81,649","81,649","5,447","8,119","8,965","11,293","11,876","15,203","13,273","5,517","1,708","247","1","74,013","74,013","5,220","7,771","6,550","8,985","10,445","14,030","11,216","5,641","3,262","873","20"
"전남광주통합특별시 동구 (1221000000)","104,885","104,885","6,522","7,790","13,352","14,283","13,990","15,210","15,391","11,299","6,089","945","14","51,249","51,249","3,348","3,968","6,680","7,348","7,237","7,673","7,236","4,939","2,529","288","3","53,636","53,636","3,174","3,822","6,672","6,935","6,753","7,537","8,155","6,360","3,560","657","11"
"전남광주통합특별시 서구 (1224000000)","273,487","273,487","14,247","26,271","34,478","34,037","39,668","48,887","40,133","23,292","10,633","1,794","47","133,510","133,510","7,371","13,759","17,710","17,777","19,449","23,616","18,874","10,309","4,151","488","6","139,977","139,977","6,876","12,512","16,768","16,260","20,219","25,271","21,259","12,983","6,482","1,306","41"
"전남광주통합특별시 남구 (1227000000)","204,953","204,953","12,157","22,947","20,692","22,654","31,692","32,428","30,210","20,740","9,774","1,621","38","97,746","97,746","6,165","11,403","10,598","11,418","15,420","15,755","13,661","9,006","3,899","413","8","107,207","107,207","5,992","11,544","10,094","11,236","16,272","16,673","16,549","11,734","5,875","1,208","30"
"전남광주통합특별시 북구 (1230000000)","415,597","415,597","25,006","39,320","47,936","53,418","60,521","70,148","63,516","36,496","16,463","2,717","56","205,122","205,122","12,796","20,449","25,235","27,753","30,696","34,693","30,157","16,388","6,305","644","6","210,475","210,475","12,210","18,871","22,701","25,665","29,825","35,455","33,359","20,108","10,158","2,073","50"
"전남광주통합특별시 광산구 (1233000000)","381,988","381,988","25,097","46,413","48,535","49,075","62,544","71,525","46,839","20,771","9,499","1,655","35","192,822","192,822","12,682","23,888","25,906","26,012","31,070","36,156","24,029","9,437","3,321","316","5","189,166","189,166","12,415","22,525","22,629","23,063","31,474","35,369","22,810","11,334","6,178","1,339","30"
"전남광주통합특별시 담양군 (1271000000)","43,861","43,861","1,622","2,758","3,023","3,142","4,260","7,336","9,906","6,655","4,293","842","24","22,163","22,163","831","1,453","1,749","1,636","2,277","4,002","5,316","3,249","1,477","171","2","21,698","21,698","791","1,305","1,274","1,506","1,983","3,334","4,590","3,406","2,816","671","22"
"전남광주통합특별시 곡성군 (1272000000)","27,614","27,614","752","1,596","1,779","1,806","2,373","4,609","6,431","4,339","3,091","809","29","13,796","13,796","365","865","1,013","940","1,277","2,547","3,496","2,107","1,000","182","4","13,818","13,818","387","731","766","866","1,096","2,062","2,935","2,232","2,091","627","25"
"전남광주통합특별시 구례군 (1273000000)","24,524","24,524","696","1,533","1,576","1,315","2,225","4,211","5,739","3,866","2,775","575","13","12,002","12,002","338","787","866","683","1,137","2,294","3,059","1,804","904","128","2","12,522","12,522","358","746","710","632","1,088","1,917","2,680","2,062","1,871","447","11"
"전남광주통합특별시 고흥군 (1274000000)","58,847","58,847","1,725","3,037","2,906","3,073","4,825","8,796","13,473","11,467","7,704","1,789","52","29,226","29,226","858","1,618","1,698","1,688","2,714","5,140","7,170","5,404","2,542","390","4","29,621","29,621","867","1,419","1,208","1,385","2,111","3,656","6,303","6,063","5,162","1,399","48"
"전남광주통합특별시 보성군 (1275000000)","38,029","38,029","1,140","2,212","2,259","2,078","3,286","5,960","8,546","6,741","4,712","1,076","19","18,724","18,724","588","1,134","1,225","1,146","1,783","3,366","4,540","3,180","1,548","213","1","19,305","19,305","552","1,078","1,034","932","1,503","2,594","4,006","3,561","3,164","863","18"
"전남광주통합특별시 화순군 (1276000000)","59,666","59,666","2,407","4,542","5,296","4,792","6,140","10,578","12,118","7,564","5,192","1,016","21","29,542","29,542","1,253","2,342","2,781","2,462","3,119","5,577","6,506","3,632","1,644","224","2","30,124","30,124","1,154","2,200","2,515","2,330","3,021","5,001","5,612","3,932","3,548","792","19"
"전남광주통합특별시 장흥군 (1277000000)","33,819","33,819","1,224","2,231","2,173","2,203","3,244","5,366","7,250","5,434","3,784","897","13","16,723","16,723","611","1,161","1,231","1,231","1,780","2,991","3,752","2,535","1,257","172","2","17,096","17,096","613","1,070","942","972","1,464","2,375","3,498","2,899","2,527","725","11"
"전남광주통합특별시 강진군 (1278000000)","31,605","31,605","1,370","2,036","2,067","2,139","2,930","4,824","6,868","5,043","3,575","733","20","15,580","15,580","671","1,053","1,187","1,149","1,566","2,682","3,567","2,370","1,200","133","2","16,025","16,025","699","983","880","990","1,364","2,142","3,301","2,673","2,375","600","18"
"전남광주통합특별시 해남군 (1279000000)","61,877","61,877","2,404","4,235","4,079","3,963","6,185","10,110","13,446","9,863","6,391","1,174","27","31,169","31,169","1,255","2,146","2,331","2,197","3,364","5,705","7,171","4,582","2,193","223","2","30,708","30,708","1,149","2,089","1,748","1,766","2,821","4,405","6,275","5,281","4,198","951","25"
"전남광주통합특별시 영암군 (1280000000)","49,906","49,906","1,923","3,747","3,938","3,711","6,071","9,005","9,968","6,451","4,199","870","23","26,360","26,360","970","1,925","2,404","2,075","3,569","5,255","5,547","3,053","1,370","186","6","23,546","23,546","953","1,822","1,534","1,636","2,502","3,750","4,421","3,398","2,829","684","17"
"전남광주통합특별시 무안군 (1281000000)","95,441","95,441","7,220","10,997","9,070","11,305","15,053","14,270","13,308","8,551","4,798","847","22","47,966","47,966","3,684","5,560","4,905","5,633","7,686","7,695","6,949","4,063","1,626","164","1","47,475","47,475","3,536","5,437","4,165","5,672","7,367","6,575","6,359","4,488","3,172","683","21"
"전남광주통합특별시 함평군 (1282000000)","29,576","29,576","910","1,697","1,795","1,866","2,598","4,820","6,669","4,920","3,572","712","17","15,123","15,123","474","885","1,027","1,030","1,491","2,847","3,739","2,339","1,140","151","0","14,453","14,453","436","812","768","836","1,107","1,973","2,930","2,581","2,432","561","17"
"전남광주통합특별시 영광군 (1283000000)","53,655","53,655","3,296","3,885","4,377","5,103","5,978","8,557","9,850","7,210","4,570","811","18","26,891","26,891","1,636","1,994","2,393","2,596","3,278","4,834","5,180","3,319","1,495","164","2","26,764","26,764","1,660","1,891","1,984","2,507","2,700","3,723","4,670","3,891","3,075","647","16"
"전남광주통합특별시 장성군 (1284000000)","43,047","43,047","1,875","3,003","3,326","3,439","4,502","7,192","8,801","6,161","3,930","802","16","22,109","22,109","949","1,531","1,967","1,794","2,435","4,048","4,852","2,992","1,357","181","3","20,938","20,938","926","1,472","1,359","1,645","2,067","3,144","3,949","3,169","2,573","621","13"
"전남광주통합특별시 완도군 (1285000000)","43,997","43,997","1,863","3,138","2,618","2,678","5,006","6,947","9,021","7,058","4,810","838","20","22,375","22,375","970","1,662","1,509","1,505","2,863","4,019","4,662","3,345","1,659","178","3","21,622","21,622","893","1,476","1,109","1,173","2,143","2,928","4,359","3,713","3,151","660","17"
"전남광주통합특별시 진도군 (1286000000)","27,770","27,770","1,058","1,913","1,831","1,757","2,744","4,426","5,970","4,326","3,161","574","10","14,025","14,025","495","992","1,074","942","1,572","2,578","3,180","2,080","991","119","2","13,745","13,745","563","921","757","815","1,172","1,848","2,790","2,246","2,170","455","8"
"전남광주통합특별시 신안군 (1287000000)","42,305","42,305","1,404","2,712","2,814","2,540","4,349","7,252","9,699","6,520","4,228","768","19","22,754","22,754","735","1,396","1,618","1,499","2,667","4,441","5,459","3,331","1,462","145","1","19,551","19,551","669","1,316","1,196","1,041","1,682","2,811","4,240","3,189","2,766","623","18"
"부산광역시  (2600000000)","3,218,024","3,218,024","164,761","265,643","328,068","387,306","453,144","518,782","547,756","375,888","154,246","21,973","457","1,562,391","1,562,391","84,364","135,799","166,929","200,220","229,328","254,545","257,411","168,404","59,929","5,408","54","1,655,633","1,655,633","80,397","129,844","161,139","187,086","223,816","264,237","290,345","207,484","94,317","16,565","403"
"부산광역시 중구 (2611000000)","35,926","35,926","593","1,489","4,574","3,936","3,753","5,715","7,127","5,733","2,640","356","10","17,392","17,392","324","722","2,123","2,166","2,027","3,020","3,429","2,499","989","92","1","18,534","18,534","269","767","2,451","1,770","1,726","2,695","3,698","3,234","1,651","264","9"
"부산광역시 서구 (2614000000)","100,548","100,548","3,952","7,017","10,343","10,022","12,323","16,083","18,655","14,445","6,702","981","25","48,088","48,088","2,030","3,632","4,925","5,114","6,276","8,212","8,853","6,311","2,495","236","4","52,460","52,460","1,922","3,385","5,418","4,908","6,047","7,871","9,802","8,134","4,207","745","21"
"부산광역시 동구 (2617000000)","82,664","82,664","3,321","4,468","7,709","10,541","10,293","13,125","14,785","11,831","5,716","859","16","40,157","40,157","1,729","2,259","3,632","5,536","5,514","6,878","7,202","5,135","2,066","205","1","42,507","42,507","1,592","2,209","4,077","5,005","4,779","6,247","7,583","6,696","3,650","654","15"
"부산광역시 영도구 (2620000000)","99,965","99,965","3,379","6,223","8,438","8,681","11,668","16,303","20,121","16,594","7,557","986","15","49,033","49,033","1,729","3,240","4,689","4,674","6,128","8,387","9,819","7,319","2,792","256","0","50,932","50,932","1,650","2,983","3,749","4,007","5,540","7,916","10,302","9,275","4,765","730","15"
"부산광역시 부산진구 (2623000000)","362,704","362,704","18,073","24,533","45,347","54,166","48,480","54,933","58,161","39,710","16,917","2,335","49","173,005","173,005","9,208","12,236","21,045","27,428","24,689","26,827","26,897","17,632","6,436","604","3","189,699","189,699","8,865","12,297","24,302","26,738","23,791","28,106","31,264","22,078","10,481","1,731","46"
"부산광역시 동래구 (2626000000)","269,843","269,843","16,566","26,395","24,749","31,518","41,796","43,436","41,989","29,888","11,779","1,698","29","129,676","129,676","8,447","13,691","12,555","15,729","20,512","21,086","19,136","13,204","4,860","454","2","140,167","140,167","8,119","12,704","12,194","15,789","21,284","22,350","22,853","16,684","6,919","1,244","27"
"부산광역시 남구 (2629000000)","253,781","253,781","12,456","22,356","30,360","28,224","34,899","41,275","39,812","29,603","12,995","1,773","28","123,142","123,142","6,438","11,391","15,863","14,571","17,403","20,398","18,444","12,978","5,199","453","4","130,639","130,639","6,018","10,965","14,497","13,653","17,496","20,877","21,368","16,625","7,796","1,320","24"
"부산광역시 북구 (2632000000)","259,676","259,676","12,715","20,085","23,678","31,070","33,118","44,130","51,882","30,181","11,195","1,585","37","127,105","127,105","6,567","10,347","12,634","16,417","16,968","20,752","24,776","14,009","4,276","357","2","132,571","132,571","6,148","9,738","11,044","14,653","16,150","23,378","27,106","16,172","6,919","1,228","35"
"부산광역시 해운대구 (2635000000)","368,271","368,271","19,607","34,595","34,222","41,010","54,406","64,456","61,461","39,411","16,522","2,532","49","176,016","176,016","10,026","17,840","17,708","20,596","26,244","30,377","28,622","17,690","6,252","648","13","192,255","192,255","9,581","16,755","16,514","20,414","28,162","34,079","32,839","21,721","10,270","1,884","36"
"부산광역시 사하구 (2638000000)","280,702","280,702","11,544","22,436","27,973","29,530","37,796","47,723","53,220","35,357","13,287","1,787","49","138,905","138,905","5,922","11,493","15,079","15,955","19,705","23,598","25,329","16,257","5,156","405","6","141,797","141,797","5,622","10,943","12,894","13,575","18,091","24,125","27,891","19,100","8,131","1,382","43"
"부산광역시 금정구 (2641000000)","204,698","204,698","7,612","15,372","25,330","20,429","24,749","32,752","38,349","26,912","11,409","1,746","38","99,337","99,337","3,814","7,740","13,609","11,034","12,519","15,757","17,908","11,953","4,551","445","7","105,361","105,361","3,798","7,632","11,721","9,395","12,230","16,995","20,441","14,959","6,858","1,301","31"
"부산광역시 강서구 (2644000000)","153,826","153,826","16,649","18,785","10,605","24,221","32,146","19,150","17,778","10,446","3,469","568","9","79,467","79,467","8,471","9,646","5,755","12,394","17,191","10,448","8,824","5,243","1,382","112","1","74,359","74,359","8,178","9,139","4,850","11,827","14,955","8,702","8,954","5,203","2,087","456","8"
"부산광역시 연제구 (2647000000)","210,923","210,923","12,044","17,212","20,963","28,476","30,663","33,282","33,302","23,884","9,757","1,313","27","100,307","100,307","6,147","8,713","10,194","14,181","15,115","15,939","15,191","10,529","3,944","350","4","110,616","110,616","5,897","8,499","10,769","14,295","15,548","17,343","18,111","13,355","5,813","963","23"
"부산광역시 수영구 (2650000000)","167,985","167,985","7,268","11,429","18,837","23,031","22,670","25,805","27,171","21,248","9,160","1,339","27","78,597","78,597","3,693","5,885","8,815","11,697","11,166","12,229","11,905","9,093","3,759","352","3","89,388","89,388","3,575","5,544","10,022","11,334","11,504","13,576","15,266","12,155","5,401","987","24"
"부산광역시 사상구 (2653000000)","191,580","191,580","7,045","13,116","20,526","22,292","23,468","32,348","40,003","23,727","8,028","1,007","20","95,468","95,468","3,688","6,632","10,534","12,227","12,383","16,145","19,684","10,952","3,025","198","0","96,112","96,112","3,357","6,484","9,992","10,065","11,085","16,203","20,319","12,775","5,003","809","20"
"부산광역시 기장군 (2671000000)","174,932","174,932","11,937","20,132","14,414","20,159","30,916","28,266","23,940","16,918","7,113","1,108","29","86,696","86,696","6,131","10,332","7,769","10,501","15,488","14,492","11,392","7,600","2,747","241","3","88,236","88,236","5,806","9,800","6,645","9,658","15,428","13,774","12,548","9,318","4,366","867","26"
"대구광역시  (2700000000)","2,340,047","2,340,047","130,442","212,569","245,802","285,217","330,024","405,575","380,540","231,327","101,493","16,760","298","1,144,486","1,144,486","67,015","108,815","128,655","151,675","164,969","197,312","181,743","102,593","37,441","4,225","43","1,195,561","1,195,561","63,427","103,754","117,147","133,542","165,055","208,263","198,797","128,734","64,052","12,535","255"
"대구광역시 중구 (2711000000)","101,295","101,295","8,190","7,608","13,505","18,555","14,918","14,160","11,209","8,145","4,256","732","17","48,349","48,349","4,238","3,759","6,114","9,376","7,660","6,842","5,210","3,377","1,573","197","3","52,946","52,946","3,952","3,849","7,391","9,179","7,258","7,318","5,999","4,768","2,683","535","14"
"대구광역시 동구 (2714000000)","337,352","337,352","18,607","25,977","32,813","44,293","45,940","55,129","56,214","38,404","17,231","2,697","47","164,502","164,502","9,626","13,370","17,078","23,662","23,501","27,071","26,233","16,801","6,443","711","6","172,850","172,850","8,981","12,607","15,735","20,631","22,439","28,058","29,981","21,603","10,788","1,986","41"
"대구광역시 서구 (2717000000)","162,799","162,799","6,801","9,727","14,118","19,591","19,300","27,826","33,307","21,737","9,075","1,295","22","80,400","80,400","3,494","4,875","7,502","10,897","10,451","14,162","16,031","9,428","3,274","285","1","82,399","82,399","3,307","4,852","6,616","8,694","8,849","13,664","17,276","12,309","5,801","1,010","21"
"대구광역시 남구 (2720000000)","140,852","140,852","5,576","8,436","16,309","18,476","17,177","23,101","23,945","17,665","8,644","1,501","22","66,868","66,868","2,887","4,251","7,689","9,875","8,696","11,368","11,054","7,525","3,115","405","3","73,984","73,984","2,689","4,185","8,620","8,601","8,481","11,733","12,891","10,140","5,529","1,096","19"
"대구광역시 북구 (2723000000)","405,511","405,511","20,837","37,431","49,472","47,516","55,287","75,113","64,962","36,198","16,166","2,475","54","200,306","200,306","10,694","19,101","26,536","25,712","27,647","36,708","31,533","15,970","5,807","592","6","205,205","205,205","10,143","18,330","22,936","21,804","27,640","38,405","33,429","20,228","10,359","1,883","48"
"대구광역시 수성구 (2726000000)","406,574","406,574","24,109","46,958","41,179","42,764","62,253","73,167","59,456","36,659","16,854","3,112","63","195,036","195,036","12,411","24,378","21,879","21,504","29,135","34,257","27,966","16,135","6,481","881","9","211,538","211,538","11,698","22,580","19,300","21,260","33,118","38,910","31,490","20,524","10,373","2,231","54"
"대구광역시 달서구 (2729000000)","511,591","511,591","26,419","48,327","56,358","60,853","70,439","92,697","86,975","47,600","18,849","3,030","44","249,937","249,937","13,594","24,574","29,461","32,742","34,735","44,255","41,383","21,469","6,978","735","11","261,654","261,654","12,825","23,753","26,897","28,111","35,704","48,442","45,592","26,131","11,871","2,295","33"
"대구광역시 달성군 (2771000000)","251,569","251,569","19,457","27,307","21,155","32,041","43,110","40,911","38,186","20,231","7,783","1,362","26","127,351","127,351","9,818","14,065","11,875","17,231","22,235","20,669","18,851","9,511","2,809","283","4","124,218","124,218","9,639","13,242","9,280","14,810","20,875","20,242","19,335","10,720","4,974","1,079","22"
"대구광역시 군위군 (2772000000)","22,504","22,504","446","798","893","1,128","1,600","3,471","6,286","4,688","2,635","556","3","11,737","11,737","253","442","521","676","909","1,980","3,482","2,377","961","136","0","10,767","10,767","193","356","372","452","691","1,491","2,804","2,311","1,674","420","3"
"인천광역시  (2800000000)","3,049,203","3,049,203","186,316","275,815","329,398","432,056","470,634","510,163","477,386","244,469","103,289","19,159","518","1,521,153","1,521,153","95,649","141,132","169,607","225,550","242,399","254,840","234,832","113,952","38,681","4,435","76","1,528,050","1,528,050","90,667","134,683","159,791","206,506","228,235","255,323","242,554","130,517","64,608","14,724","442"
"인천광역시 중구영종출장소 (2811400000)","0","0","0","0","0","0","0","0","0","0","0","0","0","0","0","0","0","0","0","0","0","0","0","0","0","0","0","0","0","0","0","0","0","0","0","0","0","0","0"
"인천광역시 중구용유출장소 (2811800000)","0","0","0","0","0","0","0","0","0","0","0","0","0","0","0","0","0","0","0","0","0","0","0","0","0","0","0","0","0","0","0","0","0","0","0","0","0","0","0"
"인천광역시 제물포구 (2812500000)","98,720","98,720","3,580","6,517","9,210","10,953","13,035","16,715","18,019","13,198","6,356","1,106","31","49,974","49,974","1,823","3,404","4,861","6,088","7,157","9,024","9,052","5,929","2,412","218","6","48,746","48,746","1,757","3,113","4,349","4,865","5,878","7,691","8,967","7,269","3,944","888","25"
"인천광역시 영종구 (2815500000)","137,318","137,318","11,593","13,909","17,991","24,995","24,570","20,393","13,670","7,050","2,723","414","10","71,083","71,083","6,027","7,028","8,958","13,402","12,992","11,088","6,986","3,387","1,119","94","2","66,235","66,235","5,566","6,881","9,033","11,593","11,578","9,305","6,684","3,663","1,604","320","8"
"인천광역시 미추홀구 (2817700000)","416,358","416,358","22,871","32,391","48,055","58,468","61,948","68,003","64,823","39,154","17,613","2,955","77","209,160","209,160","11,754","16,643","25,324","31,230","33,064","34,788","31,250","17,622","6,708","768","9","207,198","207,198","11,117","15,748","22,731","27,238","28,884","33,215","33,573","21,532","10,905","2,187","68"
"인천광역시 연수구 (2818500000)","408,540","408,540","32,146","47,470","43,983","56,889","70,692","67,728","55,168","23,207","9,293","1,900","64","202,125","202,125","16,420","24,250","22,711","28,351","34,753","33,223","27,335","11,126","3,529","422","5","206,415","206,415","15,726","23,220","21,272","28,538","35,939","34,505","27,833","12,081","5,764","1,478","59"
"인천광역시 남동구 (2820000000)","476,168","476,168","22,419","43,815","52,671","60,227","71,137","83,245","79,644","42,496","17,403","3,028","83","235,694","235,694","11,506","22,570","27,041","32,161","36,119","41,297","38,456","19,453","6,403","673","15","240,474","240,474","10,913","21,245","25,630","28,066","35,018","41,948","41,188","23,043","11,000","2,355","68"
"인천광역시 부평구 (2823700000)","485,284","485,284","25,485","37,835","52,399","73,232","69,523","81,479","81,971","42,101","17,909","3,278","72","237,862","237,862","13,173","19,422","26,329","38,142","35,544","39,198","39,503","19,131","6,629","782","9","247,422","247,422","12,312","18,413","26,070","35,090","33,979","42,281","42,468","22,970","11,280","2,496","63"
"인천광역시 계양구 (2824500000)","274,790","274,790","11,454","20,851","30,155","36,877","36,516","51,174","54,141","22,418","9,283","1,862","59","136,483","136,483","5,842","10,534","15,754","19,628","18,830","24,717","26,800","10,756","3,209","406","7","138,307","138,307","5,612","10,317","14,401","17,249","17,686","26,457","27,341","11,662","6,074","1,456","52"
"인천광역시 서구검단출장소 (2826500000)","0","0","0","0","0","0","0","0","0","0","0","0","0","0","0","0","0","0","0","0","0","0","0","0","0","0","0","0","0","0","0","0","0","0","0","0","0","0","0"
"인천광역시 서해구 (2827500000)","390,542","390,542","26,256","38,420","42,431","58,210","63,755","65,198","58,860","26,021","9,573","1,762","56","196,266","196,266","13,517","19,695","21,540","30,206","32,751","32,725","29,408","12,530","3,521","363","10","194,276","194,276","12,739","18,725","20,891","28,004","31,004","32,473","29,452","13,491","6,052","1,399","46"
"인천광역시 검단구 (2829000000)","272,949","272,949","27,552","29,588","26,380","45,890","50,904","42,743","29,742","13,690","5,326","1,109","25","136,788","136,788","14,074","14,970","13,335","22,701","26,512","21,432","15,070","6,441","1,989","259","5","136,161","136,161","13,478","14,618","13,045","23,189","24,392","21,311","14,672","7,249","3,337","850","20"
"인천광역시 강화군 (2871000000)","69,282","69,282","2,480","4,169","4,063","4,754","6,736","10,472","16,647","12,052","6,457","1,427","25","34,722","34,722","1,277","2,154","2,286","2,569","3,524","5,553","8,372","5,988","2,609","384","6","34,560","34,560","1,203","2,015","1,777","2,185","3,212","4,919","8,275","6,064","3,848","1,043","19"
"인천광역시 옹진군 (2872000000)","19,252","19,252","480","850","2,060","1,561","1,818","3,013","4,701","3,082","1,353","318","16","10,996","10,996","236","462","1,468","1,072","1,153","1,795","2,600","1,589","553","66","2","8,256","8,256","244","388","592","489","665","1,218","2,101","1,493","800","252","14"
"대전광역시  (3000000000)","1,437,328","1,437,328","84,894","135,581","184,737","196,413","205,742","240,106","208,353","120,019","52,025","9,245","213","715,183","715,183","43,626","69,476","96,144","104,560","103,268","119,362","101,178","55,141","20,063","2,331","34","722,145","722,145","41,268","66,105","88,593","91,853","102,474","120,744","107,175","64,878","31,962","6,914","179"
"대전광역시 동구 (3011000000)","217,293","217,293","10,681","18,577","27,584","25,198","28,452","35,848","34,992","23,253","10,942","1,730","36","109,275","109,275","5,555","9,420","14,666","13,724","14,868","18,726","17,155","10,533","4,192","429","7","108,018","108,018","5,126","9,157","12,918","11,474","13,584","17,122","17,837","12,720","6,750","1,301","29"
"대전광역시 중구 (3014000000)","223,188","223,188","11,368","19,242","24,477","26,294","30,168","38,019","35,175","24,526","11,820","2,050","49","108,881","108,881","5,725","9,877","12,117","13,642","15,164","19,195","17,081","10,881","4,620","569","10","114,307","114,307","5,643","9,365","12,360","12,652","15,004","18,824","18,094","13,645","7,200","1,481","39"
"대전광역시 서구 (3017000000)","462,784","462,784","26,991","46,031","62,440","66,393","68,398","76,393","63,628","35,428","14,421","2,604","57","226,429","226,429","13,901","23,617","31,130","34,638","33,519","36,907","30,149","16,266","5,648","646","8","236,355","236,355","13,090","22,414","31,310","31,755","34,879","39,486","33,479","19,162","8,773","1,958","49"
"대전광역시 유성구 (3020000000)","370,837","370,837","28,554","38,675","52,146","59,283","58,036","58,917","44,810","20,756","7,950","1,667","43","187,895","187,895","14,743","19,821","28,295","31,727","28,821","28,974","22,037","10,061","3,030","379","7","182,942","182,942","13,811","18,854","23,851","27,556","29,215","29,943","22,773","10,695","4,920","1,288","36"
"대전광역시 대덕구 (3023000000)","163,226","163,226","7,300","13,056","18,090","19,245","20,688","30,929","29,748","16,056","6,892","1,194","28","82,703","82,703","3,702","6,741","9,936","10,829","10,896","15,560","14,756","7,400","2,573","308","2","80,523","80,523","3,598","6,315","8,154","8,416","9,792","15,369","14,992","8,656","4,319","886","26"
"울산광역시  (3100000000)","1,083,947","1,083,947","64,860","108,822","106,193","136,643","166,298","194,141","181,493","90,330","30,428","4,641","98","558,435","558,435","33,203","56,504","61,315","75,966","86,506","96,874","91,879","43,488","11,694","999","7","525,512","525,512","31,657","52,318","44,878","60,677","79,792","97,267","89,614","46,842","18,734","3,642","91"
"울산광역시 중구 (3111000000)","202,307","202,307","11,168","18,752","18,122","24,419","29,265","35,665","36,568","20,288","7,088","960","12","102,133","102,133","5,764","9,790","10,284","13,278","15,170","17,505","18,011","9,347","2,761","223","0","100,174","100,174","5,404","8,962","7,838","11,141","14,095","18,160","18,557","10,941","4,327","737","12"
"울산광역시 남구 (3114000000)","303,419","303,419","17,629","27,887","33,156","42,710","44,259","54,531","49,697","24,665","7,786","1,072","27","155,225","155,225","9,081","14,546","18,929","23,755","22,685","26,469","24,681","11,727","3,080","270","2","148,194","148,194","8,548","13,341","14,227","18,955","21,574","28,062","25,016","12,938","4,706","802","25"
"울산광역시 동구 (3117000000)","147,245","147,245","8,398","16,175","13,810","16,669","25,591","23,867","25,005","13,565","3,692","457","16","77,055","77,055","4,277","8,395","7,920","9,622","13,826","12,558","12,092","6,759","1,522","84","0","70,190","70,190","4,121","7,780","5,890","7,047","11,765","11,309","12,913","6,806","2,170","373","16"
"울산광역시 북구 (3120000000)","213,144","213,144","16,189","25,527","20,343","29,126","37,147","37,481","30,866","11,748","4,020","683","14","110,965","110,965","8,287","13,217","12,195","16,181","18,992","18,475","16,294","5,710","1,493","118","3","102,179","102,179","7,902","12,310","8,148","12,945","18,155","19,006","14,572","6,038","2,527","565","11"
"울산광역시 울주군 (3171000000)","217,832","217,832","11,476","20,481","20,762","23,719","30,036","42,597","39,357","20,064","7,842","1,469","29","113,057","113,057","5,794","10,556","11,987","13,130","15,833","21,867","20,801","9,945","2,838","304","2","104,775","104,775","5,682","9,925","8,775","10,589","14,203","20,730","18,556","10,119","5,004","1,165","27"
"세종특별자치시  (3600000000)","390,229","390,229","37,152","54,236","36,075","56,654","75,540","60,027","39,727","20,535","8,383","1,867","33","194,317","194,317","18,891","27,503","18,636","28,075","36,886","31,083","19,710","9,887","3,220","419","7","195,912","195,912","18,261","26,733","17,439","28,579","38,654","28,944","20,017","10,648","5,163","1,448","26"
"세종특별자치시  (3611000000)","390,229","390,229","37,152","54,236","36,075","56,654","75,540","60,027","39,727","20,535","8,383","1,867","33","194,317","194,317","18,891","27,503","18,636","28,075","36,886","31,083","19,710","9,887","3,220","419","7","195,912","195,912","18,261","26,733","17,439","28,579","38,654","28,944","20,017","10,648","5,163","1,448","26"
"경기도  (4100000000)","13,706,605","13,706,605","870,181","1,325,993","1,518,270","1,932,192","2,155,785","2,340,514","1,987,482","1,028,588","462,406","83,198","1,996","6,877,564","6,877,564","445,512","677,420","792,760","1,013,440","1,100,651","1,174,635","991,932","480,575","178,800","21,467","372","6,829,041","6,829,041","424,669","648,573","725,510","918,752","1,055,134","1,165,879","995,550","548,013","283,606","61,731","1,624"
"북부출장소  (4110500000)","0","0","0","0","0","0","0","0","0","0","0","0","0","0","0","0","0","0","0","0","0","0","0","0","0","0","0","0","0","0","0","0","0","0","0","0","0","0","0"
"경기도 수원시 (4111000000)","1,180,110","1,180,110","70,633","109,853","158,094","188,463","181,233","197,870","159,318","75,808","32,949","5,742","147","591,705","591,705","36,255","56,521","81,995","99,887","91,976","97,591","79,004","34,559","12,434","1,459","24","588,405","588,405","34,378","53,332","76,099","88,576","89,257","100,279","80,314","41,249","20,515","4,283","123"
"경기도 수원시 장안구 (4111100000)","268,519","268,519","13,291","24,720","36,958","35,398","37,364","48,438","40,587","20,234","9,686","1,807","36","134,527","134,527","6,748","12,772","20,248","18,874","18,681","23,733","20,225","9,115","3,668","457","6","133,992","133,992","6,543","11,948","16,710","16,524","18,683","24,705","20,362","11,119","6,018","1,350","30"
"경기도 수원시 권선구 (4111300000)","358,865","358,865","20,367","31,580","43,600","57,629","55,256","60,477","53,367","24,960","9,926","1,663","40","180,720","180,720","10,514","16,197","22,239","31,023","28,773","29,772","26,416","11,630","3,717","434","5","178,145","178,145","9,853","15,383","21,361","26,606","26,483","30,705","26,951","13,330","6,209","1,229","35"
"경기도 수원시 팔달구 (4111500000)","192,040","192,040","10,142","13,106","27,546","32,626","26,185","31,459","27,719","15,284","6,857","1,077","39","96,166","96,166","5,197","6,704","13,765","17,623","13,766","15,740","13,678","6,768","2,635","285","5","95,874","95,874","4,945","6,402","13,781","15,003","12,419","15,719","14,041","8,516","4,222","792","34"
"경기도 수원시 영통구 (4111700000)","360,686","360,686","26,833","40,447","49,990","62,810","62,428","57,496","37,645","15,330","6,480","1,195","32","180,292","180,292","13,796","20,848","25,743","32,367","30,756","28,346","18,685","7,046","2,414","283","8","180,394","180,394","13,037","19,599","24,247","30,443","31,672","29,150","18,960","8,284","4,066","912","24"
"경기도 성남시 (4113000000)","895,642","895,642","53,652","80,382","101,178","133,634","138,554","147,785","129,342","73,149","32,025","5,793","148","441,928","441,928","27,353","41,006","51,426","68,978","68,840","73,192","62,986","33,774","12,783","1,555","35","453,714","453,714","26,299","39,376","49,752","64,656","69,714","74,593","66,356","39,375","19,242","4,238","113"
"경기도 성남시 수정구 (4113100000)","233,732","233,732","13,257","16,066","27,064","36,439","33,823","37,667","37,372","22,091","8,641","1,283","29","117,992","117,992","6,788","8,106","14,189","19,496","17,841","19,314","18,430","10,158","3,354","308","8","115,740","115,740","6,469","7,960","12,875","16,943","15,982","18,353","18,942","11,933","5,287","975","21"
"경기도 성남시 중원구 (4113300000)","197,990","197,990","9,662","13,648","22,436","30,582","27,878","32,321","33,553","19,098","7,650","1,120","42","99,480","99,480","4,874","7,054","11,490","16,577","14,681","16,368","16,382","8,813","2,967","266","8","98,510","98,510","4,788","6,594","10,946","14,005","13,197","15,953","17,171","10,285","4,683","854","34"
"경기도 성남시 분당구 (4113500000)","463,920","463,920","30,733","50,668","51,678","66,613","76,853","77,797","58,417","31,960","15,734","3,390","77","224,456","224,456","15,691","25,846","25,747","32,905","36,318","37,510","28,174","14,803","6,462","981","19","239,464","239,464","15,042","24,822","25,931","33,708","40,535","40,287","30,243","17,157","9,272","2,409","58"
"경기도 의정부시 (4115000000)","459,526","459,526","26,200","39,370","51,968","60,642","66,995","80,736","72,193","39,438","18,929","2,996","59","225,155","225,155","13,473","20,291","25,787","31,292","34,312","39,394","34,918","17,672","7,221","786","9","234,371","234,371","12,727","19,079","26,181","29,350","32,683","41,342","37,275","21,766","11,708","2,210","50"
"경기도 안양시 (4117000000)","559,745","559,745","35,126","48,556","61,599","87,420","82,336","92,185","86,579","44,468","18,020","3,379","77","275,642","275,642","17,974","24,810","31,550","45,103","41,587","44,424","41,472","21,068","6,860","781","13","284,103","284,103","17,152","23,746","30,049","42,317","40,749","47,761","45,107","23,400","11,160","2,598","64"
"경기도 안양시 만안구 (4117100000)","232,998","232,998","12,486","16,065","26,013","35,500","30,997","38,429","40,587","22,136","9,177","1,565","43","115,887","115,887","6,340","8,263","13,384","18,787","16,284","18,747","19,670","10,471","3,539","395","7","117,111","117,111","6,146","7,802","12,629","16,713","14,713","19,682","20,917","11,665","5,638","1,170","36"
"경기도 안양시 동안구 (4117300000)","326,747","326,747","22,640","32,491","35,586","51,920","51,339","53,756","45,992","22,332","8,843","1,814","34","159,755","159,755","11,634","16,547","18,166","26,316","25,303","25,677","21,802","10,597","3,321","386","6","166,992","166,992","11,006","15,944","17,420","25,604","26,036","28,079","24,190","11,735","5,522","1,428","28"
"경기도 부천시 (4119000000)","751,353","751,353","37,462","61,136","82,052","103,844","109,028","129,855","132,236","65,946","25,147","4,545","102","369,430","369,430","19,149","31,337","41,334","53,928","55,349","63,158","63,653","30,966","9,494","1,048","14","381,923","381,923","18,313","29,799","40,718","49,916","53,679","66,697","68,583","34,980","15,653","3,497","88"
"경기도 부천시 원미구 (4119200000)","380,243","380,243","19,175","31,428","43,651","54,840","55,790","65,083","65,185","31,253","11,561","2,225","52","186,001","186,001","9,729","16,054","21,589","28,117","27,937","31,424","31,411","14,839","4,376","519","6","194,242","194,242","9,446","15,374","22,062","26,723","27,853","33,659","33,774","16,414","7,185","1,706","46"
"경기도 부천시 소사구 (4119400000)","223,109","223,109","12,891","19,339","21,750","29,733","34,681","36,484","37,773","21,143","7,897","1,388","30","109,002","109,002","6,648","9,849","10,979","15,279","17,577","17,697","17,682","9,802","3,151","334","4","114,107","114,107","6,243","9,490","10,771","14,454","17,104","18,787","20,091","11,341","4,746","1,054","26"
"경기도 부천시 오정구 (4119600000)","148,001","148,001","5,396","10,369","16,651","19,271","18,557","28,288","29,278","13,550","5,689","932","20","74,427","74,427","2,772","5,434","8,766","10,532","9,835","14,037","14,560","6,325","1,967","195","4","73,574","73,574","2,624","4,935","7,885","8,739","8,722","14,251","14,718","7,225","3,722","737","16"
"경기도 광명시 (4121000000)","302,628","302,628","19,117","27,975","32,914","45,435","46,827","51,248","43,779","24,198","9,378","1,713","44","148,054","148,054","9,799","14,226","16,737","23,153","23,247","24,980","20,874","11,130","3,503","395","10","154,574","154,574","9,318","13,749","16,177","22,282","23,580","26,268","22,905","13,068","5,875","1,318","34"
"경기도 평택시 (4122000000)","617,903","617,903","46,200","59,306","71,886","101,611","101,599","102,388","77,172","37,129","17,489","3,059","64","325,090","325,090","23,484","30,182","40,374","57,466","55,465","54,002","39,825","17,096","6,427","755","14","292,813","292,813","22,716","29,124","31,512","44,145","46,134","48,386","37,347","20,033","11,062","2,304","50"
"경기도 송탄출장소 (4122200000)","0","0","0","0","0","0","0","0","0","0","0","0","0","0","0","0","0","0","0","0","0","0","0","0","0","0","0","0","0","0","0","0","0","0","0","0","0","0","0"
"경기도 안중출장소 (4122400000)","0","0","0","0","0","0","0","0","0","0","0","0","0","0","0","0","0","0","0","0","0","0","0","0","0","0","0","0","0","0","0","0","0","0","0","0","0","0","0"
"경기도 동두천시 (4125000000)","85,537","85,537","3,433","7,286","8,212","8,190","10,844","15,500","15,664","9,870","5,592","926","20","42,590","42,590","1,761","3,699","4,386","4,456","5,532","8,072","7,983","4,420","2,021","255","5","42,947","42,947","1,672","3,587","3,826","3,734","5,312","7,428","7,681","5,450","3,571","671","15"
"경기도 안산시 (4127000000)","605,556","605,556","28,435","51,564","78,934","82,599","82,781","117,710","101,925","40,476","17,555","3,472","105","309,701","309,701","14,491","26,387","41,913","45,794","43,337","58,651","52,815","19,265","6,248","780","20","295,855","295,855","13,944","25,177","37,021","36,805","39,444","59,059","49,110","21,211","11,307","2,692","85"
"경기도 안산시 상록구 (4127100000)","318,682","318,682","13,481","27,525","42,655","40,816","42,858","63,237","54,226","21,706","10,177","1,945","56","162,533","162,533","6,877","14,018","22,758","22,698","22,310","31,422","28,174","10,221","3,578","468","9","156,149","156,149","6,604","13,507","19,897","18,118","20,548","31,815","26,052","11,485","6,599","1,477","47"
"경기도 안산시 단원구 (4127300000)","286,874","286,874","14,954","24,039","36,279","41,783","39,923","54,473","47,699","18,770","7,378","1,527","49","147,168","147,168","7,614","12,369","19,155","23,096","21,027","27,229","24,641","9,044","2,670","312","11","139,706","139,706","7,340","11,670","17,124","18,687","18,896","27,244","23,058","9,726","4,708","1,215","38"
"경기도 고양시 (4128000000)","1,051,023","1,051,023","59,756","94,665","115,457","143,458","154,978","191,419","162,898","78,266","41,692","8,268","166","510,727","510,727","30,587","48,155","57,619","71,939","76,174","92,303","80,317","36,053","15,230","2,318","32","540,296","540,296","29,169","46,510","57,838","71,519","78,804","99,116","82,581","42,213","26,462","5,950","134"
"경기도 고양시 덕양구 (4128100000)","480,355","480,355","29,917","40,369","49,583","69,925","73,003","82,768","73,608","38,115","19,470","3,520","77","235,039","235,039","15,355","20,472","24,819","35,054","36,734","40,694","36,318","17,446","7,192","940","15","245,316","245,316","14,562","19,897","24,764","34,871","36,269","42,074","37,290","20,669","12,278","2,580","62"
"경기도 고양시 일산동구 (4128500000)","296,086","296,086","16,206","26,560","34,395","41,138","43,131","54,885","45,802","20,521","10,938","2,462","48","143,329","143,329","8,259","13,585","16,809","20,548","21,009","26,221","22,620","9,622","3,957","689","10","152,757","152,757","7,947","12,975","17,586","20,590","22,122","28,664","23,182","10,899","6,981","1,773","38"
"경기도 고양시 일산서구 (4128700000)","274,582","274,582","13,633","27,736","31,479","32,395","38,844","53,766","43,488","19,630","11,284","2,286","41","132,359","132,359","6,973","14,098","15,991","16,337","18,431","25,388","21,379","8,985","4,081","689","7","142,223","142,223","6,660","13,638","15,488","16,058","20,413","28,378","22,109","10,645","7,203","1,597","34"
"경기도 과천시 (4129000000)","80,608","80,608","8,089","8,316","8,116","12,538","13,032","11,771","10,617","5,150","2,402","560","17","39,264","39,264","4,131","4,234","4,077","6,021","6,460","5,599","5,172","2,448","957","162","3","41,344","41,344","3,958","4,082","4,039","6,517","6,572","6,172","5,445","2,702","1,445","398","14"
"경기도 구리시 (4131000000)","187,164","187,164","10,066","16,046","20,953","26,553","27,688","32,973","30,228","15,184","6,497","956","20","92,568","92,568","5,191","8,236","10,534","13,757","14,028","15,973","14,934","7,073","2,569","266","7","94,596","94,596","4,875","7,810","10,419","12,796","13,660","17,000","15,294","8,111","3,928","690","13"
"경기도 남양주시 (4136000000)","724,303","724,303","44,391","78,339","74,476","83,889","117,127","129,416","104,875","60,288","27,021","4,356","125","357,468","357,468","22,737","40,057","38,339","42,409","57,537","64,925","51,992","27,718","10,605","1,124","25","366,835","366,835","21,654","38,282","36,137","41,480","59,590","64,491","52,883","32,570","16,416","3,232","100"
"경기도 풍양출장소 (4136200000)","0","0","0","0","0","0","0","0","0","0","0","0","0","0","0","0","0","0","0","0","0","0","0","0","0","0","0","0","0","0","0","0","0","0","0","0","0","0","0"
"경기도 오산시 (4137000000)","253,712","253,712","17,984","27,457","28,674","41,181","46,818","41,914","29,025","13,756","5,958","920","25","132,314","132,314","9,284","14,030","15,595","22,958","25,247","21,814","14,586","6,365","2,203","230","2","121,398","121,398","8,700","13,427","13,079","18,223","21,571","20,100","14,439","7,391","3,755","690","23"
"경기도 시흥시 (4139000000)","512,758","512,758","36,807","52,068","56,076","73,558","87,882","91,595","71,843","28,576","12,052","2,232","69","266,537","266,537","18,766","26,602","30,363","39,558","46,930","47,666","38,107","13,767","4,317","449","12","246,221","246,221","18,041","25,466","25,713","34,000","40,952","43,929","33,736","14,809","7,735","1,783","57"
"경기도 군포시 (4141000000)","248,228","248,228","11,768","21,814","28,810","33,884","34,540","44,334","41,551","20,218","9,287","1,984","38","122,902","122,902","5,992","11,299","15,124","18,133","17,361","21,384","20,064","9,541","3,464","529","11","125,326","125,326","5,776","10,515","13,686","15,751","17,179","22,950","21,487","10,677","5,823","1,455","27"
"경기도 의왕시 (4143000000)","165,036","165,036","11,669","13,459","17,419","25,757","22,779","27,032","27,165","13,243","5,386","1,092","35","81,414","81,414","6,036","6,843","8,988","13,154","11,670","12,751","13,129","6,428","2,156","254","5","83,622","83,622","5,633","6,616","8,431","12,603","11,109","14,281","14,036","6,815","3,230","838","30"
"경기도 하남시 (4145000000)","326,217","326,217","25,374","34,008","32,209","48,440","59,084","49,754","42,397","24,937","8,518","1,453","43","161,694","161,694","13,190","17,058","15,940","23,912","29,814","25,345","20,501","11,999","3,588","343","4","164,523","164,523","12,184","16,950","16,269","24,528","29,270","24,409","21,896","12,938","4,930","1,110","39"
"경기도 용인시 (4146000000)","1,085,460","1,085,460","70,427","121,617","124,398","137,932","176,980","191,363","134,846","80,386","40,548","6,808","155","537,718","537,718","35,857","62,037","65,140","70,527","86,877","95,039","66,986","35,903","17,166","2,155","31","547,742","547,742","34,570","59,580","59,258","67,405","90,103","96,324","67,860","44,483","23,382","4,653","124"
"경기도 용인시 처인구 (4146100000)","286,304","286,304","17,522","28,002","32,021","37,604","44,002","49,542","43,232","22,619","9,862","1,863","35","146,515","146,515","8,908","14,370","17,549","20,329","23,068","25,430","21,876","10,737","3,763","479","6","139,789","139,789","8,614","13,632","14,472","17,275","20,934","24,112","21,356","11,882","6,099","1,384","29"
"경기도 용인시 기흥구 (4146300000)","432,384","432,384","26,070","48,190","52,173","52,794","68,845","79,823","52,554","32,063","16,944","2,857","71","212,781","212,781","13,326","24,642","27,288","27,129","33,294","39,092","25,785","14,072","7,186","951","16","219,603","219,603","12,744","23,548","24,885","25,665","35,551","40,731","26,769","17,991","9,758","1,906","55"
"경기도 용인시 수지구 (4146500000)","366,772","366,772","26,835","45,425","40,204","47,534","64,133","61,998","39,060","25,704","13,742","2,088","49","178,422","178,422","13,623","23,025","20,303","23,069","30,515","30,517","19,325","11,094","6,217","725","9","188,350","188,350","13,212","22,400","19,901","24,465","33,618","31,481","19,735","14,610","7,525","1,363","40"
"경기도 파주시 (4148000000)","532,338","532,338","38,108","55,963","54,323","74,361","88,147","89,644","70,990","37,485","19,692","3,550","75","267,700","267,700","19,439","28,489","28,693","38,191","45,761","45,833","35,797","17,164","7,386","929","18","264,638","264,638","18,669","27,474","25,630","36,170","42,386","43,811","35,193","20,321","12,306","2,621","57"
"경기도 이천시 (4150000000)","225,193","225,193","13,356","22,704","26,299","31,592","33,248","36,890","34,024","17,549","8,027","1,469","35","117,666","117,666","6,964","11,701","15,041","17,906","17,495","19,091","17,483","8,487","3,096","393","9","107,527","107,527","6,392","11,003","11,258","13,686","15,753","17,799","16,541","9,062","4,931","1,076","26"
"경기도 안성시 (4155000000)","198,626","198,626","10,194","18,064","21,867","23,781","28,842","34,303","32,434","18,473","8,880","1,747","41","102,768","102,768","5,297","9,289","11,982","13,424","15,568","17,996","16,606","8,846","3,337","417","6","95,858","95,858","4,897","8,775","9,885","10,357","13,274","16,307","15,828","9,627","5,543","1,330","35"
"경기도 김포시 (4157000000)","481,874","481,874","35,740","56,665","45,234","61,286","90,049","76,656","62,173","36,065","15,376","2,573","57","240,160","240,160","18,444","28,746","23,034","30,560","45,281","39,504","30,841","16,735","6,332","672","11","241,714","241,714","17,296","27,919","22,200","30,726","44,768","37,152","31,332","19,330","9,044","1,901","46"
"경기도 화성시 (4159000000)","997,198","997,198","88,010","118,438","108,076","165,500","186,123","153,421","105,053","48,825","19,875","3,799","78","516,378","516,378","44,961","60,272","57,679","88,187","97,205","81,243","54,761","23,501","7,653","908","8","480,820","480,820","43,049","58,166","50,397","77,313","88,918","72,178","50,292","25,324","12,222","2,891","70"
"경기도 화성시 만세구 (4159100000)","233,685","233,685","15,414","23,253","23,149","31,567","39,293","39,499","35,055","17,069","7,737","1,619","30","127,363","127,363","7,887","11,934","13,452","18,388","21,998","22,556","19,195","8,610","2,941","397","5","106,322","106,322","7,527","11,319","9,697","13,179","17,295","16,943","15,860","8,459","4,796","1,222","25"
"경기도 화성시 효행구 (4159300000)","160,362","160,362","13,410","15,649","16,527","25,969","26,284","25,835","20,967","10,415","4,378","900","28","82,646","82,646","6,754","7,865","8,636","13,817","14,043","13,642","10,959","5,072","1,673","183","2","77,716","77,716","6,656","7,784","7,891","12,152","12,241","12,193","10,008","5,343","2,705","717","26"
"경기도 화성시 병점구 (4159500000)","174,595","174,595","14,211","18,506","21,974","29,501","30,777","27,737","18,731","8,990","3,601","558","9","90,271","90,271","7,310","9,521","11,992","16,181","16,206","14,114","9,298","4,119","1,383","146","1","84,324","84,324","6,901","8,985","9,982","13,320","14,571","13,623","9,433","4,871","2,218","412","8"
"경기도 화성시 동탄구 (4159700000)","428,556","428,556","44,975","61,030","46,426","78,463","89,769","60,350","30,300","12,351","4,159","722","11","216,098","216,098","23,010","30,952","23,599","39,801","44,958","30,931","15,309","5,700","1,656","182","0","212,458","212,458","21,965","30,078","22,827","38,662","44,811","29,419","14,991","6,651","2,503","540","11"
"경기도 광주시 (4161000000)","398,659","398,659","25,931","36,510","37,615","51,509","66,843","70,143","62,416","32,904","12,691","2,046","51","202,794","202,794","13,202","18,716","19,896","27,082","35,025","36,027","31,132","15,958","5,224","521","11","195,865","195,865","12,729","17,794","17,719","24,427","31,818","34,116","31,284","16,946","7,467","1,525","40"
"경기도 양주시 (4163000000)","296,240","296,240","22,169","29,181","30,129","40,009","46,274","49,973","42,039","23,470","11,005","1,939","52","148,666","148,666","11,361","14,675","15,818","20,593","23,775","25,332","21,246","11,011","4,330","515","10","147,574","147,574","10,808","14,506","14,311","19,416","22,499","24,641","20,793","12,459","6,675","1,424","42"
"경기도 포천시 (4165000000)","139,891","139,891","5,458","9,625","13,616","13,993","15,141","25,435","31,015","15,978","8,028","1,551","51","74,011","74,011","2,869","5,080","7,744","8,027","8,251","13,671","16,880","8,114","2,999","365","11","65,880","65,880","2,589","4,545","5,872","5,966","6,890","11,764","14,135","7,864","5,029","1,186","40"
"경기도 여주시 (4167000000)","113,029","113,029","5,009","8,808","9,477","11,184","14,242","19,707","22,828","14,045","6,448","1,255","26","57,618","57,618","2,536","4,654","5,181","6,115","7,342","10,138","11,780","6,978","2,578","314","2","55,411","55,411","2,473","4,154","4,296","5,069","6,900","9,569","11,048","7,067","3,870","941","24"
"경기도 연천군 (4180000000)","42,909","42,909","1,823","2,775","4,383","4,232","4,199","6,386","9,204","5,974","3,314","609","10","22,537","22,537","922","1,434","2,712","2,507","2,280","3,458","4,825","2,965","1,254","178","2","20,372","20,372","901","1,341","1,671","1,725","1,919","2,928","4,379","3,009","2,060","431","8"
"경기도 가평군 (4182000000)","61,762","61,762","2,395","4,036","5,110","5,337","6,679","10,210","13,853","8,991","4,334","792","25","31,733","31,733","1,227","2,057","2,861","2,977","3,533","5,402","7,221","4,466","1,786","196","7","30,029","30,029","1,168","1,979","2,249","2,360","3,146","4,808","6,632","4,525","2,548","596","18"
"경기도 양평군 (4183000000)","126,377","126,377","5,399","10,007","8,716","10,380","14,893","20,898","27,800","18,343","8,291","1,614","36","63,632","63,632","2,780","5,297","4,898","5,446","7,392","10,677","14,042","9,105","3,579","415","1","62,745","62,745","2,619","4,710","3,818","4,934","7,501","10,221","13,758","9,238","4,712","1,199","35"
"강원특별자치도  (5100000000)","1,502,270","1,502,270","78,708","124,388","144,623","158,807","191,223","253,043","280,913","166,128","88,270","15,716","451","755,516","755,516","40,183","64,319","81,073","85,520","97,478","130,133","141,048","78,744","33,261","3,667","90","746,754","746,754","38,525","60,069","63,550","73,287","93,745","122,910","139,865","87,384","55,009","12,049","361"
"동해출장소  (5110500000)","0","0","0","0","0","0","0","0","0","0","0","0","0","0","0","0","0","0","0","0","0","0","0","0","0","0","0","0","0","0","0","0","0","0","0","0","0","0","0"
"강원특별자치도 춘천시 (5111000000)","283,790","283,790","16,827","25,542","34,266","34,838","38,071","45,575","45,351","25,927","14,606","2,726","61","139,709","139,709","8,564","13,153","18,277","18,192","18,907","22,575","22,003","11,900","5,468","650","20","144,081","144,081","8,263","12,389","15,989","16,646","19,164","23,000","23,348","14,027","9,138","2,076","41"
"강원특별자치도 원주시 (5113000000)","363,895","363,895","23,326","34,438","37,909","47,373","53,083","61,731","58,741","29,523","14,904","2,811","56","180,091","180,091","11,897","17,559","20,322","24,484","26,393","30,316","28,977","13,891","5,582","659","11","183,804","183,804","11,429","16,879","17,587","22,889","26,690","31,415","29,764","15,632","9,322","2,152","45"
"강원특별자치도 강릉시 (5115000000)","204,945","204,945","9,869","16,320","19,689","20,607","26,444","35,899","37,416","23,790","12,537","2,305","69","101,574","101,574","5,120","8,527","10,957","11,068","13,412","18,259","18,123","10,820","4,716","565","7","103,371","103,371","4,749","7,793","8,732","9,539","13,032","17,640","19,293","12,970","7,821","1,740","62"
"강원특별자치도 동해시 (5117000000)","85,315","85,315","4,454","7,775","7,246","8,033","11,587","15,633","15,177","9,783","4,840","768","19","43,223","43,223","2,276","4,055","4,271","4,466","5,927","8,199","7,427","4,559","1,864","177","2","42,092","42,092","2,178","3,720","2,975","3,567","5,660","7,434","7,750","5,224","2,976","591","17"
"강원특별자치도 태백시 (5119000000)","36,664","36,664","1,384","3,150","2,574","2,674","4,658","6,545","7,308","5,414","2,594","349","14","18,551","18,551","712","1,672","1,484","1,506","2,404","3,611","3,721","2,416","948","74","3","18,113","18,113","672","1,478","1,090","1,168","2,254","2,934","3,587","2,998","1,646","275","11"
"강원특별자치도 속초시 (5121000000)","78,645","78,645","4,026","6,499","6,535","8,605","10,479","14,051","15,035","8,644","4,051","698","22","38,854","38,854","2,103","3,280","3,627","4,768","5,309","6,894","7,252","3,941","1,500","175","5","39,791","39,791","1,923","3,219","2,908","3,837","5,170","7,157","7,783","4,703","2,551","523","17"
"강원특별자치도 삼척시 (5123000000)","59,985","59,985","2,646","4,515","5,699","4,577","6,688","10,297","12,104","8,060","4,475","896","28","30,677","30,677","1,363","2,336","3,312","2,509","3,572","5,771","6,198","3,832","1,565","215","4","29,308","29,308","1,283","2,179","2,387","2,068","3,116","4,526","5,906","4,228","2,910","681","24"
"강원특별자치도 홍천군 (5172000000)","65,616","65,616","2,639","4,303","4,648","5,369","6,572","10,454","16,009","9,652","4,941","996","33","33,830","33,830","1,331","2,183","2,774","3,073","3,441","5,538","8,366","4,995","1,904","216","9","31,786","31,786","1,308","2,120","1,874","2,296","3,131","4,916","7,643","4,657","3,037","780","24"
"강원특별자치도 횡성군 (5173000000)","45,373","45,373","1,493","3,180","2,726","2,767","4,113","7,257","12,001","7,324","3,797","698","17","23,511","23,511","780","1,706","1,563","1,517","2,210","3,888","6,329","3,815","1,541","162","0","21,862","21,862","713","1,474","1,163","1,250","1,903","3,369","5,672","3,509","2,256","536","17"
"강원특별자치도 영월군 (5175000000)","35,545","35,545","1,145","2,367","2,270","2,190","3,480","6,019","8,814","5,657","3,071","521","11","18,437","18,437","612","1,307","1,329","1,209","1,837","3,302","4,733","2,834","1,144","127","3","17,108","17,108","533","1,060","941","981","1,643","2,717","4,081","2,823","1,927","394","8"
"강원특별자치도 평창군 (5176000000)","39,726","39,726","1,180","2,451","2,626","2,492","3,931","7,043","10,138","6,217","3,156","474","18","20,634","20,634","566","1,273","1,582","1,411","2,100","3,824","5,369","3,124","1,277","106","2","19,092","19,092","614","1,178","1,044","1,081","1,831","3,219","4,769","3,093","1,879","368","16"
"강원특별자치도 정선군 (5177000000)","35,054","35,054","1,005","2,061","2,383","2,295","3,885","6,601","8,459","5,228","2,710","400","27","18,438","18,438","480","1,070","1,330","1,325","2,222","3,809","4,546","2,556","1,003","90","7","16,616","16,616","525","991","1,053","970","1,663","2,792","3,913","2,672","1,707","310","20"
"강원특별자치도 철원군 (5178000000)","39,575","39,575","2,197","2,987","3,921","4,091","4,354","6,095","7,673","4,829","3,001","411","16","20,415","20,415","1,095","1,554","2,470","2,382","2,262","3,267","3,979","2,182","1,121","102","1","19,160","19,160","1,102","1,433","1,451","1,709","2,092","2,828","3,694","2,647","1,880","309","15"
"강원특별자치도 화천군 (5179000000)","22,717","22,717","1,203","1,608","2,815","2,508","2,212","3,297","4,508","2,617","1,655","278","16","12,199","12,199","584","814","1,859","1,543","1,191","1,764","2,448","1,312","621","58","5","10,518","10,518","619","794","956","965","1,021","1,533","2,060","1,305","1,034","220","11"
"강원특별자치도 양구군 (5180000000)","20,338","20,338","1,161","1,832","2,109","2,183","2,241","2,999","4,015","2,207","1,348","241","2","10,710","10,710","577","937","1,358","1,270","1,168","1,626","2,116","1,086","521","51","0","9,628","9,628","584","895","751","913","1,073","1,373","1,899","1,121","827","190","2"
"강원특별자치도 인제군 (5181000000)","30,714","30,714","1,886","2,097","3,281","3,722","3,588","4,539","6,183","3,274","1,814","316","14","16,838","16,838","977","1,123","2,196","2,269","1,966","2,565","3,291","1,671","714","63","3","13,876","13,876","909","974","1,085","1,453","1,622","1,974","2,892","1,603","1,100","253","11"
"강원특별자치도 고성군 (5182000000)","27,121","27,121","1,194","1,589","2,140","2,471","2,758","4,466","5,896","3,820","2,389","383","15","13,893","13,893","596","857","1,299","1,423","1,497","2,434","3,040","1,814","854","74","5","13,228","13,228","598","732","841","1,048","1,261","2,032","2,856","2,006","1,535","309","10"
"강원특별자치도 양양군 (5183000000)","27,252","27,252","1,073","1,674","1,786","2,012","3,079","4,542","6,085","4,162","2,381","445","13","13,932","13,932","550","913","1,063","1,105","1,660","2,491","3,130","1,996","918","103","3","13,320","13,320","523","761","723","907","1,419","2,051","2,955","2,166","1,463","342","10"
"충청북도  (4300000000)","1,596,845","1,596,845","91,009","142,894","164,374","194,377","218,998","268,719","271,865","153,978","75,663","14,661","307","814,001","814,001","46,746","73,602","90,925","107,756","114,376","137,819","138,162","73,390","27,800","3,380","45","782,844","782,844","44,263","69,292","73,449","86,621","104,622","130,900","133,703","80,588","47,863","11,281","262"
"충청북도 청주시 (4311000000)","857,536","857,536","57,349","84,435","101,171","123,830","129,240","141,546","122,072","63,499","28,840","5,447","107","433,657","433,657","29,316","43,242","54,869","67,778","66,596","70,466","60,123","29,424","10,554","1,275","14","423,879","423,879","28,033","41,193","46,302","56,052","62,644","71,080","61,949","34,075","18,286","4,172","93"
"충청북도 청주시 상당구 (4311100000)","192,375","192,375","12,390","19,418","19,127","23,648","28,270","33,128","30,608","16,552","7,758","1,447","29","95,442","95,442","6,270","10,013","10,248","12,351","14,246","16,308","15,113","7,722","2,821","345","5","96,933","96,933","6,120","9,405","8,879","11,297","14,024","16,820","15,495","8,830","4,937","1,102","24"
"충청북도 청주시 서원구 (4311200000)","187,267","187,267","9,814","17,186","24,412","23,083","24,773","33,354","29,777","16,144","7,360","1,333","31","93,260","93,260","5,062","8,786","13,143","12,611","12,471","16,199","14,541","7,342","2,775","327","3","94,007","94,007","4,752","8,400","11,269","10,472","12,302","17,155","15,236","8,802","4,585","1,006","28"
"충청북도 청주시 흥덕구 (4311300000)","292,277","292,277","22,977","27,826","35,910","50,538","45,800","46,115","37,056","17,449","7,165","1,413","28","149,212","149,212","11,668","14,264","19,469","27,694","23,851","22,964","18,178","8,185","2,600","336","3","143,065","143,065","11,309","13,562","16,441","22,844","21,949","23,151","18,878","9,264","4,565","1,077","25"
"충청북도 청주시 청원구 (4311400000)","185,617","185,617","12,168","20,005","21,722","26,561","30,397","28,949","24,631","13,354","6,557","1,254","19","95,743","95,743","6,316","10,179","12,009","15,122","16,028","14,995","12,291","6,175","2,358","267","3","89,874","89,874","5,852","9,826","9,713","11,439","14,369","13,954","12,340","7,179","4,199","987","16"
"충청북도 충주시 (4313000000)","205,247","205,247","10,426","17,225","19,639","22,380","26,772","35,380","37,964","21,834","11,376","2,200","51","104,161","104,161","5,408","8,875","11,152","12,703","13,899","17,925","19,241","10,253","4,182","509","14","101,086","101,086","5,018","8,350","8,487","9,677","12,873","17,455","18,723","11,581","7,194","1,691","37"
"충청북도 제천시 (4315000000)","127,746","127,746","5,820","10,842","12,633","11,328","14,834","21,964","25,411","15,835","7,739","1,307","33","64,481","64,481","3,052","5,550","7,029","6,291","7,717","11,247","12,762","7,615","2,910","307","1","63,265","63,265","2,768","5,292","5,604","5,037","7,117","10,717","12,649","8,220","4,829","1,000","32"
"충청북도 보은군 (4372000000)","31,420","31,420","953","1,777","1,867","1,904","2,742","4,884","8,032","5,394","3,080","775","12","16,014","16,014","495","931","1,088","1,077","1,487","2,697","4,306","2,671","1,088","172","2","15,406","15,406","458","846","779","827","1,255","2,187","3,726","2,723","1,992","603","10"
"충청북도 옥천군 (4373000000)","50,549","50,549","1,645","3,490","3,817","3,476","5,218","8,681","11,464","7,847","3,987","905","19","25,704","25,704","845","1,839","2,178","1,894","2,712","4,593","6,068","3,904","1,436","230","5","24,845","24,845","800","1,651","1,639","1,582","2,506","4,088","5,396","3,943","2,551","675","14"
"충청북도 영동군 (4374000000)","42,929","42,929","1,257","2,687","2,831","2,610","3,754","7,267","10,429","7,162","4,141","775","16","21,701","21,701","645","1,409","1,574","1,459","2,011","4,012","5,425","3,478","1,499","187","2","21,228","21,228","612","1,278","1,257","1,151","1,743","3,255","5,004","3,684","2,642","588","14"
"충청북도 증평군 (4374500000)","36,658","36,658","2,141","3,400","3,491","4,473","5,201","6,157","6,141","3,583","1,740","325","6","19,101","19,101","1,088","1,758","2,065","2,510","2,839","3,292","3,142","1,706","630","70","1","17,557","17,557","1,053","1,642","1,426","1,963","2,362","2,865","2,999","1,877","1,110","255","5"
"충청북도 진천군 (4375000000)","85,388","85,388","5,542","8,400","7,238","10,621","13,576","14,601","13,670","7,184","3,735","804","17","45,181","45,181","2,895","4,337","4,198","6,072","7,352","8,005","7,326","3,495","1,347","153","1","40,207","40,207","2,647","4,063","3,040","4,549","6,224","6,596","6,344","3,689","2,388","651","16"
"충청북도 괴산군 (4376000000)","37,187","37,187","1,005","1,730","2,080","2,087","3,064","6,106","10,273","6,604","3,535","689","14","19,293","19,293","526","884","1,231","1,176","1,696","3,386","5,541","3,389","1,310","153","1","17,894","17,894","479","846","849","911","1,368","2,720","4,732","3,215","2,225","536","13"
"충청북도 음성군 (4377000000)","95,694","95,694","4,167","7,417","8,113","10,119","12,302","17,651","19,211","10,468","5,165","1,056","25","51,147","51,147","2,127","3,970","4,669","5,922","6,827","9,750","10,449","5,208","1,981","240","4","44,547","44,547","2,040","3,447","3,444","4,197","5,475","7,901","8,762","5,260","3,184","816","21"
"충청북도 단양군 (4380000000)","26,491","26,491","704","1,491","1,494","1,549","2,295","4,482","7,198","4,568","2,325","378","7","13,561","13,561","349","807","872","874","1,240","2,446","3,779","2,247","863","84","0","12,930","12,930","355","684","622","675","1,055","2,036","3,419","2,321","1,462","294","7"
"충청남도  (4400000000)","2,132,742","2,132,742","122,578","202,435","207,811","251,409","310,280","351,963","341,648","211,494","108,425","24,239","460","1,094,972","1,094,972","62,805","104,518","114,817","138,212","165,574","186,397","175,436","101,101","40,109","5,929","74","1,037,770","1,037,770","59,773","97,917","92,994","113,197","144,706","165,566","166,212","110,393","68,316","18,310","386"
"충청남도 천안시 (4413000000)","664,113","664,113","42,381","68,051","84,085","98,098","108,361","111,179","88,099","41,899","18,284","3,615","61","340,369","340,369","21,735","34,830","44,827","53,319","57,175","56,401","44,675","19,824","6,755","819","9","323,744","323,744","20,646","33,221","39,258","44,779","51,186","54,778","43,424","22,075","11,529","2,796","52"
"충청남도 천안시 동남구 (4413100000)","262,794","262,794","14,168","25,000","32,264","33,084","38,507","45,924","41,192","21,255","9,433","1,933","34","133,048","133,048","7,237","12,768","17,044","17,979","19,965","23,259","20,686","10,114","3,552","438","6","129,746","129,746","6,931","12,232","15,220","15,105","18,542","22,665","20,506","11,141","5,881","1,495","28"
"충청남도 천안시 서북구 (4413300000)","401,319","401,319","28,213","43,051","51,821","65,014","69,854","65,255","46,907","20,644","8,851","1,682","27","207,321","207,321","14,498","22,062","27,783","35,340","37,210","33,142","23,989","9,710","3,203","381","3","193,998","193,998","13,715","20,989","24,038","29,674","32,644","32,113","22,918","10,934","5,648","1,301","24"
"충청남도 공주시 (4415000000)","99,357","99,357","3,408","7,784","10,001","7,872","10,732","16,052","20,462","13,951","7,306","1,748","41","49,562","49,562","1,783","4,020","5,023","4,372","5,622","8,353","10,378","6,855","2,698","448","10","49,795","49,795","1,625","3,764","4,978","3,500","5,110","7,699","10,084","7,096","4,608","1,300","31"
"충청남도 보령시 (4418000000)","90,915","90,915","3,727","6,867","6,673","7,337","10,800","15,598","18,327","13,352","6,782","1,414","38","46,090","46,090","1,905","3,532","3,816","4,131","5,884","8,403","9,362","6,195","2,542","315","5","44,825","44,825","1,822","3,335","2,857","3,206","4,916","7,195","8,965","7,157","4,240","1,099","33"
"충청남도 아산시 (4420000000)","363,241","363,241","28,350","41,293","37,405","52,685","64,721","56,805","44,010","24,073","11,530","2,333","36","189,363","189,363","14,479","21,308","20,837","28,359","34,860","30,510","22,894","11,244","4,303","562","7","173,878","173,878","13,871","19,985","16,568","24,326","29,861","26,295","21,116","12,829","7,227","1,771","29"
"충청남도 서산시 (4421000000)","170,687","170,687","9,963","16,591","14,935","19,226","24,598","29,596","27,596","16,924","8,942","2,271","45","89,344","89,344","5,126","8,624","9,022","11,178","13,146","15,813","14,204","8,229","3,428","569","5","81,343","81,343","4,837","7,967","5,913","8,048","11,452","13,783","13,392","8,695","5,514","1,702","40"
"충청남도 논산시 (4423000000)","105,533","105,533","4,513","8,121","8,133","8,931","11,807","17,634","21,222","15,066","8,194","1,874","38","53,008","53,008","2,340","4,218","4,566","4,921","6,172","9,446","10,843","7,156","2,910","430","6","52,525","52,525","2,173","3,903","3,567","4,010","5,635","8,188","10,379","7,910","5,284","1,444","32"
"충청남도 계룡시 (4425000000)","45,883","45,883","3,221","5,996","4,324","5,263","7,745","8,311","6,202","3,252","1,275","289","5","22,793","22,793","1,644","3,106","2,435","2,723","3,765","4,069","2,971","1,562","453","63","2","23,090","23,090","1,577","2,890","1,889","2,540","3,980","4,242","3,231","1,690","822","226","3"
"충청남도 당진시 (4427000000)","172,024","172,024","11,013","16,979","13,685","20,359","27,314","28,949","27,000","16,194","8,579","1,917","35","92,512","92,512","5,617","8,820","8,112","11,850","15,386","16,452","14,596","7,884","3,281","508","6","79,512","79,512","5,396","8,159","5,573","8,509","11,928","12,497","12,404","8,310","5,298","1,409","29"
"충청남도 금산군 (4471000000)","48,716","48,716","1,447","3,906","3,060","2,891","4,756","8,295","11,167","7,868","4,422","886","18","24,798","24,798","723","2,076","1,777","1,555","2,492","4,575","5,918","3,887","1,559","234","2","23,918","23,918","724","1,830","1,283","1,336","2,264","3,720","5,249","3,981","2,863","652","16"
"충청남도 부여군 (4476000000)","57,573","57,573","1,502","3,716","3,441","3,340","5,268","8,971","13,126","10,472","6,172","1,528","37","28,682","28,682","793","1,996","1,932","1,821","2,873","4,872","6,723","5,000","2,283","382","7","28,891","28,891","709","1,720","1,509","1,519","2,395","4,099","6,403","5,472","3,889","1,146","30"
"충청남도 서천군 (4477000000)","46,494","46,494","1,311","2,740","2,671","2,684","4,150","7,339","10,350","8,824","5,147","1,261","17","23,156","23,156","667","1,413","1,526","1,512","2,293","4,017","5,370","4,167","1,874","315","2","23,338","23,338","644","1,327","1,145","1,172","1,857","3,322","4,980","4,657","3,273","946","15"
"충청남도 청양군 (4479000000)","29,959","29,959","794","1,881","2,207","1,737","2,507","4,627","7,099","5,191","3,116","791","9","15,419","15,419","395","1,003","1,318","981","1,424","2,630","3,733","2,595","1,117","220","3","14,540","14,540","399","878","889","756","1,083","1,997","3,366","2,596","1,999","571","6"
"충청남도 홍성군 (4480000000)","101,501","101,501","6,003","9,508","8,220","10,688","13,275","16,274","17,233","12,094","6,578","1,603","25","50,855","50,855","3,080","4,881","4,501","5,780","6,760","8,651","8,709","5,724","2,342","423","4","50,646","50,646","2,923","4,627","3,719","4,908","6,515","7,623","8,524","6,370","4,236","1,180","21"
"충청남도 예산군 (4481000000)","77,939","77,939","3,135","5,375","5,250","6,467","8,224","12,665","16,305","12,217","6,758","1,509","34","39,189","39,189","1,584","2,838","2,951","3,477","4,418","6,910","8,273","5,864","2,492","379","3","38,750","38,750","1,551","2,537","2,299","2,990","3,806","5,755","8,032","6,353","4,266","1,130","31"
"충청남도 태안군 (4482500000)","58,807","58,807","1,810","3,627","3,721","3,831","6,022","9,668","13,450","10,117","5,340","1,200","21","29,832","29,832","934","1,853","2,174","2,233","3,304","5,295","6,787","4,915","2,072","262","3","28,975","28,975","876","1,774","1,547","1,598","2,718","4,373","6,663","5,202","3,268","938","18"
"전북특별자치도  (5200000000)","1,713,026","1,713,026","84,627","157,693","167,178","172,384","222,047","294,548","293,478","195,875","103,364","21,367","465","853,414","853,414","43,202","81,387","90,760","90,877","113,293","152,417","147,932","91,355","37,122","5,012","57","859,612","859,612","41,425","76,306","76,418","81,507","108,754","142,131","145,546","104,520","66,242","16,355","408"
"전북특별자치도 전주시 (5211000000)","618,211","618,211","35,237","65,545","74,310","73,992","89,988","106,381","88,895","54,346","24,925","4,505","87","302,976","302,976","18,000","33,574","39,093","38,452","44,272","52,240","42,186","24,387","9,577","1,184","11","315,235","315,235","17,237","31,971","35,217","35,540","45,716","54,141","46,709","29,959","15,348","3,321","76"
"전북특별자치도 전주시 완산구 (5211100000)","312,068","312,068","15,305","30,758","37,654","36,236","42,646","55,183","48,574","29,854","13,280","2,526","52","151,074","151,074","7,861","15,791","19,625","18,862","20,761","26,411","22,679","13,438","5,016","623","7","160,994","160,994","7,444","14,967","18,029","17,374","21,885","28,772","25,895","16,416","8,264","1,903","45"
"전북특별자치도 전주시 덕진구 (5211300000)","306,143","306,143","19,932","34,787","36,656","37,756","47,342","51,198","40,321","24,492","11,645","1,979","35","151,902","151,902","10,139","17,783","19,468","19,590","23,511","25,829","19,507","10,949","4,561","561","4","154,241","154,241","9,793","17,004","17,188","18,166","23,831","25,369","20,814","13,543","7,084","1,418","31"
"전북특별자치도 군산시 (5213000000)","254,737","254,737","13,342","24,942","23,415","25,740","37,247","45,269","42,022","27,868","12,566","2,277","49","129,251","129,251","6,714","12,860","13,141","13,838","19,402","23,784","21,167","13,086","4,698","557","4","125,486","125,486","6,628","12,082","10,274","11,902","17,845","21,485","20,855","14,782","7,868","1,720","45"
"전북특별자치도 익산시 (5214000000)","265,649","265,649","12,454","24,394","28,006","27,376","33,623","46,790","46,314","29,500","14,281","2,857","54","132,024","132,024","6,296","12,448","15,183","14,689","17,166","23,644","23,073","13,773","5,098","648","6","133,625","133,625","6,158","11,946","12,823","12,687","16,457","23,146","23,241","15,727","9,183","2,209","48"
"전북특별자치도 정읍시 (5218000000)","100,392","100,392","4,062","7,980","7,886","7,962","11,243","17,634","19,384","13,733","8,520","1,950","38","50,167","50,167","2,116","4,166","4,435","4,278","5,818","9,445","10,199","6,306","2,968","431","5","50,225","50,225","1,946","3,814","3,451","3,684","5,425","8,189","9,185","7,427","5,552","1,519","33"
"전북특별자치도 남원시 (5219000000)","73,585","73,585","3,102","5,875","5,282","5,400","7,887","13,042","14,286","10,699","6,445","1,525","42","36,193","36,193","1,588","3,129","2,934","2,851","3,961","6,844","7,379","4,997","2,180","323","7","37,392","37,392","1,514","2,746","2,348","2,549","3,926","6,198","6,907","5,702","4,265","1,202","35"
"전북특별자치도 김제시 (5221000000)","81,480","81,480","3,476","5,545","6,122","6,979","8,523","13,083","16,404","12,162","7,310","1,835","41","40,882","40,882","1,774","2,866","3,428","3,667","4,673","7,306","8,562","5,730","2,469","399","8","40,598","40,598","1,702","2,679","2,694","3,312","3,850","5,777","7,842","6,432","4,841","1,436","33"
"전북특별자치도 완주군 (5271000000)","100,163","100,163","5,597","8,630","8,481","11,332","12,983","16,789","17,734","11,447","5,840","1,296","34","51,435","51,435","2,878","4,463","4,726","5,909","6,787","9,107","9,401","5,749","2,113","300","2","48,728","48,728","2,719","4,167","3,755","5,423","6,196","7,682","8,333","5,698","3,727","996","32"
"전북특별자치도 진안군 (5272000000)","24,798","24,798","835","1,464","1,579","1,427","2,073","4,063","5,993","4,176","2,590","580","18","12,677","12,677","440","736","894","709","1,116","2,292","3,315","2,084","947","142","2","12,121","12,121","395","728","685","718","957","1,771","2,678","2,092","1,643","438","16"
"전북특별자치도 무주군 (5273000000)","23,378","23,378","681","1,640","1,519","1,539","2,237","3,949","5,221","3,633","2,419","523","17","11,799","11,799","343","855","837","839","1,208","2,225","2,804","1,728","829","128","3","11,579","11,579","338","785","682","700","1,029","1,724","2,417","1,905","1,590","395","14"
"전북특별자치도 장수군 (5274000000)","21,148","21,148","673","1,436","1,340","1,282","1,994","3,424","4,752","3,576","2,148","512","11","10,680","10,680","344","746","747","668","1,129","1,901","2,554","1,762","695","131","3","10,468","10,468","329","690","593","614","865","1,523","2,198","1,814","1,453","381","8"
"전북특별자치도 임실군 (5275000000)","25,270","25,270","939","1,352","1,423","1,610","2,179","3,875","5,794","4,409","2,975","697","17","13,126","13,126","495","727","834","879","1,269","2,232","3,276","2,198","1,039","175","2","12,144","12,144","444","625","589","731","910","1,643","2,518","2,211","1,936","522","15"
"전북특별자치도 순창군 (5277000000)","27,582","27,582","1,027","1,977","1,989","1,701","2,737","4,611","5,839","4,144","2,921","622","14","13,697","13,697","523","1,033","1,104","854","1,419","2,604","3,148","1,952","912","147","1","13,885","13,885","504","944","885","847","1,318","2,007","2,691","2,192","2,009","475","13"
"전북특별자치도 고창군 (5279000000)","49,858","49,858","1,662","3,843","2,942","3,119","4,677","7,951","10,569","8,291","5,588","1,185","31","25,067","25,067","857","2,183","1,714","1,639","2,572","4,503","5,517","3,914","1,926","239","3","24,791","24,791","805","1,660","1,228","1,480","2,105","3,448","5,052","4,377","3,662","946","28"
"전북특별자치도 부안군 (5280000000)","46,775","46,775","1,540","3,070","2,884","2,925","4,656","7,687","10,271","7,891","4,836","1,003","12","23,440","23,440","834","1,601","1,690","1,605","2,501","4,290","5,351","3,689","1,671","208","0","23,335","23,335","706","1,469","1,194","1,320","2,155","3,397","4,920","4,202","3,165","795","12"
"경상북도  (4700000000)","2,488,115","2,488,115","122,893","214,285","212,290","250,238","326,248","426,604","463,542","297,676","144,655","29,116","568","1,259,700","1,259,700","63,164","112,111","121,602","138,331","170,554","220,708","235,828","140,286","50,564","6,469","83","1,228,415","1,228,415","59,729","102,174","90,688","111,907","155,694","205,896","227,714","157,390","94,091","22,647","485"
"경상북도 포항시 (4711000000)","485,806","485,806","27,387","45,883","42,118","54,482","69,362","83,025","87,095","53,488","19,731","3,180","55","245,988","245,988","14,231","23,943","24,278","30,414","35,521","41,624","42,325","25,608","7,365","670","9","239,818","239,818","13,156","21,940","17,840","24,068","33,841","41,401","44,770","27,880","12,366","2,510","46"
"경상북도 포항시 남구 (4711100000)","210,931","210,931","10,294","19,886","18,958","21,557","30,424","36,475","38,411","24,694","8,873","1,339","20","109,330","109,330","5,368","10,399","11,468","12,462","15,981","19,140","18,950","11,888","3,397","275","2","101,601","101,601","4,926","9,487","7,490","9,095","14,443","17,335","19,461","12,806","5,476","1,064","18"
"경상북도 포항시 북구 (4711300000)","274,875","274,875","17,093","25,997","23,160","32,925","38,938","46,550","48,684","28,794","10,858","1,841","35","136,658","136,658","8,863","13,544","12,810","17,952","19,540","22,484","23,375","13,720","3,968","395","7","138,217","138,217","8,230","12,453","10,350","14,973","19,398","24,066","25,309","15,074","6,890","1,446","28"
"경상북도 경주시 (4713000000)","242,142","242,142","11,075","18,552","19,596","23,023","29,579","43,944","48,009","30,758","14,735","2,823","48","121,236","121,236","5,702","9,631","10,987","12,642","15,483","22,482","24,293","14,290","5,112","603","11","120,906","120,906","5,373","8,921","8,609","10,381","14,096","21,462","23,716","16,468","9,623","2,220","37"
"경상북도 김천시 (4715000000)","132,263","132,263","6,909","11,975","10,047","12,799","16,819","21,897","24,844","16,620","8,451","1,867","35","66,684","66,684","3,597","6,521","5,716","7,004","8,799","11,295","12,692","7,734","2,878","445","3","65,579","65,579","3,312","5,454","4,331","5,795","8,020","10,602","12,152","8,886","5,573","1,422","32"
"경상북도 안동시 (4717000000)","151,305","151,305","6,968","13,043","14,794","13,957","17,980","25,037","27,563","19,403","10,425","2,092","43","75,017","75,017","3,613","6,873","7,972","7,581","9,149","12,993","13,738","8,890","3,715","485","8","76,288","76,288","3,355","6,170","6,822","6,376","8,831","12,044","13,825","10,513","6,710","1,607","35"
"경상북도 구미시 (4719000000)","401,590","401,590","26,289","44,650","42,368","56,821","69,120","71,445","55,874","23,775","9,255","1,947","46","207,613","207,613","13,431","23,322","24,986","31,227","35,759","35,346","28,716","11,314","3,088","420","4","193,977","193,977","12,858","21,328","17,382","25,594","33,361","36,099","27,158","12,461","6,167","1,527","42"
"경상북도 영주시 (4721000000)","96,139","96,139","3,930","8,417","7,493","7,380","10,657","16,250","18,897","14,194","7,369","1,514","38","47,817","47,817","2,019","4,530","4,341","4,102","5,485","8,430","9,387","6,485","2,660","372","6","48,322","48,322","1,911","3,887","3,152","3,278","5,172","7,820","9,510","7,709","4,709","1,142","32"
"경상북도 영천시 (4723000000)","93,657","93,657","3,943","5,989","5,867","7,565","9,767","16,043","20,595","14,936","7,525","1,414","13","47,850","47,850","2,024","3,163","3,464","4,126","5,415","8,678","10,852","7,174","2,631","321","2","45,807","45,807","1,919","2,826","2,403","3,439","4,352","7,365","9,743","7,762","4,894","1,093","11"
"경상북도 상주시 (4725000000)","88,907","88,907","3,269","6,746","5,689","5,804","8,911","14,209","19,659","14,402","8,286","1,887","45","43,984","43,984","1,690","3,639","3,275","3,154","4,762","7,537","10,110","6,680","2,708","424","5","44,923","44,923","1,579","3,107","2,414","2,650","4,149","6,672","9,549","7,722","5,578","1,463","40"
"경상북도 문경시 (4728000000)","64,439","64,439","2,328","4,749","4,225","4,311","6,651","10,436","14,064","10,588","5,859","1,199","29","31,726","31,726","1,201","2,511","2,409","2,343","3,473","5,537","7,141","4,888","2,002","218","3","32,713","32,713","1,127","2,238","1,816","1,968","3,178","4,899","6,923","5,700","3,857","981","26"
"경상북도 경산시 (4729000000)","262,395","262,395","13,692","23,205","32,890","30,062","35,677","45,442","42,309","25,627","11,457","2,006","28","131,631","131,631","6,924","11,704","18,051","16,516","18,434","22,710","20,930","11,691","4,214","449","8","130,764","130,764","6,768","11,501","14,839","13,546","17,243","22,732","21,379","13,936","7,243","1,557","20"
"경상북도 의성군 (4773000000)","47,819","47,819","1,265","2,013","1,857","2,588","3,707","6,890","12,293","9,959","5,911","1,316","20","24,080","24,080","673","1,124","1,079","1,488","2,137","3,973","6,524","4,730","2,036","314","2","23,739","23,739","592","889","778","1,100","1,570","2,917","5,769","5,229","3,875","1,002","18"
"경상북도 청송군 (4775000000)","24,400","24,400","714","1,023","1,283","1,613","2,055","3,884","6,124","4,492","2,666","535","11","12,375","12,375","365","519","735","1,006","1,186","2,161","3,201","2,176","898","127","1","12,025","12,025","349","504","548","607","869","1,723","2,923","2,316","1,768","408","10"
"경상북도 영양군 (4776000000)","15,954","15,954","401","868","893","944","1,344","2,574","3,965","2,786","1,816","349","14","8,065","8,065","206","466","506","534","765","1,505","2,087","1,327","601","68","0","7,889","7,889","195","402","387","410","579","1,069","1,878","1,459","1,215","281","14"
"경상북도 영덕군 (4777000000)","32,460","32,460","882","1,701","1,508","1,785","2,898","5,171","7,659","6,106","3,946","793","11","15,622","15,622","422","900","858","995","1,518","2,872","3,892","2,755","1,244","165","1","16,838","16,838","460","801","650","790","1,380","2,299","3,767","3,351","2,702","628","10"
"경상북도 청도군 (4782000000)","39,902","39,902","980","1,956","1,611","2,081","3,448","6,142","10,354","8,160","4,178","973","19","20,013","20,013","491","1,008","918","1,165","1,883","3,361","5,531","3,968","1,475","210","3","19,889","19,889","489","948","693","916","1,565","2,781","4,823","4,192","2,703","763","16"
"경상북도 고령군 (4783000000)","29,411","29,411","830","1,599","1,632","1,852","2,792","5,119","7,261","5,072","2,666","575","13","15,218","15,218","432","852","967","1,019","1,544","2,925","3,927","2,504","909","135","4","14,193","14,193","398","747","665","833","1,248","2,194","3,334","2,568","1,757","440","9"
"경상북도 성주군 (4784000000)","40,286","40,286","1,203","1,936","1,814","2,692","3,750","6,616","10,682","7,403","3,419","761","10","21,139","21,139","588","1,000","1,083","1,590","2,211","3,768","5,825","3,672","1,253","148","1","19,147","19,147","615","936","731","1,102","1,539","2,848","4,857","3,731","2,166","613","9"
"경상북도 칠곡군 (4785000000)","103,199","103,199","4,481","10,193","8,083","9,471","16,847","20,990","17,792","9,543","4,765","1,008","26","54,370","54,370","2,273","5,359","4,886","5,323","9,108","11,357","9,615","4,626","1,581","236","6","48,829","48,829","2,208","4,834","3,197","4,148","7,739","9,633","8,177","4,917","3,184","772","20"
"경상북도 예천군 (4790000000)","53,237","53,237","3,404","4,691","3,106","4,838","6,609","7,323","9,726","7,727","4,659","1,136","18","26,362","26,362","1,721","2,407","1,778","2,475","3,352","4,026","5,033","3,648","1,662","259","1","26,875","26,875","1,683","2,284","1,328","2,363","3,257","3,297","4,693","4,079","2,997","877","17"
"경상북도 봉화군 (4792000000)","27,940","27,940","696","1,616","1,247","1,327","2,239","4,388","7,284","5,293","3,091","734","25","14,306","14,306","370","824","746","767","1,253","2,528","3,911","2,650","1,070","185","2","13,634","13,634","326","792","501","560","986","1,860","3,373","2,643","2,021","549","23"
"경상북도 울진군 (4793000000)","46,112","46,112","2,000","3,066","3,548","4,061","4,975","8,020","9,456","6,164","3,907","897","18","23,678","23,678","1,069","1,608","2,150","2,355","2,672","4,513","4,975","2,889","1,262","183","2","22,434","22,434","931","1,458","1,398","1,706","2,303","3,507","4,481","3,275","2,645","714","16"
"경상북도 울릉군 (4794000000)","8,752","8,752","247","414","621","782","1,061","1,759","2,037","1,180","538","110","3","4,926","4,926","122","207","417","505","645","1,087","1,123","587","200","32","1","3,826","3,826","125","207","204","277","416","672","914","593","338","78","2"
"경상남도  (4800000000)","3,185,439","3,185,439","171,202","311,721","279,043","340,209","466,200","571,536","551,738","323,482","143,135","26,667","506","1,606,076","1,606,076","88,050","161,542","157,552","182,925","240,289","291,477","277,362","151,585","49,855","5,387","52","1,579,363","1,579,363","83,152","150,179","121,491","157,284","225,911","280,059","274,376","171,897","93,280","21,280","454"
"경상남도 창원시 (4812000000)","983,153","983,153","55,302","94,507","94,519","118,458","148,222","174,140","167,397","91,783","33,374","5,369","82","497,067","497,067","28,286","48,950","53,727","64,227","76,610","86,547","82,187","42,929","12,464","1,132","8","486,086","486,086","27,016","45,557","40,792","54,231","71,612","87,593","85,210","48,854","20,910","4,237","74"
"경상남도 창원시 의창구 (4812100000)","209,308","209,308","12,015","19,088","20,822","26,099","30,596","37,649","37,530","18,325","6,105","1,062","17","106,338","106,338","6,158","9,818","11,829","14,139","15,786","18,461","18,817","8,887","2,230","210","3","102,970","102,970","5,857","9,270","8,993","11,960","14,810","19,188","18,713","9,438","3,875","852","14"
"경상남도 창원시 성산구 (4812300000)","244,460","244,460","15,594","23,685","27,179","36,197","36,435","45,281","40,738","14,426","4,154","758","13","124,656","124,656","7,906","12,309","15,571","19,713","18,504","21,183","20,559","7,224","1,540","147","0","119,804","119,804","7,688","11,376","11,608","16,484","17,931","24,098","20,179","7,202","2,614","611","13"
"경상남도 창원시 마산합포구 (4812500000)","173,837","173,837","9,009","15,279","14,424","18,111","25,323","27,911","31,052","22,164","9,088","1,454","22","85,959","85,959","4,629","7,876","8,032","9,544","13,338","14,179","14,740","9,988","3,310","322","1","87,878","87,878","4,380","7,403","6,392","8,567","11,985","13,732","16,312","12,176","5,778","1,132","21"
"경상남도 창원시 마산회원구 (4812700000)","173,303","173,303","8,102","15,859","15,154","17,861","24,538","31,229","31,583","20,550","7,423","992","12","86,160","86,160","4,144","8,280","8,364","9,581","12,667","15,651","15,065","9,265","2,933","208","2","87,143","87,143","3,958","7,579","6,790","8,280","11,871","15,578","16,518","11,285","4,490","784","10"
"경상남도 창원시 진해구 (4812900000)","182,245","182,245","10,582","20,596","16,940","20,190","31,330","32,070","26,494","16,318","6,604","1,103","18","93,954","93,954","5,449","10,667","9,931","11,250","16,315","17,073","13,006","7,565","2,451","245","2","88,291","88,291","5,133","9,929","7,009","8,940","15,015","14,997","13,488","8,753","4,153","858","16"
"경상남도 진주시 (4817000000)","333,800","333,800","19,848","33,256","36,960","38,781","46,201","56,535","52,256","32,425","14,786","2,700","52","164,918","164,918","10,237","17,277","20,470","20,561","22,900","27,940","25,174","14,590","5,216","549","4","168,882","168,882","9,611","15,979","16,490","18,220","23,301","28,595","27,082","17,835","9,570","2,151","48"
"경상남도 통영시 (4822000000)","115,598","115,598","4,561","12,029","8,407","8,612","16,975","21,553","22,197","14,461","5,848","940","15","58,056","58,056","2,324","6,147","4,810","4,494","8,804","11,514","10,947","6,763","2,060","190","3","57,542","57,542","2,237","5,882","3,597","4,118","8,171","10,039","11,250","7,698","3,788","750","12"
"경상남도 사천시 (4824000000)","107,548","107,548","5,141","9,912","8,726","10,406","14,975","19,343","18,545","12,756","6,490","1,234","20","54,626","54,626","2,657","5,166","5,223","5,967","7,787","10,276","9,305","5,849","2,152","244","0","52,922","52,922","2,484","4,746","3,503","4,439","7,188","9,067","9,240","6,907","4,338","990","20"
"경상남도 사천남양출장소 (4824500000)","0","0","0","0","0","0","0","0","0","0","0","0","0","0","0","0","0","0","0","0","0","0","0","0","0","0","0","0","0","0","0","0","0","0","0","0","0","0","0"
"경상남도 김해시 (4825000000)","531,406","531,406","32,957","58,425","52,224","64,850","84,836","103,886","80,063","37,092","14,627","2,406","40","268,550","268,550","17,003","29,800","28,885","34,433","42,869","51,648","41,085","17,240","5,076","507","4","262,856","262,856","15,954","28,625","23,339","30,417","41,967","52,238","38,978","19,852","9,551","1,899","36"
"경상남도 장유출장소 (4825200000)","0","0","0","0","0","0","0","0","0","0","0","0","0","0","0","0","0","0","0","0","0","0","0","0","0","0","0","0","0","0","0","0","0","0","0","0","0","0","0"
"경상남도 밀양시 (4827000000)","98,168","98,168","3,426","6,808","6,291","7,396","10,762","15,978","22,546","15,989","7,529","1,419","24","48,778","48,778","1,732","3,576","3,688","4,193","5,709","8,222","11,272","7,515","2,582","285","4","49,390","49,390","1,694","3,232","2,603","3,203","5,053","7,756","11,274","8,474","4,947","1,134","20"
"경상남도 거제시 (4831000000)","228,091","228,091","13,315","28,626","17,671","21,776","43,447","45,112","34,256","16,848","5,865","1,151","24","119,831","119,831","6,911","14,883","10,288","11,589","23,209","24,499","17,774","8,357","2,093","226","2","108,260","108,260","6,404","13,743","7,383","10,187","20,238","20,613","16,482","8,491","3,772","925","22"
"경상남도 양산시 (4833000000)","360,462","360,462","24,083","37,800","30,897","44,639","59,660","63,349","55,463","30,450","12,189","1,900","32","180,492","180,492","12,376","19,330","16,632","23,275","30,626","31,635","27,579","14,006","4,562","463","8","179,970","179,970","11,707","18,470","14,265","21,364","29,034","31,714","27,884","16,444","7,627","1,437","24"
"경상남도 양산시웅상출장소 (4833200000)","0","0","0","0","0","0","0","0","0","0","0","0","0","0","0","0","0","0","0","0","0","0","0","0","0","0","0","0","0","0","0","0","0","0","0","0","0","0","0"
"경상남도 의령군 (4872000000)","24,468","24,468","641","1,281","1,220","1,379","2,138","3,966","5,976","4,380","2,800","669","18","12,266","12,266","337","705","750","729","1,178","2,207","3,287","2,148","822","101","2","12,202","12,202","304","576","470","650","960","1,759","2,689","2,232","1,978","568","16"
"경상남도 함안군 (4873000000)","56,597","56,597","1,907","5,058","3,502","3,693","6,834","10,075","12,271","8,237","4,173","838","9","29,114","29,114","1,002","2,597","2,153","2,076","3,516","5,618","6,581","4,092","1,321","157","1","27,483","27,483","905","2,461","1,349","1,617","3,318","4,457","5,690","4,145","2,852","681","8"
"경상남도 창녕군 (4874000000)","54,220","54,220","1,670","3,742","2,580","3,462","5,497","8,878","13,070","9,278","5,033","997","13","27,272","27,272","881","1,971","1,543","2,012","2,984","4,938","6,744","4,400","1,615","183","1","26,948","26,948","789","1,771","1,037","1,450","2,513","3,940","6,326","4,878","3,418","814","12"
"경상남도 고성군 (4882000000)","46,678","46,678","1,151","3,729","2,502","2,500","4,839","8,034","10,755","7,928","4,262","967","11","23,735","23,735","598","2,075","1,480","1,425","2,640","4,430","5,641","3,782","1,463","201","0","22,943","22,943","553","1,654","1,022","1,075","2,199","3,604","5,114","4,146","2,799","766","11"
"경상남도 남해군 (4884000000)","41,023","41,023","982","2,892","2,308","2,196","3,504","6,625","9,387","7,302","4,589","1,197","41","20,080","20,080","483","1,615","1,364","1,262","1,810","3,586","4,826","3,377","1,554","199","4","20,943","20,943","499","1,277","944","934","1,694","3,039","4,561","3,925","3,035","998","37"
"경상남도 하동군 (4885000000)","39,405","39,405","990","2,093","1,903","2,086","3,182","6,952","9,801","7,066","4,298","1,003","31","19,832","19,832","507","1,118","1,138","1,186","1,734","3,851","5,175","3,460","1,445","215","3","19,573","19,573","483","975","765","900","1,448","3,101","4,626","3,606","2,853","788","28"
"경상남도 산청군 (4886000000)","32,554","32,554","716","1,676","1,537","1,619","2,506","5,546","8,391","6,050","3,644","844","25","16,239","16,239","358","936","877","900","1,359","2,979","4,468","3,050","1,164","146","2","16,315","16,315","358","740","660","719","1,147","2,567","3,923","3,000","2,480","698","23"
"경상남도 함양군 (4887000000)","35,043","35,043","1,071","2,403","1,902","1,971","3,151","5,940","8,040","5,919","3,810","820","16","17,194","17,194","541","1,281","1,109","1,070","1,633","3,218","4,220","2,769","1,211","139","3","17,849","17,849","530","1,122","793","901","1,518","2,722","3,820","3,150","2,599","681","13"
"경상남도 거창군 (4888000000)","58,611","58,611","2,560","5,588","4,158","4,478","6,366","9,707","11,589","8,107","4,903","1,125","30","28,858","28,858","1,350","3,074","2,403","2,438","3,192","5,025","5,840","3,729","1,558","247","2","29,753","29,753","1,210","2,514","1,755","2,040","3,174","4,682","5,749","4,378","3,345","878","28"
"경상남도 합천군 (4889000000)","38,614","38,614","881","1,896","1,736","1,907","3,105","5,917","9,735","7,411","4,915","1,088","23","19,168","19,168","467","1,041","1,012","1,088","1,729","3,344","5,257","3,529","1,497","203","1","19,446","19,446","414","855","724","819","1,376","2,573","4,478","3,882","3,418","885","22"
"제주특별자치도  (5000000000)","659,093","659,093","42,684","69,797","63,440","76,565","100,634","117,231","99,279","54,828","28,158","6,295","182","329,246","329,246","21,832","35,814","33,896","38,986","50,515","60,634","50,166","25,445","10,556","1,391","11","329,847","329,847","20,852","33,983","29,544","37,579","50,119","56,597","49,113","29,383","17,602","4,904","171"
"제주특별자치도 제주시 (5011000000)","481,486","481,486","32,295","52,045","49,380","59,756","74,352","85,094","68,924","36,917","18,482","4,111","130","239,844","239,844","16,472","26,686","26,089","30,434","37,342","43,362","34,539","17,102","6,914","899","5","241,642","241,642","15,823","25,359","23,291","29,322","37,010","41,732","34,385","19,815","11,568","3,212","125"
"제주특별자치도 서귀포시 (5013000000)","177,607","177,607","10,389","17,752","14,060","16,809","26,282","32,137","30,355","17,911","9,676","2,184","52","89,402","89,402","5,360","9,128","7,807","8,552","13,173","17,272","15,627","8,343","3,642","492","6","88,205","88,205","5,029","8,624","6,253","8,257","13,109","14,865","14,728","9,568","6,034","1,692","46"
