"행정구역","2026년01월_거주자_총인구수","2026년01월_거주자_연령구간인구수","2026년01월_거주자_0~9세","2026년01월_거주자_10~19세","2026년01월_거주자_20~29세","2026년01월_거주자_30~39세","2026년01월_거주자_40~49세","2026년01월_거주자_50~59세","2026년01월_거주자_60~69세","2026년01월_거주자_70~79세","2026년01월_거주자_80~89세","2026년01월_거주자_90~99세","2026년01월_거주자_100세 이상","2026년01월_남_거주자_총인구수","2026년01월_남_거주자_연령구간인구수","2026년01월_남_거주자_0~9세","2026년01월_남_거주자_10~19세","2026년01월_남_거주자_20~29세","2026년01월_남_거주자_30~39세","2026년01월_남_거주자_40~49세","2026년01월_남_거주자_50~59세","2026년01월_남_거주자_60~69세","2026년01월_남_거주자_70~79세","2026년01월_남_거주자_80~89세","2026년01월_남_거주자_90~99세","2026년01월_남_거주자_100세 이상","2026년01월_여_거주자_총인구수","2026년01월_여_거주자_연령구간인구수","2026년01월_여_거주자_0~9세","2026년01월_여_거주자_10~19세","2026년01월_여_거주자_20~29세","2026년01월_여_거주자_30~39세","2026년01월_여_거주자_40~49세","2026년01월_여_거주자_50~59세","2026년01월_여_거주자_60~69세","2026년01월_여_거주자_70~79세","2026년01월_여_거주자_80~89세","2026년01월_여_거주자_90~99세","2026년01월_여_거주자_100세 이상","2026년02월_거주자_총인구수","2026년02월_거주자_연령구간인구수","2026년02월_거주자_0~9세","2026년02월_거주자_10~19세","2026년02월_거주자_20~29세","2026년02월_거주자_30~39세","2026년02월_거주자_40~49세","2026년02월_거주자_50~59세","2026년02월_거주자_60~69세","2026년02월_거주자_70~79세","2026년02월_거주자_80~89세","2026년02월_거주자_90~99세","2026년02월_거주자_100세 이상","2026년02월_남_거주자_총인구수","2026년02월_남_거주자_연령구간인구수","2026년02월_남_거주자_0~9세","2026년02월_남_거주자_10~19세","2026년02월_남_거주자_20~29세","2026년02월_남_거주자_30~39세","2026년02월_남_거주자_40~49세","2026년02월_남_거주자_50~59세","2026년02월_남_거주자_60~69세","2026년02월_남_거주자_70~79세","2026년02월_남_거주자_80~89세","2026년02월_남_거주자_90~99세","2026년02월_남_거주자_100세 이상","2026년02월_여_거주자_총인구수","2026년02월_여_거주자_연령구간인구수","2026년02월_여_거주자_0~9세","2026년02월_여_거주자_10~19세","2026년02월_여_거주자_20~29세","2026년02월_여_거주자_30~39세","2026년02월_여_거주자_40~49세","2026년02월_여_거주자_50~59세","2026년02월_여_거주자_60~69세","2026년02월_여_거주자_70~79세","2026년02월_여_거주자_80~89세","2026년02월_여_거주자_90~99세","2026년02월_여_거주자_100세 이상","2026년03월_거주자_총인구수","2026년03월_거주자_연령구간인구수","2026년03월_거주자_0~9세","2026년03월_거주자_10~19세","2026년03월_거주자_20~29세","2026년03월_거주자_30~39세","2026년03월_거주자_40~49세","2026년03월_거주자_50~59세","2026년03월_거주자_60~69세","2026년03월_거주자_70~79세","2026년03월_거주자_80~89세","2026년03월_거주자_90~99세","2026년03월_거주자_100세 이상","2026년03월_남_거주자_총인구수","2026년03월_남_거주자_연령구간인구수","2026년03월_남_거주자_0~9세","2026년03월_남_거주자_10~19세","2026년03월_남_거주자_20~29세","2026년03월_남_거주자_30~39세","2026년03월_남_거주자_40~49세","2026년03월_남_거주자_50~59세","2026년03월_남_거주자_60~69세","2026년03월_남_거주자_70~79세","2026년03월_남_거주자_80~89세","2026년03월_남_거주자_90~99세","2026년03월_남_거주자_100세 이상","2026년03월_여_거주자_총인구수","2026년03월_여_거주자_연령구간인구수","2026년03월_여_거주자_0~9세","2026년03월_여_거주자_10~19세","2026년03월_여_거주자_20~29세","2026년03월_여_거주자_30~39세","2026년03월_여_거주자_40~49세","2026년03월_여_거주자_50~59세","2026년03월_여_거주자_60~69세","2026년03월_여_거주자_70~79세","2026년03월_여_거주자_80~89세","2026년03월_여_거주자_90~99세","2026년03월_여_거주자_100세 이상","2026년04월_거주자_총인구수","2026년04월_거주자_연령구간인구수","2026년04월_거주자_0~9세","2026년04월_거주자_10~19세","2026년04월_거주자_20~29세","2026년04월_거주자_30~39세","2026년04월_거주자_40~49세","2026년04월_거주자_50~59세","2026년04월_거주자_60~69세","2026년04월_거주자_70~79세","2026년04월_거주자_80~89세","2026년04월_거주자_90~99세","2026년04월_거주자_100세 이상","2026년04월_남_거주자_총인구수","2026년04월_남_거주자_연령구간인구수","2026년04월_남_거주자_0~9세","2026년04월_남_거주자_10~19세","2026년04월_남_거주자_20~29세","2026년04월_남_거주자_30~39세","2026년04월_남_거주자_40~49세","2026년04월_남_거주자_50~59세","2026년04월_남_거주자_60~69세","2026년04월_남_거주자_70~79세","2026년04월_남_거주자_80~89세","2026년04월_남_거주자_90~99세","2026년04월_남_거주자_100세 이상","2026년04월_여_거주자_총인구수","2026년04월_여_거주자_연령구간인구수","2026년04월_여_거주자_0~9세","2026년04월_여_거주자_10~19세","2026년04월_여_거주자_20~29세","2026년04월_여_거주자_30~39세","2026년04월_여_거주자_40~49세","2026년04월_여_거주자_50~59세","2026년04월_여_거주자_60~69세","2026년04월_여_거주자_70~79세","2026년04월_여_거주자_80~89세","2026년04월_여_거주자_90~99세","2026년04월_여_거주자_100세 이상","2026년05월_거주자_총인구수","2026년05월_거주자_연령구간인구수","2026년05월_거주자_0~9세","2026년05월_거주자_10~19세","2026년05월_거주자_20~29세","2026년05월_거주자_30~39세","2026년05월_거주자_40~49세","2026년05월_거주자_50~59세","2026년05월_거주자_60~69세","2026년05월_거주자_70~79세","2026년05월_거주자_80~89세","2026년05월_거주자_90~99세","2026년05월_거주자_100세 이상","2026년05월_남_거주자_총인구수","2026년05월_남_거주자_연령구간인구수","2026년05월_남_거주자_0~9세","2026년05월_남_거주자_10~19세","2026년05월_남_거주자_20~29세","2026년05월_남_거주자_30~39세","2026년05월_남_거주자_40~49세","2026년05월_남_거주자_50~59세","2026년05월_남_거주자_60~69세","2026년05월_남_거주자_70~79세","2026년05월_남_거주자_80~89세","2026년05월_남_거주자_90~99세","2026년05월_남_거주자_100세 이상","2026년05월_여_거주자_총인구수","2026년05월_여_거주자_연령구간인구수","2026년05월_여_거주자_0~9세","2026년05월_여_거주자_10~19세","2026년05월_여_거주자_20~29세","2026년05월_여_거주자_30~39세","2026년05월_여_거주자_40~49세","2026년05월_여_거주자_50~59세","2026년05월_여_거주자_60~69세","2026년05월_여_거주자_70~79세","2026년05월_여_거주자_80~89세","2026년05월_여_거주자_90~99세","2026년05월_여_거주자_100세 이상","2026년06월_거주자_총인구수","2026년06월_거주자_연령구간인구수","2026년06월_거주자_0~9세","2026년06월_거주자_10~19세","2026년06월_거주자_20~29세","2026년06월_거주자_30~39세","2026년06월_거주자_40~49세","2026년06월_거주자_50~59세","2026년06월_거주자_60~69세","2026년06월_거주자_70~79세","2026년06월_거주자_80~89세","2026년06월_거주자_90~99세","2026년06월_거주자_100세 이상","2026년06월_남_거주자_총인구수","2026년06월_남_거주자_연령구간인구수","2026년06월_남_거주자_0~9세","2026년06월_남_거주자_10~19세","2026년06월_남_거주자_20~29세","2026년06월_남_거주자_30~39세","2026년06월_남_거주자_40~49세","2026년06월_남_거주자_50~59세","2026년06월_남_거주자_60~69세","2026년06월_남_거주자_70~79세","2026년06월_남_거주자_80~89세","2026년06월_남_거주자_90~99세","2026년06월_남_거주자_100세 이상","2026년06월_여_거주자_총인구수","2026년06월_여_거주자_연령구간인구수","2026년06월_여_거주자_0~9세","2026년06월_여_거주자_10~19세","2026년06월_여_거주자_20~29세","2026년06월_여_거주자_30~39세","2026년06월_여_거주자_40~49세","2026년06월_여_거주자_50~59세","2026년06월_여_거주자_60~69세","2026년06월_여_거주자_70~79세","2026년06월_여_거주자_80~89세","2026년06월_여_거주자_90~99세","2026년06월_여_거주자_100세 이상"
"서울특별시  (1100000000)","9,233,477","9,233,477","459,008","715,905","1,245,417","1,455,919","1,350,737","1,452,383","1,303,402","827,409","366,555","55,415","1,327","4,446,996","4,446,996","235,661","365,616","582,260","727,392","667,078","713,234","617,663","372,647","149,387","15,805","253","4,786,481","4,786,481","223,347","350,289","663,157","728,527","683,659","739,149","685,739","454,762","217,168","39,610","1,074","9,238,078","9,238,078","457,883","717,911","1,243,103","1,453,703","1,351,637","1,452,741","1,304,263","831,955","367,484","56,051","1,347","4,448,615","4,448,615","235,219","366,209","581,169","726,061","667,730","713,191","618,209","374,752","149,774","16,036","265","4,789,463","4,789,463","222,664","351,702","661,934","727,642","683,907","739,550","686,054","457,203","217,710","40,015","1,082","9,238,662","9,238,662","456,369","718,682","1,240,348","1,457,901","1,347,262","1,448,776","1,304,987","837,253","368,849","56,887","1,348","4,447,513","4,447,513","234,364","366,239","579,453","727,836","665,579","711,309","618,719","377,045","150,375","16,327","267","4,791,149","4,791,149","222,005","352,443","660,895","730,065","681,683","737,467","686,268","460,208","218,474","40,560","1,081","9,233,066","9,233,066","455,285","717,167","1,235,592","1,459,863","1,345,085","1,447,146","1,304,872","839,832","369,461","57,418","1,345","4,444,168","4,444,168","233,819","365,427","576,775","728,870","664,445","710,420","618,883","378,109","150,671","16,481","268","4,788,898","4,788,898","221,466","351,740","658,817","730,993","680,640","736,726","685,989","461,723","218,790","40,937","1,077","9,229,673","9,229,673","453,851","715,736","1,231,925","1,461,809","1,343,722","1,445,643","1,304,291","842,691","370,819","57,838","1,348","4,442,133","4,442,133","233,174","364,738","574,610","729,941","663,774","709,433","618,939","379,283","151,288","16,685","268","4,787,540","4,787,540","220,677","350,998","657,315","731,868","679,948","736,210","685,352","463,408","219,531","41,153","1,080","9,224,532","9,224,532","452,904","714,331","1,228,416","1,462,281","1,343,608","1,444,164","1,302,837","844,546","372,228","57,865","1,352","4,438,806","4,438,806","232,637","364,022","572,589","730,051","663,583","708,642","618,466","379,919","151,942","16,687","268","4,785,726","4,785,726","220,267","350,309","655,827","732,230","680,025","735,522","684,371","464,627","220,286","41,178","1,084"
"서울특별시 종로구 (1111000000)","135,136","135,136","5,049","9,104","19,989","19,668","17,915","22,350","20,584","12,469","6,794","1,184","30","64,679","64,679","2,585","4,451","9,256","9,805","8,582","10,941","10,261","5,749","2,672","370","7","70,457","70,457","2,464","4,653","10,733","9,863","9,333","11,409","10,323","6,720","4,122","814","23","135,116","135,116","5,034","9,146","20,012","19,618","17,862","22,345","20,582","12,489","6,796","1,202","30","64,641","64,641","2,574","4,461","9,273","9,775","8,555","10,936","10,255","5,763","2,669","372","8","70,475","70,475","2,460","4,685","10,739","9,843","9,307","11,409","10,327","6,726","4,127","830","22","135,176","135,176","5,009","9,180","19,980","19,762","17,817","22,247","20,579","12,570","6,788","1,215","29","64,653","64,653","2,570","4,467","9,250","9,852","8,526","10,889","10,244","5,798","2,670","379","8","70,523","70,523","2,439","4,713","10,730","9,910","9,291","11,358","10,335","6,772","4,118","836","21","135,081","135,081","5,005","9,149","19,929","19,758","17,809","22,169","20,614","12,593","6,801","1,226","28","64,581","64,581","2,568","4,450","9,228","9,845","8,522","10,838","10,242","5,822","2,679","379","8","70,500","70,500","2,437","4,699","10,701","9,913","9,287","11,331","10,372","6,771","4,122","847","20","134,883","134,883","4,988","9,091","19,861","19,768","17,758","22,116","20,600","12,615","6,824","1,229","33","64,519","64,519","2,575","4,428","9,172","9,870","8,518","10,803","10,244","5,836","2,680","384","9","70,364","70,364","2,413","4,663","10,689","9,898","9,240","11,313","10,356","6,779","4,144","845","24","134,688","134,688","4,965","9,027","19,789","19,819","17,766","22,058","20,530","12,628","6,831","1,241","34","64,418","64,418","2,558","4,410","9,144","9,877","8,524","10,767","10,222","5,828","2,695","384","9","70,270","70,270","2,407","4,617","10,645","9,942","9,242","11,291","10,308","6,800","4,136","857","25"
"서울특별시 중구 (1114000000)","116,352","116,352","4,933","5,726","15,594","21,108","15,868","17,439","17,568","11,377","5,726","994","19","55,747","55,747","2,493","2,866","6,940","10,506","7,948","8,718","8,645","5,209","2,165","254","3","60,605","60,605","2,440","2,860","8,654","10,602","7,920","8,721","8,923","6,168","3,561","740","16","116,268","116,268","4,848","5,825","15,520","21,014","15,891","17,429","17,548","11,439","5,742","992","20","55,736","55,736","2,469","2,913","6,904","10,467","7,961","8,717","8,628","5,247","2,172","255","3","60,532","60,532","2,379","2,912","8,616","10,547","7,930","8,712","8,920","6,192","3,570","737","17","116,415","116,415","4,846","5,848","15,535","21,072","15,913","17,399","17,535","11,493","5,743","1,011","20","55,847","55,847","2,467","2,926","6,929","10,490","7,969","8,721","8,637","5,274","2,170","261","3","60,568","60,568","2,379","2,922","8,606","10,582","7,944","8,678","8,898","6,219","3,573","750","17","116,427","116,427","4,840","5,812","15,478","21,115","15,930","17,416","17,508","11,560","5,727","1,022","19","55,851","55,851","2,471","2,904","6,886","10,523","7,966","8,738","8,620","5,308","2,164","268","3","60,576","60,576","2,369","2,908","8,592","10,592","7,964","8,678","8,888","6,252","3,563","754","16","116,450","116,450","4,824","5,818","15,439","21,131","15,944","17,415","17,486","11,593","5,752","1,026","22","55,840","55,840","2,452","2,914","6,880","10,523","7,979","8,703","8,619","5,325","2,176","266","3","60,610","60,610","2,372","2,904","8,559","10,608","7,965","8,712","8,867","6,268","3,576","760","19","116,262","116,262","4,822","5,811","15,321","21,099","15,966","17,377","17,451","11,627","5,748","1,017","23","55,733","55,733","2,446","2,907","6,832","10,492","7,983","8,680","8,610","5,340","2,174","266","3","60,529","60,529","2,376","2,904","8,489","10,607","7,983","8,697","8,841","6,287","3,574","751","20"
"서울특별시 용산구 (1117000000)","198,734","198,734","9,796","12,572","26,173","36,864","28,572","31,090","27,583","15,962","8,515","1,561","46","94,504","94,504","4,953","6,438","11,622","17,913","14,114","15,056","13,477","7,206","3,234","477","14","104,230","104,230","4,843","6,134","14,551","18,951","14,458","16,034","14,106","8,756","5,281","1,084","32","198,480","198,480","9,764","12,593","26,030","36,736","28,576","31,070","27,530","16,075","8,483","1,576","47","94,367","94,367","4,944","6,439","11,531","17,878","14,120","15,023","13,450","7,270","3,222","477","13","104,113","104,113","4,820","6,154","14,499","18,858","14,456","16,047","14,080","8,805","5,261","1,099","34","197,948","197,948","9,757","12,571","25,829","36,715","28,443","30,920","27,522","16,087","8,469","1,589","46","94,058","94,058","4,947","6,402","11,406","17,850","14,039","14,978","13,437","7,293","3,209","485","12","103,890","103,890","4,810","6,169","14,423","18,865","14,404","15,942","14,085","8,794","5,260","1,104","34","197,183","197,183","9,732","12,542","25,637","36,652","28,364","30,798","27,371","16,024","8,408","1,605","50","93,631","93,631","4,930","6,390","11,300","17,797","13,984","14,912","13,366","7,258","3,197","482","15","103,552","103,552","4,802","6,152","14,337","18,855","14,380","15,886","14,005","8,766","5,211","1,123","35","196,823","196,823","9,696","12,491","25,500","36,633","28,344","30,747","27,305","16,066","8,381","1,609","51","93,417","93,417","4,911","6,347","11,239","17,784","13,967","14,858","13,338","7,290","3,186","481","16","103,406","103,406","4,785","6,144","14,261","18,849","14,377","15,889","13,967","8,776","5,195","1,128","35","196,667","196,667","9,718","12,455","25,412","36,624","28,398","30,688","27,217","16,100","8,382","1,623","50","93,352","93,352","4,906","6,335","11,184","17,787","14,006","14,820","13,330","7,301","3,184","484","15","103,315","103,315","4,812","6,120","14,228","18,837","14,392","15,868","13,887","8,799","5,198","1,139","35"
"서울특별시 성동구 (1120000000)","272,673","272,673","15,643","17,073","37,531","48,202","39,240","42,217","38,066","22,265","10,837","1,571","28","131,544","131,544","8,059","8,430","17,840","23,684","19,690","20,567","18,619","10,031","4,198","421","5","141,129","141,129","7,584","8,643","19,691","24,518","19,550","21,650","19,447","12,234","6,639","1,150","23","272,835","272,835","15,584","17,181","37,538","48,037","39,273","42,274","38,052","22,419","10,857","1,591","29","131,544","131,544","8,023","8,416","17,856","23,604","19,698","20,586","18,605","10,109","4,214","427","6","141,291","141,291","7,561","8,765","19,682","24,433","19,575","21,688","19,447","12,310","6,643","1,164","23","273,084","273,084","15,638","17,269","37,529","48,158","39,189","42,193","38,072","22,522","10,856","1,629","29","131,637","131,637","8,047","8,454","17,886","23,632","19,657","20,561","18,594","10,154","4,208","438","6","141,447","141,447","7,591","8,815","19,643","24,526","19,532","21,632","19,478","12,368","6,648","1,191","23","272,909","272,909","15,623","17,247","37,429","48,158","39,146","42,188","38,055","22,549","10,850","1,637","27","131,566","131,566","8,020","8,452","17,853","23,635","19,645","20,582","18,586","10,155","4,197","435","6","141,343","141,343","7,603","8,795","19,576","24,523","19,501","21,606","19,469","12,394","6,653","1,202","21","272,700","272,700","15,632","17,180","37,244","48,136","39,149","42,122","38,110","22,565","10,896","1,637","29","131,395","131,395","8,002","8,458","17,701","23,628","19,631","20,544","18,628","10,143","4,221","433","6","141,305","141,305","7,630","8,722","19,543","24,508","19,518","21,578","19,482","12,422","6,675","1,204","23","272,528","272,528","15,621","17,127","37,114","48,156","39,196","42,044","38,078","22,625","10,907","1,631","29","131,373","131,373","8,005","8,468","17,639","23,660","19,667","20,489","18,614","10,168","4,235","423","5","141,155","141,155","7,616","8,659","19,475","24,496","19,529","21,555","19,464","12,457","6,672","1,208","24"
"서울특별시 광진구 (1121500000)","328,601","328,601","13,439","22,777","54,480","56,551","45,477","50,481","45,255","26,610","11,711","1,781","39","157,212","157,212","6,868","11,507","24,889","28,118","22,190","24,445","21,712","12,087","4,881","504","11","171,389","171,389","6,571","11,270","29,591","28,433","23,287","26,036","23,543","14,523","6,830","1,277","28","328,772","328,772","13,409","22,816","54,485","56,443","45,504","50,440","45,344","26,699","11,776","1,815","41","157,313","157,313","6,862","11,505","24,942","28,044","22,208","24,431","21,769","12,119","4,910","511","12","171,459","171,459","6,547","11,311","29,543","28,399","23,296","26,009","23,575","14,580","6,866","1,304","29","328,807","328,807","13,372","22,928","54,406","56,560","45,382","50,214","45,394","26,855","11,819","1,839","38","157,261","157,261","6,844","11,545","24,872","28,102","22,124","24,326","21,786","12,203","4,930","518","11","171,546","171,546","6,528","11,383","29,534","28,458","23,258","25,888","23,608","14,652","6,889","1,321","27","328,723","328,723","13,332","22,879","54,217","56,692","45,399","50,060","45,442","26,979","11,827","1,857","39","157,183","157,183","6,819","11,522","24,735","28,149","22,148","24,258","21,830","12,250","4,938","523","11","171,540","171,540","6,513","11,357","29,482","28,543","23,251","25,802","23,612","14,729","6,889","1,334","28","328,823","328,823","13,309","22,829","54,205","56,784","45,341","50,032","45,466","27,086","11,876","1,854","41","157,166","157,166","6,795","11,499","24,666","28,215","22,156","24,231","21,812","12,293","4,964","524","11","171,657","171,657","6,514","11,330","29,539","28,569","23,185","25,801","23,654","14,793","6,912","1,330","30","328,599","328,599","13,258","22,762","54,067","56,843","45,316","49,946","45,433","27,162","11,913","1,861","38","156,979","156,979","6,776","11,448","24,531","28,259","22,154","24,155","21,827","12,313","4,985","521","10","171,620","171,620","6,482","11,314","29,536","28,584","23,162","25,791","23,606","14,849","6,928","1,340","28"
"서울특별시 동대문구 (1123000000)","346,426","346,426","17,744","22,730","54,926","54,534","47,682","52,058","48,343","31,213","15,032","2,115","49","168,742","168,742","9,033","11,516","25,662","27,688","24,364","26,118","23,646","14,104","5,975","625","11","177,684","177,684","8,711","11,214","29,264","26,846","23,318","25,940","24,697","17,109","9,057","1,490","38","348,210","348,210","17,768","23,225","55,269","54,776","47,810","52,264","48,435","31,394","15,064","2,155","50","169,563","169,563","9,064","11,723","25,878","27,777","24,399","26,223","23,672","14,193","5,983","640","11","178,647","178,647","8,704","11,502","29,391","26,999","23,411","26,041","24,763","17,201","9,081","1,515","39","349,373","349,373","17,774","23,459","55,489","55,186","47,821","52,169","48,488","31,601","15,159","2,176","51","170,079","170,079","9,060","11,842","25,911","27,984","24,425","26,188","23,681","14,311","6,012","654","11","179,294","179,294","8,714","11,617","29,578","27,202","23,396","25,981","24,807","17,290","9,147","1,522","40","349,491","349,491","17,788","23,387","55,361","55,382","47,859","52,084","48,508","31,707","15,171","2,194","50","170,129","170,129","9,090","11,791","25,860","28,072","24,446","26,126","23,718","14,347","6,016","653","10","179,362","179,362","8,698","11,596","29,501","27,310","23,413","25,958","24,790","17,360","9,155","1,541","40","350,153","350,153","17,839","23,333","55,412","55,721","47,933","52,106","48,472","31,855","15,218","2,214","50","170,441","170,441","9,115","11,781","25,854","28,232","24,469","26,139","23,705","14,434","6,034","669","9","179,712","179,712","8,724","11,552","29,558","27,489","23,464","25,967","24,767","17,421","9,184","1,545","41","350,718","350,718","17,936","23,264","55,383","55,999","48,055","52,148","48,466","31,938","15,262","2,217","50","170,626","170,626","9,154","11,752","25,805","28,334","24,514","26,155","23,733","14,450","6,044","676","9","180,092","180,092","8,782","11,512","29,578","27,665","23,541","25,993","24,733","17,488","9,218","1,541","41"
"서울특별시 중랑구 (1126000000)","375,109","375,109","16,547","23,062","44,779","58,575","50,328","61,207","63,778","38,158","16,340","2,281","54","182,983","182,983","8,409","11,881","21,077","29,788","26,187","30,091","30,880","17,443","6,615","605","7","192,126","192,126","8,138","11,181","23,702","28,787","24,141","31,116","32,898","20,715","9,725","1,676","47","375,077","375,077","16,385","23,085","44,748","58,525","50,228","61,116","63,880","38,385","16,367","2,304","54","182,877","182,877","8,329","11,877","21,018","29,751","26,130","30,062","30,921","17,544","6,621","616","8","192,200","192,200","8,056","11,208","23,730","28,774","24,098","31,054","32,959","20,841","9,746","1,688","46","374,876","374,876","16,287","23,038","44,495","58,728","50,069","60,767","64,006","38,634","16,456","2,339","57","182,757","182,757","8,277","11,828","20,889","29,863","26,025","29,903","30,987","17,684","6,659","634","8","192,119","192,119","8,010","11,210","23,606","28,865","24,044","30,864","33,019","20,950","9,797","1,705","49","374,803","374,803","16,261","22,944","44,270","58,894","50,015","60,639","64,033","38,815","16,513","2,364","55","182,748","182,748","8,272","11,784","20,777","29,967","26,007","29,851","30,980","17,786","6,677","639","8","192,055","192,055","7,989","11,160","23,493","28,927","24,008","30,788","33,053","21,029","9,836","1,725","47","374,696","374,696","16,229","22,894","44,101","59,031","49,977","60,434","64,029","38,996","16,582","2,368","55","182,649","182,649","8,255","11,739","20,687","30,004","25,986","29,782","30,975","17,869","6,693","651","8","192,047","192,047","7,974","11,155","23,414","29,027","23,991","30,652","33,054","21,127","9,889","1,717","47","374,603","374,603","16,199","22,833","44,016","59,052","50,003","60,295","64,004","39,101","16,671","2,375","54","182,560","182,560","8,249","11,709","20,621","30,029","25,990","29,681","30,968","17,920","6,729","656","8","192,043","192,043","7,950","11,124","23,395","29,023","24,013","30,614","33,036","21,181","9,942","1,719","46"
"서울특별시 성북구 (1129000000)","419,522","419,522","21,344","33,655","62,189","56,623","59,197","69,998","58,029","37,193","18,471","2,764","59","200,414","200,414","11,013","17,014","28,945","28,326","29,209","34,301","27,252","16,321","7,241","781","11","219,108","219,108","10,331","16,641","33,244","28,297","29,988","35,697","30,777","20,872","11,230","1,983","48","419,929","419,929","21,223","34,098","62,195","56,493","59,074","70,061","58,081","37,353","18,491","2,798","62","200,595","200,595","10,969","17,131","29,023","28,263","29,155","34,315","27,282","16,400","7,248","796","13","219,334","219,334","10,254","16,967","33,172","28,230","29,919","35,746","30,799","20,953","11,243","2,002","49","420,178","420,178","21,171","34,286","62,195","56,664","58,856","69,888","58,043","37,581","18,580","2,854","60","200,518","200,518","10,939","17,149","28,977","28,302","29,055","34,204","27,303","16,506","7,264","807","12","219,660","219,660","10,232","17,137","33,218","28,362","29,801","35,684","30,740","21,075","11,316","2,047","48","419,853","419,853","21,156","34,165","62,064","56,723","58,753","69,755","58,049","37,658","18,595","2,874","61","200,303","200,303","10,929","17,103","28,840","28,330","29,006","34,134","27,326","16,541","7,266","816","12","219,550","219,550","10,227","17,062","33,224","28,393","29,747","35,621","30,723","21,117","11,329","2,058","49","419,588","419,588","21,091","34,025","61,973","56,850","58,686","69,608","57,982","37,777","18,651","2,881","64","200,128","200,128","10,899","17,041","28,763","28,394","28,960","34,034","27,329","16,593","7,277","826","12","219,460","219,460","10,192","16,984","33,210","28,456","29,726","35,574","30,653","21,184","11,374","2,055","52","419,158","419,158","20,992","33,898","61,817","56,876","58,672","69,501","57,942","37,782","18,728","2,884","66","199,867","199,867","10,846","16,989","28,684","28,361","28,986","33,971","27,276","16,602","7,315","825","12","219,291","219,291","10,146","16,909","33,133","28,515","29,686","35,530","30,666","21,180","11,413","2,059","54"
"서울특별시 강북구 (1130500000)","276,750","276,750","9,525","17,767","33,926","34,115","35,764","47,967","47,184","32,366","16,061","2,036","39","132,973","132,973","4,825","9,076","15,696","17,858","18,612","23,696","22,410","13,961","6,228","607","4","143,777","143,777","4,700","8,691","18,230","16,257","17,152","24,271","24,774","18,405","9,833","1,429","35","276,794","276,794","9,489","17,838","33,812","34,050","35,710","47,982","47,209","32,501","16,092","2,069","42","132,970","132,970","4,805","9,063","15,649","17,825","18,618","23,695","22,411","14,037","6,246","614","7","143,824","143,824","4,684","8,775","18,163","16,225","17,092","24,287","24,798","18,464","9,846","1,455","35","276,786","276,786","9,428","17,864","33,737","34,116","35,591","47,814","47,295","32,655","16,138","2,105","43","132,863","132,863","4,771","9,046","15,549","17,848","18,571","23,627","22,469","14,091","6,256","628","7","143,923","143,923","4,657","8,818","18,188","16,268","17,020","24,187","24,826","18,564","9,882","1,477","36","276,525","276,525","9,380","17,802","33,634","34,104","35,460","47,743","47,317","32,733","16,162","2,147","43","132,752","132,752","4,774","8,999","15,511","17,854","18,509","23,590","22,489","14,126","6,252","640","8","143,773","143,773","4,606","8,803","18,123","16,250","16,951","24,153","24,828","18,607","9,910","1,507","35","276,321","276,321","9,373","17,725","33,544","34,123","35,508","47,553","47,297","32,767","16,214","2,175","42","132,677","132,677","4,770","8,982","15,471","17,884","18,518","23,524","22,477","14,118","6,277","648","8","143,644","143,644","4,603","8,743","18,073","16,239","16,990","24,029","24,820","18,649","9,937","1,527","34","276,056","276,056","9,350","17,627","33,464","34,135","35,453","47,501","47,262","32,777","16,260","2,185","42","132,534","132,534","4,759","8,954","15,387","17,902","18,479","23,498","22,467","14,134","6,298","648","8","143,522","143,522","4,591","8,673","18,077","16,233","16,974","24,003","24,795","18,643","9,962","1,537","34"
"서울특별시 도봉구 (1132000000)","297,739","297,739","11,716","21,115","33,013","36,997","39,248","51,409","52,798","33,247","15,777","2,349","70","143,580","143,580","6,102","10,955","16,106","19,017","19,739","24,670","24,693","15,315","6,318","651","14","154,159","154,159","5,614","10,160","16,907","17,980","19,509","26,739","28,105","17,932","9,459","1,698","56","297,508","297,508","11,635","21,063","32,873","36,883","39,146","51,347","52,835","33,447","15,834","2,375","70","143,478","143,478","6,049","10,938","16,058","18,940","19,706","24,649","24,707","15,418","6,336","662","15","154,030","154,030","5,586","10,125","16,815","17,943","19,440","26,698","28,128","18,029","9,498","1,713","55","297,295","297,295","11,558","21,072","32,746","36,888","38,964","51,195","52,860","33,668","15,877","2,395","72","143,294","143,294","5,998","10,952","15,972","18,934","19,606","24,602","24,707","15,475","6,363","670","15","154,001","154,001","5,560","10,120","16,774","17,954","19,358","26,593","28,153","18,193","9,514","1,725","57","297,059","297,059","11,534","20,998","32,568","36,892","38,877","51,087","52,922","33,808","15,887","2,415","71","143,234","143,234","5,979","10,916","15,912","18,956","19,565","24,561","24,753","15,527","6,367","681","17","153,825","153,825","5,555","10,082","16,656","17,936","19,312","26,526","28,169","18,281","9,520","1,734","54","296,797","296,797","11,453","20,942","32,395","36,930","38,835","50,939","52,943","33,945","15,912","2,434","69","143,122","143,122","5,951","10,880","15,829","18,992","19,529","24,468","24,797","15,587","6,385","686","18","153,675","153,675","5,502","10,062","16,566","17,938","19,306","26,471","28,146","18,358","9,527","1,748","51","296,457","296,457","11,427","20,911","32,245","36,883","38,796","50,845","52,858","34,019","15,962","2,440","71","142,958","142,958","5,922","10,864","15,769","18,991","19,501","24,427","24,753","15,616","6,417","680","18","153,499","153,499","5,505","10,047","16,476","17,892","19,295","26,418","28,105","18,403","9,545","1,760","53"
"서울특별시 노원구 (1135000000)","480,303","480,303","22,734","43,744","60,463","60,872","68,325","83,159","71,956","44,900","20,608","3,459","83","229,666","229,666","11,679","22,623","30,389","30,741","32,735","39,890","33,323","19,806","7,579","885","16","250,637","250,637","11,055","21,121","30,074","30,131","35,590","43,269","38,633","25,094","13,029","2,574","67","480,143","480,143","22,707","43,827","60,183","60,715","68,361","83,038","71,955","45,183","20,612","3,480","82","229,609","229,609","11,667","22,628","30,300","30,661","32,784","39,817","33,337","19,911","7,585","904","15","250,534","250,534","11,040","21,199","29,883","30,054","35,577","43,221","38,618","25,272","13,027","2,576","67","480,352","480,352","22,639","44,110","60,277","60,936","68,078","82,600","71,991","45,434","20,670","3,534","83","229,727","229,727","11,617","22,785","30,359","30,769","32,657","39,626","33,345","20,010","7,619","925","15","250,625","250,625","11,022","21,325","29,918","30,167","35,421","42,974","38,646","25,424","13,051","2,609","68","479,965","479,965","22,615","43,861","60,148","61,190","67,889","82,402","71,913","45,604","20,695","3,565","83","229,458","229,458","11,620","22,647","30,221","30,933","32,565","39,487","33,315","20,095","7,634","926","15","250,507","250,507","10,995","21,214","29,927","30,257","35,324","42,915","38,598","25,509","13,061","2,639","68","479,447","479,447","22,455","43,686","60,058","61,343","67,671","82,166","71,891","45,736","20,778","3,582","81","229,162","229,162","11,555","22,528","30,149","31,028","32,475","39,381","33,295","20,157","7,648","933","13","250,285","250,285","10,900","21,158","29,909","30,315","35,196","42,785","38,596","25,579","13,130","2,649","68","478,907","478,907","22,418","43,433","59,823","61,629","67,570","81,931","71,796","45,835","20,817","3,573","82","228,855","228,855","11,547","22,392","29,998","31,152","32,423","39,274","33,264","20,177","7,678","937","13","250,052","250,052","10,871","21,041","29,825","30,477","35,147","42,657","38,532","25,658","13,139","2,636","69"
"서울특별시 은평구 (1138000000)","452,115","452,115","20,276","33,460","55,416","66,486","63,909","76,001","68,391","43,992","21,168","2,950","66","213,803","213,803","10,469","17,017","25,706","32,424","31,492","36,560","31,747","19,049","8,426","897","16","238,312","238,312","9,807","16,443","29,710","34,062","32,417","39,441","36,644","24,943","12,742","2,053","50","451,605","451,605","20,092","33,343","55,208","66,341","63,747","75,942","68,427","44,259","21,182","2,994","70","213,496","213,496","10,369","16,967","25,605","32,315","31,418","36,507","31,765","19,200","8,418","916","16","238,109","238,109","9,723","16,376","29,603","34,026","32,329","39,435","36,662","25,059","12,764","2,078","54","451,385","451,385","20,047","33,276","54,933","66,508","63,497","75,772","68,465","44,526","21,239","3,055","67","213,364","213,364","10,347","16,906","25,471","32,387","31,290","36,467","31,776","19,334","8,443","926","17","238,021","238,021","9,700","16,370","29,462","34,121","32,207","39,305","36,689","25,192","12,796","2,129","50","450,831","450,831","19,945","33,167","54,673","66,535","63,337","75,603","68,483","44,604","21,322","3,097","65","213,092","213,092","10,295","16,842","25,363","32,392","31,215","36,389","31,796","19,372","8,478","933","17","237,739","237,739","9,650","16,325","29,310","34,143","32,122","39,214","36,687","25,232","12,844","2,164","48","450,685","450,685","19,827","33,087","54,538","66,675","63,195","75,505","68,515","44,736","21,422","3,119","66","213,031","213,031","10,236","16,801","25,310","32,456","31,168","36,312","31,826","19,434","8,534","937","17","237,654","237,654","9,591","16,286","29,228","34,219","32,027","39,193","36,689","25,302","12,888","2,182","49","450,511","450,511","19,774","33,023","54,318","66,774","63,208","75,419","68,492","44,844","21,463","3,131","65","212,897","212,897","10,214","16,781","25,194","32,516","31,144","36,245","31,822","19,479","8,537","948","17","237,614","237,614","9,560","16,242","29,124","34,258","32,064","39,174","36,670","25,365","12,926","2,183","48"
"서울특별시 서대문구 (1141000000)","297,580","297,580","15,105","21,582","44,501","44,761","41,619","47,076","41,291","25,676","13,789","2,130","50","140,604","140,604","7,742","10,713","20,269","22,043","20,480","22,857","19,401","11,161","5,273","656","9","156,976","156,976","7,363","10,869","24,232","22,718","21,139","24,219","21,890","14,515","8,516","1,474","41","297,813","297,813","15,026","21,755","44,571","44,651","41,610","47,055","41,366","25,778","13,788","2,163","50","140,617","140,617","7,677","10,763","20,292","21,976","20,469","22,828","19,470","11,194","5,281","658","9","157,196","157,196","7,349","10,992","24,279","22,675","21,141","24,227","21,896","14,584","8,507","1,505","41","298,233","298,233","14,948","21,874","44,692","44,883","41,490","46,964","41,411","25,932","13,794","2,198","47","140,635","140,635","7,635","10,816","20,266","22,059","20,401","22,737","19,513","11,242","5,291","666","9","157,598","157,598","7,313","11,058","24,426","22,824","21,089","24,227","21,898","14,690","8,503","1,532","38","298,046","298,046","14,902","21,794","44,513","45,074","41,435","46,884","41,429","25,986","13,766","2,216","47","140,485","140,485","7,622","10,766","20,149","22,166","20,361","22,663","19,539","11,260","5,275","675","9","157,561","157,561","7,280","11,028","24,364","22,908","21,074","24,221","21,890","14,726","8,491","1,541","38","297,895","297,895","14,859","21,731","44,428","45,151","41,321","46,829","41,421","26,065","13,795","2,245","50","140,341","140,341","7,617","10,733","20,037","22,164","20,314","22,622","19,556","11,313","5,295","679","11","157,554","157,554","7,242","10,998","24,391","22,987","21,007","24,207","21,865","14,752","8,500","1,566","39","297,475","297,475","14,878","21,597","44,234","45,221","41,253","46,721","41,344","26,105","13,827","2,245","50","140,103","140,103","7,636","10,653","19,929","22,176","20,277","22,608","19,509","11,328","5,297","679","11","157,372","157,372","7,242","10,944","24,305","23,045","20,976","24,113","21,835","14,777","8,530","1,566","39"
"서울특별시 마포구 (1144000000)","354,230","354,230","18,147","25,628","54,108","64,153","53,934","55,027","42,097","25,340","13,549","2,206","41","164,368","164,368","9,285","12,784","23,328","30,127","25,879","26,642","19,779","10,718","5,165","658","3","189,862","189,862","8,862","12,844","30,780","34,026","28,055","28,385","22,318","14,622","8,384","1,548","38","354,161","354,161","18,037","25,696","54,060","63,989","53,943","55,038","42,104","25,490","13,544","2,221","39","164,286","164,286","9,239","12,824","23,249","30,043","25,904","26,614","19,783","10,809","5,150","668","3","189,875","189,875","8,798","12,872","30,811","33,946","28,039","28,424","22,321","14,681","8,394","1,553","36","353,997","353,997","17,953","25,669","53,939","64,147","53,707","54,946","42,096","25,710","13,546","2,240","44","164,245","164,245","9,198","12,812","23,201","30,131","25,818","26,550","19,807","10,892","5,162","669","5","189,752","189,752","8,755","12,857","30,738","34,016","27,889","28,396","22,289","14,818","8,384","1,571","39","353,917","353,917","17,946","25,657","53,739","64,213","53,653","54,975","42,128","25,777","13,523","2,261","45","164,199","164,199","9,215","12,791","23,118","30,139","25,790","26,568","19,836","10,920","5,140","676","6","189,718","189,718","8,731","12,866","30,621","34,074","27,863","28,407","22,292","14,857","8,383","1,585","39","353,898","353,898","17,923","25,628","53,600","64,268","53,593","55,026","42,116","25,851","13,555","2,294","44","164,252","164,252","9,202","12,803","23,070","30,182","25,779","26,554","19,865","10,954","5,142","695","6","189,646","189,646","8,721","12,825","30,530","34,086","27,814","28,472","22,251","14,897","8,413","1,599","38","353,527","353,527","17,836","25,584","53,400","64,161","53,594","55,007","42,094","25,919","13,576","2,312","44","164,005","164,005","9,153","12,750","22,981","30,102","25,788","26,508","19,882","10,985","5,151","699","6","189,522","189,522","8,683","12,834","30,419","34,059","27,806","28,499","22,212","14,934","8,425","1,613","38"
"서울특별시 양천구 (1147000000)","422,257","422,257","22,525","46,189","46,311","51,449","68,870","71,289","61,777","37,648","13,950","2,187","62","205,412","205,412","11,536","23,900","23,136","25,574","33,037","35,158","29,358","17,555","5,617","533","8","216,845","216,845","10,989","22,289","23,175","25,875","35,833","36,131","32,419","20,093","8,333","1,654","54","422,155","422,155","22,616","46,055","46,025","51,356","69,000","71,122","61,832","37,878","13,998","2,209","64","205,380","205,380","11,601","23,814","22,983","25,524","33,123","35,109","29,373","17,664","5,637","544","8","216,775","216,775","11,015","22,241","23,042","25,832","35,877","36,013","32,459","20,214","8,361","1,665","56","421,364","421,364","22,517","45,871","45,678","51,428","68,662","70,862","61,807","38,168","14,078","2,231","62","204,922","204,922","11,561","23,666","22,814","25,525","32,982","34,983","29,368","17,793","5,674","548","8","216,442","216,442","10,956","22,205","22,864","25,903","35,680","35,879","32,439","20,375","8,404","1,683","54","420,607","420,607","22,407","45,716","45,376","51,420","68,431","70,726","61,846","38,291","14,069","2,262","63","204,586","204,586","11,515","23,592","22,649","25,541","32,881","34,929","29,395","17,844","5,674","559","7","216,021","216,021","10,892","22,124","22,727","25,879","35,550","35,797","32,451","20,447","8,395","1,703","56","419,789","419,789","22,285","45,610","45,052","51,341","68,237","70,546","61,814","38,451","14,111","2,282","60","204,165","204,165","11,459","23,553","22,459","25,506","32,776","34,845","29,375","17,915","5,706","565","6","215,624","215,624","10,826","22,057","22,593","25,835","35,461","35,701","32,439","20,536","8,405","1,717","54","418,967","418,967","22,161","45,536","44,820","51,261","68,109","70,376","61,663","38,529","14,181","2,273","58","203,721","203,721","11,395","23,498","22,277","25,519","32,702","34,761","29,305","17,928","5,761","569","6","215,246","215,246","10,766","22,038","22,543","25,742","35,407","35,615","32,358","20,601","8,420","1,704","52"
"서울특별시 강서구 (1150000000)","546,456","546,456","26,503","39,997","70,997","95,833","81,019","80,634","78,294","50,177","19,656","3,252","94","260,873","260,873","13,605","20,431","31,597","47,591","40,725","39,484","35,943","22,741","7,898","845","13","285,583","285,583","12,898","19,566","39,400","48,242","40,294","41,150","42,351","27,436","11,758","2,407","81","545,970","545,970","26,368","39,865","70,688","95,572","81,034","80,601","78,266","50,459","19,737","3,287","93","260,526","260,526","13,559","20,354","31,362","47,446","40,759","39,408","35,961","22,875","7,937","851","14","285,444","285,444","12,809","19,511","39,326","48,126","40,275","41,193","42,305","27,584","11,800","2,436","79","545,913","545,913","26,271","39,819","70,334","95,986","80,759","80,378","78,256","50,890","19,796","3,332","92","260,454","260,454","13,514","20,329","31,223","47,658","40,593","39,313","35,947","23,032","7,954","877","14","285,459","285,459","12,757","19,490","39,111","48,328","40,166","41,065","42,309","27,858","11,842","2,455","78","545,653","545,653","26,186","39,763","70,068","96,082","80,648","80,292","78,218","51,097","19,845","3,362","92","260,299","260,299","13,459","20,319","31,065","47,738","40,501","39,304","35,924","23,106","7,987","884","12","285,354","285,354","12,727","19,444","39,003","48,344","40,147","40,988","42,294","27,991","11,858","2,478","80","545,570","545,570","26,143","39,701","69,714","96,220","80,676","80,215","78,132","51,358","19,934","3,387","90","260,268","260,268","13,420","20,283","30,947","47,778","40,550","39,229","35,905","23,212","8,039","893","12","285,302","285,302","12,723","19,418","38,767","48,442","40,126","40,986","42,227","28,146","11,895","2,494","78","545,470","545,470","26,081","39,727","69,455","96,263","80,689","80,249","78,003","51,505","20,030","3,377","91","260,144","260,144","13,364","20,287","30,850","47,770","40,532","39,241","35,846","23,272","8,079","891","12","285,326","285,326","12,717","19,440","38,605","48,493","40,157","41,008","42,157","28,233","11,951","2,486","79"
"서울특별시 구로구 (1153000000)","381,281","381,281","19,414","26,861","45,597","61,188","54,209","59,479","57,539","38,782","16,029","2,143","40","186,200","186,200","9,993","13,547","21,729","31,235","27,714","29,641","27,329","17,620","6,767","621","4","195,081","195,081","9,421","13,314","23,868","29,953","26,495","29,838","30,210","21,162","9,262","1,522","36","380,865","380,865","19,230","26,804","45,488","61,088","54,039","59,510","57,486","38,956","16,048","2,176","40","186,020","186,020","9,911","13,520","21,680","31,180","27,657","29,636","27,335","17,690","6,772","635","4","194,845","194,845","9,319","13,284","23,808","29,908","26,382","29,874","30,151","21,266","9,276","1,541","36","380,911","380,911","19,182","26,808","45,387","61,257","53,897","59,232","57,555","39,197","16,149","2,208","39","185,987","185,987","9,869","13,538","21,637","31,249","27,582","29,505","27,333","17,808","6,818","644","4","194,924","194,924","9,313","13,270","23,750","30,008","26,315","29,727","30,222","21,389","9,331","1,564","35","380,796","380,796","19,141","26,755","45,179","61,428","53,808","59,197","57,495","39,334","16,197","2,224","38","185,878","185,878","9,836","13,521","21,536","31,346","27,523","29,456","27,290","17,872","6,850","645","3","194,918","194,918","9,305","13,234","23,643","30,082","26,285","29,741","30,205","21,462","9,347","1,579","35","380,746","380,746","19,088","26,713","44,948","61,641","53,768","59,119","57,482","39,450","16,261","2,237","39","185,794","185,794","9,827","13,486","21,409","31,439","27,469","29,424","27,284","17,927","6,874","652","3","194,952","194,952","9,261","13,227","23,539","30,202","26,299","29,695","30,198","21,523","9,387","1,585","36","380,728","380,728","19,051","26,646","44,942","61,718","53,737","59,024","57,436","39,573","16,318","2,242","41","185,745","185,745","9,823","13,459","21,374","31,461","27,452","29,365","27,280","17,959","6,914","653","5","194,983","194,983","9,228","13,187","23,568","30,257","26,285","29,659","30,156","21,614","9,404","1,589","36"
"서울특별시 금천구 (1154500000)","221,840","221,840","8,259","11,989","31,368","39,648","27,269","34,657","36,749","21,530","9,127","1,221","23","111,296","111,296","4,217","6,104","14,935","21,770","14,655","17,398","18,154","9,930","3,800","326","7","110,544","110,544","4,042","5,885","16,433","17,878","12,614","17,259","18,595","11,600","5,327","895","16","221,639","221,639","8,171","11,948","31,262","39,632","27,227","34,553","36,802","21,660","9,135","1,225","24","111,194","111,194","4,163","6,091","14,886","21,779","14,647","17,322","18,182","9,987","3,801","329","7","110,445","110,445","4,008","5,857","16,376","17,853","12,580","17,231","18,620","11,673","5,334","896","17","221,554","221,554","8,142","11,916","31,169","39,747","27,167","34,301","36,868","21,786","9,184","1,251","23","111,113","111,113","4,142","6,079","14,803","21,825","14,636","17,159","18,251","10,047","3,824","341","6","110,441","110,441","4,000","5,837","16,366","17,922","12,531","17,142","18,617","11,739","5,360","910","17","221,562","221,562","8,120","11,902","31,059","39,862","27,143","34,214","36,853","21,906","9,220","1,260","23","111,078","111,078","4,134","6,056","14,715","21,868","14,635","17,121","18,257","10,107","3,829","350","6","110,484","110,484","3,986","5,846","16,344","17,994","12,508","17,093","18,596","11,799","5,391","910","17","221,491","221,491","8,071","11,877","30,968","39,945","27,124","34,125","36,854","21,971","9,263","1,271","22","111,065","111,065","4,115","6,033","14,672","21,910","14,641","17,102","18,233","10,152","3,844","357","6","110,426","110,426","3,956","5,844","16,296","18,035","12,483","17,023","18,621","11,819","5,419","914","16","221,350","221,350","8,060","11,841","30,807","39,996","27,127","34,007","36,905","22,012","9,299","1,272","24","110,969","110,969","4,108","6,012","14,590","21,926","14,648","17,047","18,244","10,169","3,861","356","8","110,381","110,381","3,952","5,829","16,217","18,070","12,479","16,960","18,661","11,843","5,438","916","16"
"서울특별시 영등포구 (1156000000)","368,295","368,295","19,633","22,273","52,310","73,850","51,574","53,067","48,309","30,745","14,290","2,195","49","179,452","179,452","10,009","11,476","23,161","37,110","26,443","26,628","23,852","14,139","5,907","717","10","188,843","188,843","9,624","10,797","29,149","36,740","25,131","26,439","24,457","16,606","8,383","1,478","39","368,150","368,150","19,457","22,283","52,214","73,706","51,594","53,124","48,339","30,838","14,324","2,223","48","179,329","179,329","9,921","11,471","23,110","36,996","26,448","26,652","23,891","14,179","5,940","712","9","188,821","188,821","9,536","10,812","29,104","36,710","25,146","26,472","24,448","16,659","8,384","1,511","39","368,299","368,299","19,447","22,244","52,157","74,070","51,412","52,921","48,433","30,970","14,338","2,259","48","179,356","179,356","9,897","11,436","23,083","37,150","26,331","26,591","23,943","14,231","5,954","731","9","188,943","188,943","9,550","10,808","29,074","36,920","25,081","26,330","24,490","16,739","8,384","1,528","39","368,598","368,598","19,482","22,249","51,914","74,452","51,397","52,933","48,474","31,026","14,333","2,291","47","179,516","179,516","9,923","11,439","22,988","37,308","26,348","26,579","23,983","14,240","5,956","743","9","189,082","189,082","9,559","10,810","28,926","37,144","25,049","26,354","24,491","16,786","8,377","1,548","38","368,925","368,925","19,476","22,270","51,694","74,698","51,455","52,966","48,517","31,122","14,376","2,305","46","179,650","179,650","9,927","11,457","22,893","37,405","26,345","26,576","24,031","14,280","5,972","754","10","189,275","189,275","9,549","10,813","28,801","37,293","25,110","26,390","24,486","16,842","8,404","1,551","36","369,038","369,038","19,518","22,270","51,544","74,846","51,540","52,898","48,457","31,203","14,426","2,291","45","179,709","179,709","9,951","11,448","22,838","37,486","26,363","26,564","24,015","14,297","5,988","749","10","189,329","189,329","9,567","10,822","28,706","37,360","25,177","26,334","24,442","16,906","8,438","1,542","35"
"서울특별시 동작구 (1159000000)","369,347","369,347","17,262","24,789","59,494","61,302","50,559","55,748","49,401","33,012","15,461","2,265","54","178,191","178,191","8,869","12,705","28,271","31,303","25,422","27,113","22,954","14,398","6,453","691","12","191,156","191,156","8,393","12,084","31,223","29,999","25,137","28,635","26,447","18,614","9,008","1,574","42","369,340","369,340","17,120","24,963","59,369","61,215","50,389","55,784","49,484","33,137","15,540","2,286","53","178,233","178,233","8,809","12,781","28,262","31,259","25,327","27,144","23,005","14,438","6,494","702","12","191,107","191,107","8,311","12,182","31,107","29,956","25,062","28,640","26,479","18,699","9,046","1,584","41","369,835","369,835","17,102","25,117","59,360","61,599","50,179","55,764","49,467","33,244","15,613","2,337","53","178,426","178,426","8,810","12,839","28,260","31,411","25,234","27,110","23,024","14,498","6,510","717","13","191,409","191,409","8,292","12,278","31,100","30,188","24,945","28,654","26,443","18,746","9,103","1,620","40","369,852","369,852","17,097","25,032","59,205","61,859","50,160","55,704","49,400","33,319","15,659","2,367","50","178,441","178,441","8,789","12,827","28,142","31,566","25,227","27,120","22,973","14,532","6,532","721","12","191,411","191,411","8,308","12,205","31,063","30,293","24,933","28,584","26,427","18,787","9,127","1,646","38","369,929","369,929","17,163","25,006","59,010","61,970","50,139","55,721","49,330","33,413","15,723","2,405","49","178,483","178,483","8,836","12,799","28,049","31,638","25,240","27,088","22,989","14,549","6,548","735","12","191,446","191,446","8,327","12,207","30,961","30,332","24,899","28,633","26,341","18,864","9,175","1,670","37","369,604","369,604","17,174","24,880","58,905","61,959","50,095","55,720","49,177","33,417","15,815","2,414","48","178,319","178,319","8,851","12,741","27,950","31,659","25,204","27,090","22,949","14,532","6,598","734","11","191,285","191,285","8,323","12,139","30,955","30,300","24,891","28,630","26,228","18,885","9,217","1,680","37"
"서울특별시 관악구 (1162000000)","474,352","474,352","13,808","23,506","100,939","93,574","56,968","63,739","59,414","41,270","18,846","2,247","41","238,326","238,326","7,022","11,896","48,335","52,244","30,775","32,720","28,391","18,271","7,973","694","5","236,026","236,026","6,786","11,610","52,604","41,330","26,193","31,019","31,023","22,999","10,873","1,553","36","474,921","474,921","13,689","23,770","101,260","93,438","56,935","63,719","59,430","41,429","18,911","2,298","42","238,542","238,542","6,960","12,010","48,461","52,151","30,782","32,715","28,417","18,345","7,975","721","5","236,379","236,379","6,729","11,760","52,799","41,287","26,153","31,004","31,013","23,084","10,936","1,577","37","475,220","475,220","13,592","23,914","101,298","93,770","56,768","63,492","59,341","41,674","18,978","2,351","42","238,619","238,619","6,891","12,042","48,436","52,323","30,690","32,670","28,354","18,462","8,008","737","6","236,601","236,601","6,701","11,872","52,862","41,447","26,078","30,822","30,987","23,212","10,970","1,614","36","474,894","474,894","13,581","23,796","101,010","93,973","56,650","63,392","59,312","41,715","19,064","2,357","44","238,386","238,386","6,889","11,972","48,229","52,432","30,630","32,609","28,363","18,482","8,033","741","6","236,508","236,508","6,692","11,824","52,781","41,541","26,020","30,783","30,949","23,233","11,031","1,616","38","474,898","474,898","13,481","23,643","100,885","94,262","56,604","63,323","59,296","41,816","19,149","2,394","45","238,406","238,406","6,851","11,876","48,154","52,643","30,611","32,552","28,367","18,514","8,079","753","6","236,492","236,492","6,630","11,767","52,731","41,619","25,993","30,771","30,929","23,302","11,070","1,641","39","474,566","474,566","13,418","23,506","100,643","94,402","56,597","63,235","59,230","41,892","19,215","2,384","44","238,223","238,223","6,813","11,808","48,016","52,705","30,637","32,494","28,346","18,557","8,093","748","6","236,343","236,343","6,605","11,698","52,627","41,697","25,960","30,741","30,884","23,335","11,122","1,636","38"
"서울특별시 서초구 (1165000000)","411,346","411,346","26,458","45,737","47,768","57,261","70,669","67,374","48,026","32,274","13,535","2,182","62","195,489","195,489","13,681","23,052","22,589","26,662","32,549","33,108","22,446","14,500","6,174","712","16","215,857","215,857","12,777","22,685","25,179","30,599","38,120","34,266","25,580","17,774","7,361","1,470","46","411,632","411,632","26,510","45,784","47,525","57,089","70,880","67,504","48,016","32,458","13,606","2,195","65","195,552","195,552","13,706","23,078","22,451","26,543","32,678","33,124","22,444","14,595","6,205","711","17","216,080","216,080","12,804","22,706","25,074","30,546","38,202","34,380","25,572","17,863","7,401","1,484","48","411,494","411,494","26,403","45,725","47,383","57,135","70,509","67,591","48,104","32,652","13,706","2,222","64","195,413","195,413","13,649","23,040","22,374","26,536","32,504","33,137","22,500","14,705","6,226","725","17","216,081","216,081","12,754","22,685","25,009","30,599","38,005","34,454","25,604","17,947","7,480","1,497","47","410,939","410,939","26,303","45,667","47,164","56,998","70,335","67,622","48,075","32,724","13,754","2,235","62","195,097","195,097","13,611","22,978","22,259","26,483","32,386","33,147","22,505","14,729","6,248","737","14","215,842","215,842","12,692","22,689","24,905","30,515","37,949","34,475","25,570","17,995","7,506","1,498","48","410,422","410,422","26,140","45,548","47,104","56,915","70,118","67,665","48,012","32,778","13,836","2,249","57","194,819","194,819","13,537","22,908","22,205","26,475","32,252","33,147","22,505","14,742","6,281","753","14","215,603","215,603","12,603","22,640","24,899","30,440","37,866","34,518","25,507","18,036","7,555","1,496","43","410,318","410,318","26,041","45,504","47,038","56,827","70,042","67,753","47,991","32,859","13,951","2,253","59","194,700","194,700","13,458","22,888","22,176","26,419","32,235","33,187","22,472","14,770","6,334","746","15","215,618","215,618","12,583","22,616","24,862","30,408","37,807","34,566","25,519","18,089","7,617","1,507","44"
"서울특별시 강남구 (1168000000)","548,767","548,767","31,839","63,729","62,434","79,541","98,437","86,861","62,427","43,758","16,965","2,696","80","261,991","261,991","16,358","33,230","29,295","37,385","44,777","43,465","29,258","19,592","7,817","796","18","286,776","286,776","15,481","30,499","33,139","42,156","53,660","43,396","33,169","24,166","9,148","1,900","62","548,452","548,452","31,874","63,674","61,971","79,181","98,569","86,902","62,425","44,015","17,037","2,723","81","261,834","261,834","16,414","33,166","29,106","37,199","44,869","43,458","29,247","19,707","7,842","807","19","286,618","286,618","15,460","30,508","32,865","41,982","53,700","43,444","33,178","24,308","9,195","1,916","62","547,136","547,136","31,655","63,494","61,556","79,038","98,059","86,757","62,313","44,307","17,137","2,736","84","261,114","261,114","16,322","33,035","28,865","37,137","44,614","43,385","29,226","19,793","7,907","811","19","286,022","286,022","15,333","30,459","32,691","41,901","53,445","43,372","33,087","24,514","9,230","1,925","65","546,252","546,252","31,482","63,468","61,265","78,741","97,727","86,883","62,203","44,413","17,214","2,768","88","260,604","260,604","16,233","33,006","28,701","36,968","44,482","43,389","29,215","19,814","7,958","818","20","285,648","285,648","15,249","30,462","32,564","41,773","53,245","43,494","32,988","24,599","9,256","1,950","68","545,960","545,960","31,300","63,414","61,139","78,633","97,569","87,027","62,077","44,634","17,285","2,794","88","260,452","260,452","16,144","32,996","28,600","36,900","44,434","43,464","29,167","19,904","7,993","831","19","285,508","285,508","15,156","30,418","32,539","41,733","53,135","43,563","32,910","24,730","9,292","1,963","69","545,825","545,825","31,200","63,406","61,063","78,442","97,431","87,140","62,109","44,722","17,426","2,800","86","260,345","260,345","16,094","32,978","28,555","36,801","44,326","43,520","29,224","19,943","8,053","833","18","285,480","285,480","15,106","30,428","32,508","41,641","53,105","43,620","32,885","24,779","9,373","1,967","68"
"서울특별시 송파구 (1171000000)","641,695","641,695","39,345","57,138","75,792","105,697","103,499","97,489","86,959","53,427","19,051","3,215","83","307,095","307,095","20,201","28,866","35,380","50,572","49,771","47,199","40,670","25,173","8,358","887","18","334,600","334,600","19,144","28,272","40,412","55,125","53,728","50,290","46,289","28,254","10,693","2,328","65","644,898","644,898","39,817","57,505","75,595","106,076","104,302","97,870","87,267","53,950","19,185","3,246","85","308,696","308,696","20,447","29,068","35,264","50,774","50,167","47,400","40,817","25,400","8,436","904","19","336,202","336,202","19,370","28,437","40,331","55,302","54,135","50,470","46,450","28,550","10,749","2,342","66","645,942","645,942","39,759","57,546","75,409","106,370","104,205","97,917","87,541","54,502","19,309","3,298","86","309,180","309,180","20,403","29,091","35,173","50,925","50,155","47,369","40,986","25,629","8,506","923","20","336,762","336,762","19,356","28,455","40,236","55,445","54,050","50,548","46,555","28,873","10,803","2,375","66","646,319","646,319","39,685","57,594","75,105","106,551","104,197","97,900","87,720","54,763","19,413","3,305","86","309,275","309,275","20,326","29,121","35,016","51,001","50,118","47,350","41,083","25,744","8,565","930","21","337,044","337,044","19,359","28,473","40,089","55,550","54,079","50,550","46,637","29,019","10,848","2,375","65","646,378","646,378","39,572","57,668","74,877","106,593","104,188","97,846","87,731","54,973","19,525","3,324","81","309,246","309,246","20,245","29,204","34,798","51,084","50,078","47,328","41,109","25,813","8,626","941","20","337,132","337,132","19,327","28,464","40,079","55,509","54,110","50,518","46,622","29,160","10,899","2,383","61","646,130","646,130","39,467","57,726","74,738","106,361","104,297","97,823","87,554","55,154","19,620","3,307","83","309,099","309,099","20,210","29,209","34,760","50,943","50,088","47,363","41,030","25,863","8,671","942","20","337,031","337,031","19,257","28,517","39,978","55,418","54,209","50,460","46,524","29,291","10,949","2,365","63"
"서울특별시 강동구 (1174000000)","496,571","496,571","31,964","43,702","55,319","77,067","80,586","74,567","71,584","44,018","15,267","2,431","66","241,852","241,852","16,655","23,138","26,107","37,908","39,989","36,768","33,463","20,568","6,653","592","11","254,719","254,719","15,309","20,564","29,212","39,159","40,597","37,799","38,121","23,450","8,614","1,839","55","497,345","497,345","32,030","43,769","55,202","77,079","80,933","74,651","71,568","44,264","15,335","2,448","66","242,217","242,217","16,688","23,208","26,026","37,891","40,148","36,820","33,482","20,658","6,680","604","12","255,128","255,128","15,342","20,561","29,176","39,188","40,785","37,831","38,086","23,606","8,655","1,844","54","497,089","497,089","31,872","43,784","54,835","77,178","80,828","74,473","71,545","44,595","15,427","2,483","69","241,991","241,991","16,589","23,214","25,847","37,894","40,095","36,708","33,501","20,780","6,738","613","12","255,098","255,098","15,283","20,570","28,988","39,284","40,733","37,765","38,044","23,815","8,689","1,870","57","496,781","496,781","31,742","43,821","54,587","77,115","80,663","74,480","71,504","44,847","15,446","2,507","69","241,796","241,796","16,500","23,239","25,722","37,861","39,985","36,719","33,499","20,872","6,759","627","13","254,985","254,985","15,242","20,582","28,865","39,254","40,678","37,761","38,005","23,975","8,687","1,880","56","496,406","496,406","31,634","43,826","54,236","77,047","80,589","74,492","71,413","45,072","15,500","2,523","74","241,645","241,645","16,478","23,209","25,596","37,807","39,929","36,723","33,508","20,929","6,814","639","13","254,761","254,761","15,156","20,617","28,640","39,240","40,660","37,769","37,905","24,143","8,686","1,884","61","496,380","496,380","31,539","43,937","54,058","76,935","80,698","74,458","71,345","45,218","15,600","2,517","75","241,572","241,572","16,399","23,282","25,505","37,724","39,960","36,732","33,478","20,988","6,851","640","13","254,808","254,808","15,140","20,655","28,553","39,211","40,738","37,726","37,867","24,230","8,749","1,877","62"
"부산광역시  (2600000000)","3,226,530","3,226,530","168,864","264,812","335,906","386,630","456,338","525,255","549,261","366,210","151,676","21,150","428","1,567,353","1,567,353","86,473","135,613","171,002","199,718","230,874","257,791","257,749","164,404","58,611","5,070","48","1,659,177","1,659,177","82,391","129,199","164,904","186,912","225,464","267,464","291,512","201,806","93,065","16,080","380","3,225,845","3,225,845","168,232","265,349","334,704","385,869","455,752","524,673","549,411","368,145","151,910","21,365","435","1,566,926","1,566,926","86,126","135,782","170,413","199,402","230,640","257,409","258,016","165,220","58,721","5,149","48","1,658,919","1,658,919","82,106","129,567","164,291","186,467","225,112","267,264","291,395","202,925","93,189","16,216","387","3,224,128","3,224,128","167,285","265,836","332,894","386,497","454,357","522,629","549,587","370,433","152,518","21,637","455","1,565,900","1,565,900","85,666","135,909","169,537","199,697","229,970","256,446","258,113","166,192","59,083","5,236","51","1,658,228","1,658,228","81,619","129,927","163,357","186,800","224,387","266,183","291,474","204,241","93,435","16,401","404","3,222,336","3,222,336","166,561","265,825","331,529","386,695","453,569","521,801","549,258","372,195","152,659","21,785","459","1,564,948","1,564,948","85,285","135,861","168,876","199,838","229,571","256,051","258,000","166,943","59,179","5,292","52","1,657,388","1,657,388","81,276","129,964","162,653","186,857","223,998","265,750","291,258","205,252","93,480","16,493","407","3,221,298","3,221,298","165,836","265,854","330,569","386,958","453,063","520,860","548,814","373,719","153,216","21,945","464","1,564,300","1,564,300","84,874","135,893","168,397","199,958","229,430","255,448","257,860","167,556","59,475","5,354","55","1,656,998","1,656,998","80,962","129,961","162,172","187,000","223,633","265,412","290,954","206,163","93,741","16,591","409","3,219,424","3,219,424","165,237","265,716","329,397","387,149","453,013","519,884","548,378","374,722","153,559","21,907","462","1,563,164","1,563,164","84,593","135,838","167,677","200,067","229,304","255,045","257,698","167,878","59,642","5,368","54","1,656,260","1,656,260","80,644","129,878","161,720","187,082","223,709","264,839","290,680","206,844","93,917","16,539","408"
"부산광역시 중구 (2611000000)","36,156","36,156","614","1,491","4,599","3,993","3,846","5,834","7,169","5,669","2,582","349","10","17,486","17,486","330","723","2,113","2,200","2,077","3,071","3,445","2,476","964","86","1","18,670","18,670","284","768","2,486","1,793","1,769","2,763","3,724","3,193","1,618","263","9","36,109","36,109","602","1,508","4,614","3,979","3,793","5,804","7,178","5,695","2,577","348","11","17,488","17,488","331","721","2,133","2,203","2,052","3,060","3,451","2,486","964","86","1","18,621","18,621","271","787","2,481","1,776","1,741","2,744","3,727","3,209","1,613","262","10","36,108","36,108","599","1,513","4,619","3,986","3,787","5,767","7,172","5,715","2,582","357","11","17,474","17,474","328","721","2,132","2,203","2,051","3,048","3,444","2,485","975","86","1","18,634","18,634","271","792","2,487","1,783","1,736","2,719","3,728","3,230","1,607","271","10","36,118","36,118","603","1,511","4,628","3,986","3,768","5,777","7,166","5,729","2,582","357","11","17,473","17,473","333","720","2,143","2,208","2,030","3,050","3,439","2,491","974","84","1","18,645","18,645","270","791","2,485","1,778","1,738","2,727","3,727","3,238","1,608","273","10","36,099","36,099","605","1,513","4,618","3,988","3,767","5,751","7,159","5,742","2,591","354","11","17,453","17,453","331","724","2,139","2,201","2,031","3,037","3,428","2,500","974","87","1","18,646","18,646","274","789","2,479","1,787","1,736","2,714","3,731","3,242","1,617","267","10","36,030","36,030","595","1,516","4,596","3,964","3,754","5,740","7,139","5,748","2,615","353","10","17,440","17,440","327","725","2,134","2,199","2,025","3,032","3,431","2,490","985","91","1","18,590","18,590","268","791","2,462","1,765","1,729","2,708","3,708","3,258","1,630","262","9"
"부산광역시 서구 (2614000000)","101,157","101,157","4,090","6,995","10,552","10,081","12,551","16,342","18,833","14,135","6,599","954","25","48,469","48,469","2,109","3,628","5,023","5,172","6,389","8,345","8,927","6,196","2,454","221","5","52,688","52,688","1,981","3,367","5,529","4,909","6,162","7,997","9,906","7,939","4,145","733","20","101,092","101,092","4,047","7,061","10,507","10,018","12,533","16,310","18,802","14,213","6,620","955","26","48,425","48,425","2,093","3,640","5,022","5,128","6,384","8,317","8,920","6,240","2,453","223","5","52,667","52,667","1,954","3,421","5,485","4,890","6,149","7,993","9,882","7,973","4,167","732","21","100,975","100,975","4,003","7,096","10,516","9,999","12,443","16,237","18,787","14,277","6,633","955","29","48,335","48,335","2,065","3,667","5,028","5,102","6,330","8,281","8,904","6,271","2,460","221","6","52,640","52,640","1,938","3,429","5,488","4,897","6,113","7,956","9,883","8,006","4,173","734","23","100,838","100,838","3,998","7,059","10,454","10,015","12,391","16,185","18,764","14,331","6,656","956","29","48,278","48,278","2,062","3,645","4,993","5,113","6,309","8,252","8,907","6,291","2,477","223","6","52,560","52,560","1,936","3,414","5,461","4,902","6,082","7,933","9,857","8,040","4,179","733","23","100,843","100,843","4,001","7,052","10,442","10,047","12,363","16,163","18,724","14,396","6,666","961","28","48,255","48,255","2,061","3,637","4,984","5,122","6,299","8,242","8,890","6,309","2,474","231","6","52,588","52,588","1,940","3,415","5,458","4,925","6,064","7,921","9,834","8,087","4,192","730","22","100,743","100,743","3,975","7,031","10,423","10,041","12,352","16,142","18,686","14,417","6,679","970","27","48,179","48,179","2,048","3,625","4,971","5,109","6,295","8,229","8,875","6,304","2,486","232","5","52,564","52,564","1,927","3,406","5,452","4,932","6,057","7,913","9,811","8,113","4,193","738","22"
"부산광역시 동구 (2617000000)","83,268","83,268","3,440","4,485","7,963","10,579","10,391","13,342","14,931","11,629","5,676","819","13","40,373","40,373","1,769","2,281","3,760","5,522","5,585","6,951","7,234","5,059","2,021","191","0","42,895","42,895","1,671","2,204","4,203","5,057","4,806","6,391","7,697","6,570","3,655","628","13","83,060","83,060","3,381","4,477","7,912","10,515","10,357","13,330","14,943","11,629","5,669","833","14","40,280","40,280","1,743","2,278","3,723","5,504","5,556","6,962","7,241","5,060","2,017","196","0","42,780","42,780","1,638","2,199","4,189","5,011","4,801","6,368","7,702","6,569","3,652","637","14","83,036","83,036","3,372","4,480","7,857","10,522","10,323","13,304","14,931","11,716","5,677","838","16","40,269","40,269","1,743","2,280","3,685","5,511","5,528","6,952","7,242","5,090","2,039","199","0","42,767","42,767","1,629","2,200","4,172","5,011","4,795","6,352","7,689","6,626","3,638","639","16","82,981","82,981","3,371","4,470","7,842","10,483","10,327","13,278","14,897","11,739","5,693","865","16","40,236","40,236","1,751","2,269","3,679","5,491","5,521","6,938","7,227","5,100","2,058","202","0","42,745","42,745","1,620","2,201","4,163","4,992","4,806","6,340","7,670","6,639","3,635","663","16","82,940","82,940","3,363","4,466","7,818","10,507","10,299","13,256","14,878","11,773","5,695","869","16","40,249","40,249","1,749","2,275","3,670","5,503","5,514","6,929","7,238","5,112","2,054","204","1","42,691","42,691","1,614","2,191","4,148","5,004","4,785","6,327","7,640","6,661","3,641","665","15","82,869","82,869","3,340","4,473","7,761","10,546","10,309","13,210","14,845","11,801","5,707","861","16","40,242","40,242","1,747","2,270","3,647","5,537","5,516","6,918","7,226","5,123","2,055","202","1","42,627","42,627","1,593","2,203","4,114","5,009","4,793","6,292","7,619","6,678","3,652","659","15"
"부산광역시 영도구 (2620000000)","100,778","100,778","3,516","6,279","8,586","8,810","11,867","16,674","20,373","16,275","7,444","940","14","49,362","49,362","1,801","3,268","4,699","4,724","6,226","8,608","9,898","7,171","2,734","232","1","51,416","51,416","1,715","3,011","3,887","4,086","5,641","8,066","10,475","9,104","4,710","708","13","100,471","100,471","3,483","6,268","8,489","8,704","11,798","16,653","20,320","16,337","7,459","945","15","49,199","49,199","1,778","3,252","4,662","4,662","6,193","8,601","9,883","7,186","2,743","238","1","51,272","51,272","1,705","3,016","3,827","4,042","5,605","8,052","10,437","9,151","4,716","707","14","100,267","100,267","3,456","6,263","8,375","8,711","11,762","16,530","20,301","16,419","7,469","965","16","49,105","49,105","1,763","3,264","4,587","4,674","6,180","8,528","9,880","7,232","2,747","249","1","51,162","51,162","1,693","2,999","3,788","4,037","5,582","8,002","10,421","9,187","4,722","716","15","100,176","100,176","3,419","6,250","8,400","8,723","11,707","16,497","20,254","16,480","7,457","974","15","49,074","49,074","1,745","3,257","4,613","4,684","6,162","8,489","9,863","7,266","2,742","252","1","51,102","51,102","1,674","2,993","3,787","4,039","5,545","8,008","10,391","9,214","4,715","722","14","100,285","100,285","3,407","6,252","8,499","8,755","11,695","16,420","20,220","16,535","7,510","979","13","49,177","49,177","1,738","3,257","4,709","4,692","6,154","8,453","9,862","7,283","2,775","254","0","51,108","51,108","1,669","2,995","3,790","4,063","5,541","7,967","10,358","9,252","4,735","725","13","100,111","100,111","3,400","6,227","8,484","8,713","11,670","16,350","20,185","16,558","7,535","975","14","49,111","49,111","1,745","3,242","4,723","4,669","6,139","8,420","9,846","7,295","2,782","250","0","51,000","51,000","1,655","2,985","3,761","4,044","5,531","7,930","10,339","9,263","4,753","725","14"
"부산광역시 부산진구 (2623000000)","363,573","363,573","18,424","24,401","46,386","53,958","48,769","55,618","58,361","38,678","16,702","2,230","46","173,637","173,637","9,384","12,163","21,579","27,418","24,831","27,127","27,021","17,230","6,301","580","3","189,936","189,936","9,040","12,238","24,807","26,540","23,938","28,491","31,340","21,448","10,401","1,650","43","363,593","363,593","18,350","24,517","46,374","53,813","48,686","55,564","58,411","38,858","16,740","2,234","46","173,556","173,556","9,329","12,212","21,548","27,317","24,793","27,112","27,035","17,310","6,315","582","3","190,037","190,037","9,021","12,305","24,826","26,496","23,893","28,452","31,376","21,548","10,425","1,652","43","363,502","363,502","18,253","24,631","46,181","53,879","48,604","55,323","58,436","39,108","16,774","2,266","47","173,437","173,437","9,278","12,252","21,448","27,308","24,771","27,026","27,028","17,391","6,336","596","3","190,065","190,065","8,975","12,379","24,733","26,571","23,833","28,297","31,408","21,717","10,438","1,670","44","363,371","363,371","18,194","24,627","46,027","53,927","48,572","55,183","58,381","39,338","16,774","2,299","49","173,392","173,392","9,264","12,268","21,392","27,326","24,747","26,946","27,011","17,485","6,348","602","3","189,979","189,979","8,930","12,359","24,635","26,601","23,825","28,237","31,370","21,853","10,426","1,697","46","363,320","363,320","18,151","24,589","45,861","54,056","48,460","55,120","58,381","39,489","16,834","2,328","51","173,324","173,324","9,236","12,262","21,285","27,365","24,705","26,883","27,035","17,548","6,398","604","3","189,996","189,996","8,915","12,327","24,576","26,691","23,755","28,237","31,346","21,941","10,436","1,724","48","363,144","363,144","18,147","24,583","45,627","54,171","48,454","55,020","58,285","39,616","16,855","2,336","50","173,239","173,239","9,240","12,267","21,169","27,413","24,686","26,866","26,974","17,601","6,412","608","3","189,905","189,905","8,907","12,316","24,458","26,758","23,768","28,154","31,311","22,015","10,443","1,728","47"
"부산광역시 동래구 (2626000000)","272,245","272,245","16,999","26,506","25,591","32,056","42,162","44,211","42,360","29,110","11,617","1,608","25","130,959","130,959","8,714","13,745","12,997","16,007","20,649","21,439","19,293","12,904","4,812","396","3","141,286","141,286","8,285","12,761","12,594","16,049","21,513","22,772","23,067","16,206","6,805","1,212","22","271,821","271,821","16,954","26,429","25,450","31,893","42,093","44,102","42,333","29,289","11,614","1,638","26","130,691","130,691","8,696","13,712","12,892","15,921","20,620","21,380","19,289","12,970","4,799","409","3","141,130","141,130","8,258","12,717","12,558","15,972","21,473","22,722","23,044","16,319","6,815","1,229","23","271,239","271,239","16,835","26,350","25,268","31,850","41,941","43,896","42,268","29,459","11,683","1,662","27","130,390","130,390","8,621","13,665","12,790","15,911","20,584","21,262","19,269","13,035","4,834","417","2","140,849","140,849","8,214","12,685","12,478","15,939","21,357","22,634","22,999","16,424","6,849","1,245","25","270,900","270,900","16,746","26,401","25,056","31,847","41,846","43,798","42,238","29,601","11,661","1,679","27","130,218","130,218","8,574","13,687","12,695","15,890","20,547","21,238","19,244","13,099","4,813","429","2","140,682","140,682","8,172","12,714","12,361","15,957","21,299","22,560","22,994","16,502","6,848","1,250","25","270,530","270,530","16,675","26,396","24,960","31,731","41,799","43,707","42,164","29,696","11,670","1,705","27","130,037","130,037","8,516","13,695","12,651","15,838","20,524","21,203","19,213","13,140","4,813","442","2","140,493","140,493","8,159","12,701","12,309","15,893","21,275","22,504","22,951","16,556","6,857","1,263","25","270,200","270,200","16,637","26,385","24,863","31,646","41,833","43,574","42,106","29,756","11,683","1,689","28","129,840","129,840","8,501","13,688","12,582","15,785","20,536","21,135","19,195","13,152","4,817","447","2","140,360","140,360","8,136","12,697","12,281","15,861","21,297","22,439","22,911","16,604","6,866","1,242","26"
"부산광역시 남구 (2629000000)","250,106","250,106","12,321","21,922","30,067","26,879","34,727","41,127","39,759","28,836","12,762","1,678","28","121,267","121,267","6,296","11,287","15,633","13,844","17,276","20,366","18,381","12,692","5,072","417","3","128,839","128,839","6,025","10,635","14,434","13,035","17,451","20,761","21,378","16,144","7,690","1,261","25","251,746","251,746","12,459","22,228","30,251","27,248","34,877","41,274","39,888","29,012","12,767","1,715","27","122,128","122,128","6,372","11,383","15,824","14,047","17,347","20,424","18,444","12,774","5,079","431","3","129,618","129,618","6,087","10,845","14,427","13,201","17,530","20,850","21,444","16,238","7,688","1,284","24","252,761","252,761","12,497","22,459","30,356","27,593","34,841","41,301","39,923","29,184","12,837","1,742","28","122,637","122,637","6,422","11,449","15,897","14,247","17,335","20,440","18,449","12,843","5,114","437","4","130,124","130,124","6,075","11,010","14,459","13,346","17,506","20,861","21,474","16,341","7,723","1,305","24","252,913","252,913","12,463","22,446","30,353","27,712","34,788","41,311","39,880","29,318","12,855","1,760","27","122,719","122,719","6,412","11,427","15,902","14,324","17,311","20,429","18,456","12,888","5,118","449","3","130,194","130,194","6,051","11,019","14,451","13,388","17,477","20,882","21,424","16,430","7,737","1,311","24","253,175","253,175","12,417","22,466","30,345","27,826","34,842","41,293","39,822","29,446","12,919","1,770","29","122,841","122,841","6,399","11,428","15,898","14,371","17,351","20,413","18,431","12,935","5,160","451","4","130,334","130,334","6,018","11,038","14,447","13,455","17,491","20,880","21,391","16,511","7,759","1,319","25","253,413","253,413","12,396","22,402","30,356","27,962","34,858","41,320","39,842","29,525","12,964","1,759","29","122,930","122,930","6,394","11,411","15,885","14,445","17,348","20,406","18,460","12,951","5,177","449","4","130,483","130,483","6,002","10,991","14,471","13,517","17,510","20,914","21,382","16,574","7,787","1,310","25"
"부산광역시 북구 (2632000000)","261,720","261,720","13,156","20,270","24,881","31,226","33,496","45,244","51,709","29,195","10,962","1,545","36","128,152","128,152","6,786","10,480","13,223","16,454","17,161","21,284","24,765","13,522","4,149","328","0","133,568","133,568","6,370","9,790","11,658","14,772","16,335","23,960","26,944","15,673","6,813","1,217","36","261,213","261,213","13,018","20,216","24,649","31,106","33,402","45,108","51,725","29,405","11,004","1,546","34","127,888","127,888","6,739","10,430","13,096","16,400","17,117","21,209","24,768","13,621","4,174","334","0","133,325","133,325","6,279","9,786","11,553","14,706","16,285","23,899","26,957","15,784","6,830","1,212","34","260,766","260,766","12,945","20,159","24,329","31,091","33,313","44,828","51,849","29,591","11,063","1,561","37","127,652","127,652","6,684","10,386","12,959","16,424","17,045","21,067","24,816","13,723","4,203","344","1","133,114","133,114","6,261","9,773","11,370","14,667","16,268","23,761","27,033","15,868","6,860","1,217","36","260,534","260,534","12,865","20,155","24,137","31,089","33,217","44,701","51,907","29,763","11,095","1,570","35","127,545","127,545","6,641","10,384","12,894","16,416","17,007","21,000","24,838","13,788","4,228","348","1","132,989","132,989","6,224","9,771","11,243","14,673","16,210","23,701","27,069","15,975","6,867","1,222","34","260,225","260,225","12,795","20,126","23,982","31,054","33,144","44,513","51,913","29,940","11,140","1,583","35","127,388","127,388","6,619","10,360","12,820","16,398","16,979","20,912","24,826","13,866","4,254","353","1","132,837","132,837","6,176","9,766","11,162","14,656","16,165","23,601","27,087","16,074","6,886","1,230","34","259,973","259,973","12,733","20,134","23,828","31,063","33,137","44,359","51,855","30,080","11,169","1,578","37","127,228","127,228","6,578","10,362","12,730","16,388","16,986","20,847","24,782","13,942","4,262","350","1","132,745","132,745","6,155","9,772","11,098","14,675","16,151","23,512","27,073","16,138","6,907","1,228","36"
"부산광역시 해운대구 (2635000000)","370,358","370,358","20,071","34,958","35,444","40,922","54,949","65,194","61,666","38,239","16,386","2,481","48","177,173","177,173","10,250","18,031","18,379","20,518","26,453","30,839","28,693","17,160","6,213","625","12","193,185","193,185","9,821","16,927","17,065","20,404","28,496","34,355","32,973","21,079","10,173","1,856","36","370,139","370,139","20,099","34,822","35,236","40,896","54,917","65,086","61,687","38,447","16,402","2,498","49","177,107","177,107","10,258","17,985","18,250","20,522","26,481","30,755","28,727","17,279","6,214","624","12","193,032","193,032","9,841","16,837","16,986","20,374","28,436","34,331","32,960","21,168","10,188","1,874","37","369,440","369,440","19,987","34,686","34,888","40,939","54,701","64,798","61,692","38,743","16,441","2,517","48","176,775","176,775","10,216","17,917","18,078","20,559","26,381","30,601","28,734","17,425","6,227","625","12","192,665","192,665","9,771","16,769","16,810","20,380","28,320","34,197","32,958","21,318","10,214","1,892","36","369,127","369,127","19,901","34,638","34,682","40,952","54,622","64,724","61,627","38,955","16,443","2,533","50","176,603","176,603","10,170","17,889","17,971","20,573","26,363","30,562","28,705","17,503","6,223","631","13","192,524","192,524","9,731","16,749","16,711","20,379","28,259","34,162","32,922","21,452","10,220","1,902","37","368,909","368,909","19,771","34,634","34,472","41,002","54,513","64,706","61,592","39,140","16,485","2,546","48","176,423","176,423","10,112","17,880","17,859","20,597","26,314","30,514","28,674","17,571","6,248","641","13","192,486","192,486","9,659","16,754","16,613","20,405","28,199","34,192","32,918","21,569","10,237","1,905","35","368,730","368,730","19,686","34,611","34,417","41,048","54,457","64,630","61,527","39,291","16,476","2,539","48","176,265","176,265","10,056","17,860","17,804","20,625","26,277","30,464","28,658","17,630","6,235","643","13","192,465","192,465","9,630","16,751","16,613","20,423","28,180","34,166","32,869","21,661","10,241","1,896","35"
"부산광역시 사하구 (2638000000)","284,531","284,531","12,246","22,726","29,162","30,131","38,654","48,869","53,441","34,530","13,005","1,724","43","140,881","140,881","6,282","11,680","15,722","16,287","20,036","24,241","25,351","15,889","4,995","392","6","143,650","143,650","5,964","11,046","13,440","13,844","18,618","24,628","28,090","18,641","8,010","1,332","37","283,656","283,656","12,063","22,668","28,947","29,839","38,482","48,686","53,465","34,674","13,035","1,752","45","140,451","140,451","6,189","11,655","15,602","16,149","19,992","24,101","25,401","15,952","5,008","397","5","143,205","143,205","5,874","11,013","13,345","13,690","18,490","24,585","28,064","18,722","8,027","1,355","40","282,958","282,958","11,907","22,647","28,718","29,764","38,242","48,431","53,426","34,907","13,098","1,771","47","140,127","140,127","6,111","11,641","15,468","16,102","19,918","23,960","25,415","16,053","5,053","400","6","142,831","142,831","5,796","11,006","13,250","13,662","18,324","24,471","28,011","18,854","8,045","1,371","41","282,273","282,273","11,816","22,616","28,429","29,735","38,079","48,240","53,381","35,049","13,100","1,780","48","139,767","139,767","6,057","11,609","15,310","16,071","19,840","23,890","25,390","16,134","5,060","400","6","142,506","142,506","5,759","11,007","13,119","13,664","18,239","24,350","27,991","18,915","8,040","1,380","42","281,651","281,651","11,727","22,516","28,272","29,649","37,985","48,010","53,347","35,163","13,147","1,784","51","139,443","139,443","6,006","11,575","15,236","16,013","19,806","23,730","25,392","16,182","5,096","401","6","142,208","142,208","5,721","10,941","13,036","13,636","18,179","24,280","27,955","18,981","8,051","1,383","45","281,189","281,189","11,657","22,462","28,139","29,603","37,885","47,864","53,299","35,246","13,187","1,797","50","139,173","139,173","5,982","11,524","15,163","15,989","19,752","23,663","25,363","16,201","5,124","406","6","142,016","142,016","5,675","10,938","12,976","13,614","18,133","24,201","27,936","19,045","8,063","1,391","44"
"부산광역시 금정구 (2641000000)","205,254","205,254","7,868","15,273","25,395","20,548","25,089","33,452","38,382","26,352","11,181","1,678","36","99,723","99,723","3,993","7,727","13,608","11,130","12,653","16,136","17,873","11,747","4,428","422","6","105,531","105,531","3,875","7,546","11,787","9,418","12,436","17,316","20,509","14,605","6,753","1,256","30","205,154","205,154","7,809","15,413","25,332","20,484","24,972","33,361","38,375","26,482","11,192","1,700","34","99,662","99,662","3,948","7,759","13,642","11,094","12,598","16,068","17,882","11,799","4,433","434","5","105,492","105,492","3,861","7,654","11,690","9,390","12,374","17,293","20,493","14,683","6,759","1,266","29","205,256","205,256","7,753","15,570","25,443","20,450","24,874","33,165","38,369","26,603","11,264","1,732","33","99,648","99,648","3,903","7,812","13,721","11,038","12,558","15,982","17,888","11,839","4,471","431","5","105,608","105,608","3,850","7,758","11,722","9,412","12,316","17,183","20,481","14,764","6,793","1,301","28","205,096","205,096","7,730","15,524","25,445","20,419","24,801","33,084","38,331","26,724","11,268","1,734","36","99,567","99,567","3,875","7,793","13,728","11,022","12,527","15,920","17,891","11,894","4,474","438","5","105,529","105,529","3,855","7,731","11,717","9,397","12,274","17,164","20,440","14,830","6,794","1,296","31","205,185","205,185","7,706","15,511","25,500","20,459","24,773","32,970","38,323","26,816","11,330","1,758","39","99,566","99,566","3,859","7,781","13,723","11,049","12,524","15,861","17,893","11,910","4,519","440","7","105,619","105,619","3,847","7,730","11,777","9,410","12,249","17,109","20,430","14,906","6,811","1,318","32","204,894","204,894","7,667","15,419","25,400","20,449","24,756","32,879","38,331","26,854","11,357","1,742","40","99,433","99,433","3,839","7,744","13,671","11,037","12,509","15,824","17,908","11,927","4,530","437","7","105,461","105,461","3,828","7,675","11,729","9,412","12,247","17,055","20,423","14,927","6,827","1,305","33"
"부산광역시 강서구 (2644000000)","150,557","150,557","16,578","17,980","10,579","23,813","31,252","18,700","17,673","10,018","3,405","550","9","77,779","77,779","8,474","9,181","5,757","12,176","16,821","10,128","8,747","5,056","1,333","105","1","72,778","72,778","8,104","8,799","4,822","11,637","14,431","8,572","8,926","4,962","2,072","445","8","151,594","151,594","16,748","18,153","10,576","23,970","31,571","18,811","17,686","10,099","3,408","562","10","78,336","78,336","8,555","9,306","5,743","12,233","16,973","10,208","8,780","5,091","1,336","110","1","73,258","73,258","8,193","8,847","4,833","11,737","14,598","8,603","8,906","5,008","2,072","452","9","152,125","152,125","16,741","18,277","10,547","24,117","31,654","18,872","17,740","10,174","3,425","568","10","78,606","78,606","8,546","9,370","5,742","12,294","16,992","10,271","8,800","5,117","1,361","112","1","73,519","73,519","8,195","8,907","4,805","11,823","14,662","8,601","8,940","5,057","2,064","456","9","152,538","152,538","16,724","18,383","10,563","24,166","31,770","18,947","17,762","10,226","3,425","562","10","78,802","78,802","8,533","9,421","5,756","12,331","17,015","10,336","8,803","5,141","1,353","112","1","73,736","73,736","8,191","8,962","4,807","11,835","14,755","8,611","8,959","5,085","2,072","450","9","152,882","152,882","16,685","18,512","10,574","24,170","31,881","19,005","17,734","10,316","3,426","568","11","79,026","79,026","8,513","9,492","5,778","12,340","17,066","10,377","8,800","5,186","1,358","115","1","73,856","73,856","8,172","9,020","4,796","11,830","14,815","8,628","8,934","5,130","2,068","453","10","153,262","153,262","16,650","18,632","10,595","24,182","31,987","19,057","17,781","10,378","3,425","566","9","79,188","79,188","8,468","9,558","5,779","12,373","17,093","10,409","8,829","5,204","1,360","114","1","74,074","74,074","8,182","9,074","4,816","11,809","14,894","8,648","8,952","5,174","2,065","452","8"
"부산광역시 연제구 (2647000000)","211,005","211,005","12,299","17,163","21,350","28,256","30,803","33,563","33,440","23,240","9,594","1,275","22","100,478","100,478","6,280","8,677","10,523","14,036","15,212","16,052","15,234","10,291","3,848","322","3","110,527","110,527","6,019","8,486","10,827","14,220","15,591","17,511","18,206","12,949","5,746","953","19","210,841","210,841","12,241","17,148","21,291","28,232","30,742","33,533","33,376","23,368","9,613","1,274","23","100,344","100,344","6,246","8,675","10,454","14,038","15,166","16,024","15,215","10,336","3,862","324","4","110,497","110,497","5,995","8,473","10,837","14,194","15,576","17,509","18,161","13,032","5,751","950","19","210,764","210,764","12,166","17,137","21,185","28,344","30,623","33,409","33,393","23,541","9,644","1,296","26","100,281","100,281","6,210","8,666","10,382","14,107","15,108","15,981","15,209","10,395","3,887","332","4","110,483","110,483","5,956","8,471","10,803","14,237","15,515","17,428","18,184","13,146","5,757","964","22","210,832","210,832","12,124","17,177","21,130","28,371","30,632","33,348","33,409","23,647","9,663","1,304","27","100,291","100,291","6,177","8,690","10,346","14,116","15,110","15,974","15,190","10,446","3,903","335","4","110,541","110,541","5,947","8,487","10,784","14,255","15,522","17,374","18,219","13,201","5,760","969","23","210,854","210,854","12,074","17,213","21,088","28,400","30,613","33,366","33,329","23,745","9,703","1,297","26","100,282","100,282","6,140","8,710","10,322","14,144","15,103","15,967","15,160","10,488","3,906","338","4","110,572","110,572","5,934","8,503","10,766","14,256","15,510","17,399","18,169","13,257","5,797","959","22","210,806","210,806","12,081","17,214","20,987","28,430","30,653","33,296","33,301","23,792","9,728","1,298","26","100,242","100,242","6,151","8,717","10,219","14,171","15,108","15,939","15,170","10,492","3,927","344","4","110,564","110,564","5,930","8,497","10,768","14,259","15,545","17,357","18,131","13,300","5,801","954","22"
"부산광역시 수영구 (2650000000)","167,946","167,946","7,365","11,306","19,494","22,695","22,679","25,812","27,418","20,903","8,970","1,281","23","78,630","78,630","3,742","5,833","9,165","11,497","11,201","12,229","11,950","9,007","3,671","334","1","89,316","89,316","3,623","5,473","10,329","11,198","11,478","13,583","15,468","11,896","5,299","947","22","167,775","167,775","7,321","11,316","19,399","22,630","22,591","25,873","27,364","20,963","8,998","1,297","23","78,538","78,538","3,713","5,849","9,102","11,475","11,155","12,244","11,946","9,027","3,689","337","1","89,237","89,237","3,608","5,467","10,297","11,155","11,436","13,629","15,418","11,936","5,309","960","22","167,618","167,618","7,281","11,347","19,223","22,701","22,537","25,782","27,351","21,026","9,032","1,313","25","78,480","78,480","3,695","5,856","9,050","11,497","11,124","12,203","11,960","9,047","3,698","349","1","89,138","89,138","3,586","5,491","10,173","11,204","11,413","13,579","15,391","11,979","5,334","964","24","167,617","167,617","7,264","11,367","19,079","22,765","22,542","25,764","27,332","21,104","9,056","1,319","25","78,453","78,453","3,682","5,862","8,939","11,555","11,134","12,197","11,944","9,071","3,717","350","2","89,164","89,164","3,582","5,505","10,140","11,210","11,408","13,567","15,388","12,033","5,339","969","23","167,549","167,549","7,223","11,384","18,992","22,794","22,530","25,736","27,274","21,151","9,099","1,339","27","78,428","78,428","3,666","5,867","8,888","11,592","11,134","12,169","11,948","9,068","3,739","355","2","89,121","89,121","3,557","5,517","10,104","11,202","11,396","13,567","15,326","12,083","5,360","984","25","167,476","167,476","7,199","11,379","18,890","22,837","22,560","25,724","27,206","21,174","9,144","1,337","26","78,398","78,398","3,657","5,877","8,846","11,608","11,128","12,186","11,911","9,066","3,763","354","2","89,078","89,078","3,542","5,502","10,044","11,229","11,432","13,538","15,295","12,108","5,381","983","24"
"부산광역시 사상구 (2653000000)","193,051","193,051","7,374","13,124","21,115","22,526","23,845","33,209","40,056","22,929","7,886","969","18","96,366","96,366","3,861","6,677","10,891","12,321","12,589","16,571","19,705","10,580","2,987","184","0","96,685","96,685","3,513","6,447","10,224","10,205","11,256","16,638","20,351","12,349","4,899","785","18","192,776","192,776","7,262","13,207","21,000","22,435","23,733","33,072","40,102","23,089","7,872","983","21","96,206","96,206","3,794","6,692","10,827","12,296","12,521","16,520","19,760","10,629","2,980","186","1","96,570","96,570","3,468","6,515","10,173","10,139","11,212","16,552","20,342","12,460","4,892","797","20","192,493","192,493","7,226","13,249","20,836","22,409","23,628","32,847","40,100","23,265","7,911","1,000","22","96,054","96,054","3,795","6,717","10,723","12,288","12,451","16,433","19,739","10,721","2,992","194","1","96,439","96,439","3,431","6,532","10,113","10,121","11,177","16,414","20,361","12,544","4,919","806","21","192,220","192,220","7,169","13,189","20,783","22,355","23,559","32,726","40,066","23,432","7,918","1,002","21","95,918","95,918","3,765","6,678","10,688","12,266","12,425","16,374","19,732","10,801","2,994","194","1","96,302","96,302","3,404","6,511","10,095","10,089","11,134","16,352","20,334","12,631","4,924","808","20","192,042","192,042","7,120","13,201","20,684","22,333","23,524","32,594","40,061","23,545","7,955","1,005","20","95,782","95,782","3,720","6,675","10,642","12,241","12,427","16,296","19,715","10,866","3,005","194","1","96,260","96,260","3,400","6,526","10,042","10,092","11,097","16,298","20,346","12,679","4,950","811","19","191,791","191,791","7,069","13,173","20,593","22,327","23,464","32,457","40,074","23,643","7,967","1,002","22","95,623","95,623","3,706","6,657","10,567","12,233","12,399","16,232","19,708","10,913","3,010","197","1","96,168","96,168","3,363","6,516","10,026","10,094","11,065","16,225","20,366","12,730","4,957","805","21"
"부산광역시 기장군 (2671000000)","174,825","174,825","12,503","19,933","14,742","20,157","31,258","28,064","23,690","16,472","6,905","1,069","32","86,618","86,618","6,402","10,232","7,930","10,412","15,715","14,404","11,232","7,424","2,629","235","3","88,207","88,207","6,101","9,701","6,812","9,745","15,543","13,660","12,458","9,048","4,276","834","29","174,805","174,805","12,395","19,918","14,677","20,107","31,205","28,106","23,756","16,585","6,940","1,085","31","86,627","86,627","6,342","10,233","7,893","10,413","15,692","14,424","11,274","7,460","2,655","238","3","88,178","88,178","6,053","9,685","6,784","9,694","15,513","13,682","12,482","9,125","4,285","847","28","174,820","174,820","12,264","19,972","14,553","20,142","31,084","28,139","23,849","16,705","6,985","1,094","33","86,630","86,630","6,286","10,246","7,847","10,432","15,614","14,411","11,336","7,525","2,686","244","3","88,190","88,190","5,978","9,726","6,706","9,710","15,470","13,728","12,513","9,180","4,299","850","30","174,802","174,802","12,174","20,012","14,521","20,150","30,948","28,238","23,863","16,759","7,013","1,091","33","86,612","86,612","6,244","10,262","7,827","10,452","15,523","14,456","11,360","7,545","2,697","243","3","88,190","88,190","5,930","9,750","6,694","9,698","15,425","13,782","12,503","9,214","4,316","848","30","174,809","174,809","12,116","20,023","14,462","20,187","30,875","28,250","23,893","16,826","7,046","1,099","32","86,626","86,626","6,209","10,275","7,793","10,492","15,499","14,462","11,355","7,592","2,702","244","3","88,183","88,183","5,907","9,748","6,669","9,695","15,376","13,788","12,538","9,234","4,344","855","29","174,793","174,793","12,005","20,075","14,438","20,167","30,884","28,262","23,916","16,843","7,068","1,105","30","86,633","86,633","6,154","10,311","7,787","10,486","15,507","14,475","11,362","7,587","2,717","244","3","88,160","88,160","5,851","9,764","6,651","9,681","15,377","13,787","12,554","9,256","4,351","861","27"
"대구광역시  (2700000000)","2,344,686","2,344,686","133,512","212,825","251,769","284,092","333,194","410,071","378,466","223,664","100,986","15,825","282","1,147,658","1,147,658","68,597","109,117","131,899","151,372","166,062","199,752","180,702","99,108","37,059","3,945","45","1,197,028","1,197,028","64,915","103,708","119,870","132,720","167,132","210,319","197,764","124,556","63,927","11,880","237","2,343,924","2,343,924","133,122","212,816","250,653","283,618","332,666","409,499","379,136","225,121","100,920","16,088","285","1,147,161","1,147,161","68,363","109,057","131,436","151,013","166,020","199,386","181,044","99,696","37,075","4,028","43","1,196,763","1,196,763","64,759","103,759","119,217","132,605","166,646","210,113","198,092","125,425","63,845","12,060","242","2,342,543","2,342,543","132,531","212,543","249,235","284,241","331,633","407,692","379,997","227,025","101,048","16,309","289","1,146,242","1,146,242","68,063","108,830","130,629","151,303","165,546","198,563","181,367","100,622","37,174","4,103","42","1,196,301","1,196,301","64,468","103,713","118,606","132,938","166,087","209,129","198,630","126,403","63,874","12,206","247","2,341,909","2,341,909","131,954","212,475","248,387","284,471","330,969","407,256","380,247","228,278","101,069","16,510","293","1,145,871","1,145,871","67,769","108,785","130,213","151,373","165,316","198,254","181,571","101,153","37,254","4,141","42","1,196,038","1,196,038","64,185","103,690","118,174","133,098","165,653","209,002","198,676","127,125","63,815","12,369","251","2,341,915","2,341,915","131,332","212,652","247,700","284,818","330,438","406,773","380,463","229,575","101,202","16,662","300","1,145,773","1,145,773","67,465","108,869","129,786","151,559","165,050","198,006","181,736","101,720","37,344","4,194","44","1,196,142","1,196,142","63,867","103,783","117,914","133,259","165,388","208,767","198,727","127,855","63,858","12,468","256","2,340,836","2,340,836","130,891","212,626","246,837","284,930","330,203","406,260","380,322","230,481","101,281","16,707","298","1,145,070","1,145,070","67,209","108,857","129,289","151,601","165,003","197,695","181,634","102,154","37,374","4,211","43","1,195,766","1,195,766","63,682","103,769","117,548","133,329","165,200","208,565","198,688","128,327","63,907","12,496","255"
"대구광역시 중구 (2711000000)","100,580","100,580","8,166","7,502","13,471","18,170","14,870","14,079","11,342","8,055","4,228","681","16","47,983","47,983","4,181","3,685","6,110","9,231","7,599","6,828","5,292","3,315","1,547","192","3","52,597","52,597","3,985","3,817","7,361","8,939","7,271","7,251","6,050","4,740","2,681","489","13","100,563","100,563","8,169","7,523","13,439","18,155","14,883","14,064","11,351","8,060","4,210","692","17","47,985","47,985","4,191","3,707","6,101","9,183","7,638","6,814","5,290","3,315","1,551","192","3","52,578","52,578","3,978","3,816","7,338","8,972","7,245","7,250","6,061","4,745","2,659","500","14","100,830","100,830","8,183","7,523","13,524","18,250","14,908","14,089","11,332","8,098","4,198","708","17","48,123","48,123","4,200","3,708","6,124","9,227","7,658","6,825","5,284","3,354","1,542","198","3","52,707","52,707","3,983","3,815","7,400","9,023","7,250","7,264","6,048","4,744","2,656","510","14","101,061","101,061","8,199","7,550","13,554","18,335","14,915","14,128","11,318","8,107","4,215","722","18","48,254","48,254","4,214","3,730","6,131","9,288","7,658","6,844","5,272","3,359","1,554","201","3","52,807","52,807","3,985","3,820","7,423","9,047","7,257","7,284","6,046","4,748","2,661","521","15","101,128","101,128","8,171","7,575","13,575","18,380","14,914","14,116","11,290","8,140","4,226","723","18","48,268","48,268","4,203","3,738","6,134","9,297","7,654","6,833","5,267","3,386","1,556","196","4","52,860","52,860","3,968","3,837","7,441","9,083","7,260","7,283","6,023","4,754","2,670","527","14","101,240","101,240","8,173","7,603","13,576","18,474","14,923","14,145","11,227","8,151","4,222","729","17","48,331","48,331","4,214","3,754","6,148","9,337","7,666","6,837","5,224","3,392","1,559","197","3","52,909","52,909","3,959","3,849","7,428","9,137","7,257","7,308","6,003","4,759","2,663","532","14"
"대구광역시 동구 (2714000000)","337,922","337,922","19,064","25,916","33,721","44,096","46,300","55,670","56,203","37,269","17,116","2,521","46","164,928","164,928","9,820","13,406","17,599","23,554","23,681","27,356","26,190","16,293","6,372","650","7","172,994","172,994","9,244","12,510","16,122","20,542","22,619","28,314","30,013","20,976","10,744","1,871","39","337,513","337,513","18,888","25,862","33,587","43,972","46,118","55,617","56,261","37,464","17,133","2,569","42","164,666","164,666","9,703","13,379","17,538","23,479","23,587","27,339","26,212","16,375","6,386","663","5","172,847","172,847","9,185","12,483","16,049","20,493","22,531","28,278","30,049","21,089","10,747","1,906","37","337,184","337,184","18,776","25,843","33,359","43,981","46,000","55,340","56,305","37,788","17,135","2,611","46","164,504","164,504","9,644","13,353","17,432","23,512","23,539","27,196","26,238","16,530","6,377","677","6","172,680","172,680","9,132","12,490","15,927","20,469","22,461","28,144","30,067","21,258","10,758","1,934","40","337,044","337,044","18,736","25,851","33,184","43,993","45,914","55,231","56,305","37,953","17,188","2,642","47","164,372","164,372","9,646","13,349","17,310","23,509","23,489","27,131","26,255","16,583","6,405","689","6","172,672","172,672","9,090","12,502","15,874","20,484","22,425","28,100","30,050","21,370","10,783","1,953","41","337,058","337,058","18,658","25,896","33,003","44,092","45,883","55,187","56,281","38,146","17,204","2,663","45","164,422","164,422","9,630","13,349","17,219","23,575","23,486","27,113","26,267","16,655","6,420","702","6","172,636","172,636","9,028","12,547","15,784","20,517","22,397","28,074","30,014","21,491","10,784","1,961","39","337,284","337,284","18,663","25,954","32,935","44,225","45,897","55,178","56,226","38,284","17,189","2,687","46","164,522","164,522","9,640","13,358","17,179","23,637","23,489","27,114","26,242","16,732","6,417","708","6","172,762","172,762","9,023","12,596","15,756","20,588","22,408","28,064","29,984","21,552","10,772","1,979","40"
"대구광역시 서구 (2717000000)","163,309","163,309","6,891","9,768","14,522","19,609","19,360","28,482","33,379","20,991","9,062","1,223","22","80,754","80,754","3,572","4,914","7,725","10,996","10,405","14,459","16,048","9,087","3,282","265","1","82,555","82,555","3,319","4,854","6,797","8,613","8,955","14,023","17,331","11,904","5,780","958","21","163,282","163,282","6,869","9,757","14,505","19,560","19,372","28,399","33,404","21,106","9,053","1,234","23","80,703","80,703","3,547","4,894","7,706","10,950","10,424","14,420","16,083","9,125","3,283","270","1","82,579","82,579","3,322","4,863","6,799","8,610","8,948","13,979","17,321","11,981","5,770","964","22","163,158","163,158","6,844","9,743","14,340","19,572","19,352","28,179","33,496","21,303","9,060","1,246","23","80,643","80,643","3,542","4,874","7,594","10,973","10,412","14,327","16,137","9,215","3,299","269","1","82,515","82,515","3,302","4,869","6,746","8,599","8,940","13,852","17,359","12,088","5,761","977","22","163,136","163,136","6,834","9,735","14,276","19,586","19,377","28,062","33,485","21,444","9,036","1,278","23","80,627","80,627","3,530","4,880","7,577","10,957","10,439","14,279","16,125","9,277","3,291","271","1","82,509","82,509","3,304","4,855","6,699","8,629","8,938","13,783","17,360","12,167","5,745","1,007","22","163,087","163,087","6,821","9,715","14,279","19,582","19,353","27,974","33,432","21,569","9,049","1,289","24","80,616","80,616","3,532","4,862","7,589","10,942","10,428","14,255","16,097","9,342","3,290","278","1","82,471","82,471","3,289","4,853","6,690","8,640","8,925","13,719","17,335","12,227","5,759","1,011","23","162,851","162,851","6,804","9,715","14,209","19,545","19,318","27,900","33,342","21,649","9,060","1,286","23","80,455","80,455","3,510","4,866","7,544","10,896","10,434","14,220","16,042","9,377","3,282","283","1","82,396","82,396","3,294","4,849","6,665","8,649","8,884","13,680","17,300","12,272","5,778","1,003","22"
"대구광역시 남구 (2720000000)","135,636","135,636","5,164","8,099","15,853","16,824","16,493","22,461","23,627","17,076","8,574","1,439","26","64,477","64,477","2,693","4,114","7,566","9,052","8,301","11,116","10,844","7,311","3,100","376","4","71,159","71,159","2,471","3,985","8,287","7,772","8,192","11,345","12,783","9,765","5,474","1,063","22","136,896","136,896","5,333","8,274","15,992","17,066","16,698","22,567","23,702","17,196","8,578","1,461","29","65,063","65,063","2,767","4,202","7,623","9,174","8,409","11,160","10,885","7,356","3,098","385","4","71,833","71,833","2,566","4,072","8,369","7,892","8,289","11,407","12,817","9,840","5,480","1,076","25","137,698","137,698","5,399","8,331","16,068","17,328","16,742","22,630","23,766","17,320","8,607","1,478","29","65,394","65,394","2,794","4,213","7,636","9,285","8,447","11,182","10,916","7,405","3,118","394","4","72,304","72,304","2,605","4,118","8,432","8,043","8,295","11,448","12,850","9,915","5,489","1,084","25","138,281","138,281","5,419","8,336","16,083","17,540","16,801","22,749","23,820","17,424","8,608","1,471","30","65,670","65,670","2,797","4,207","7,636","9,404","8,493","11,219","10,956","7,446","3,115","393","4","72,611","72,611","2,622","4,129","8,447","8,136","8,308","11,530","12,864","9,978","5,493","1,078","26","139,793","139,793","5,528","8,404","16,287","18,014","16,996","22,975","23,898","17,543","8,624","1,498","26","66,335","66,335","2,859","4,233","7,679","9,669","8,576","11,318","11,010","7,470","3,115","403","3","73,458","73,458","2,669","4,171","8,608","8,345","8,420","11,657","12,888","10,073","5,509","1,095","23","140,520","140,520","5,573","8,427","16,307","18,332","17,105","23,056","23,951","17,611","8,638","1,496","24","66,693","66,693","2,882","4,235","7,693","9,827","8,652","11,341","11,050","7,485","3,120","405","3","73,827","73,827","2,691","4,192","8,614","8,505","8,453","11,715","12,901","10,126","5,518","1,091","21"
"대구광역시 북구 (2723000000)","407,802","407,802","21,771","37,473","50,217","48,070","56,434","76,190","64,309","34,938","15,993","2,360","47","201,456","201,456","11,130","19,204","26,795","25,980","28,154","37,260","31,228","15,408","5,729","561","7","206,346","206,346","10,641","18,269","23,422","22,090","28,280","38,930","33,081","19,530","10,264","1,799","40","407,391","407,391","21,591","37,610","50,018","47,831","56,194","76,059","64,474","35,192","15,977","2,396","49","201,291","201,291","11,047","19,261","26,775","25,835","28,070","37,182","31,293","15,527","5,722","572","7","206,100","206,100","10,544","18,349","23,243","21,996","28,124","38,877","33,181","19,665","10,255","1,824","42","407,128","407,128","21,413","37,662","49,955","47,817","55,904","75,709","64,675","35,483","16,033","2,427","50","201,133","201,133","10,968","19,252","26,776","25,805","27,908","37,047","31,389","15,661","5,736","585","6","205,995","205,995","10,445","18,410","23,179","22,012","27,996","38,662","33,286","19,822","10,297","1,842","44","406,787","406,787","21,235","37,614","49,877","47,769","55,676","75,592","64,768","35,703","16,048","2,455","50","200,970","200,970","10,878","19,218","26,739","25,823","27,819","36,953","31,459","15,736","5,759","580","6","205,817","205,817","10,357","18,396","23,138","21,946","27,857","38,639","33,309","19,967","10,289","1,875","44","406,463","406,463","21,058","37,614","49,776","47,706","55,454","75,465","64,867","35,899","16,085","2,485","54","200,831","200,831","10,795","19,216","26,701","25,811","27,708","36,882","31,519","15,814","5,783","596","6","205,632","205,632","10,263","18,398","23,075","21,895","27,746","38,583","33,348","20,085","10,302","1,889","48","405,850","405,850","20,953","37,486","49,641","47,560","55,337","75,284","64,887","36,035","16,133","2,480","54","200,511","200,511","10,759","19,130","26,636","25,755","27,660","36,776","31,525","15,877","5,797","590","6","205,339","205,339","10,194","18,356","23,005","21,805","27,677","38,508","33,362","20,158","10,336","1,890","48"
"대구광역시 수성구 (2726000000)","408,088","408,088","24,423","47,360","42,653","42,366","62,809","73,860","59,242","35,544","16,830","2,951","50","195,921","195,921","12,585","24,612","22,652","21,371","29,238","34,713","27,870","15,614","6,422","837","7","212,167","212,167","11,838","22,748","20,001","20,995","33,571","39,147","31,372","19,930","10,408","2,114","43","408,050","408,050","24,591","47,186","42,290","42,440","62,823","73,781","59,299","35,771","16,817","3,001","51","195,868","195,868","12,662","24,516","22,439","21,400","29,330","34,627","27,896","15,720","6,414","857","7","212,182","212,182","11,929","22,670","19,851","21,040","33,493","39,154","31,403","20,051","10,403","2,144","44","407,678","407,678","24,565","47,055","41,846","42,656","62,695","73,495","59,425","36,043","16,814","3,033","51","195,627","195,627","12,646","24,439","22,198","21,500","29,311","34,468","27,929","15,837","6,428","864","7","212,051","212,051","11,919","22,616","19,648","21,156","33,384","39,027","31,496","20,206","10,386","2,169","44","407,492","407,492","24,448","46,981","41,727","42,759","62,507","73,528","59,385","36,229","16,804","3,071","53","195,542","195,542","12,582","24,381","22,168","21,523","29,230","34,482","27,923","15,931","6,445","870","7","211,950","211,950","11,866","22,600","19,559","21,236","33,277","39,046","31,462","20,298","10,359","2,201","46","407,273","407,273","24,299","47,050","41,534","42,781","62,361","73,443","59,398","36,435","16,810","3,104","58","195,406","195,406","12,502","24,435","22,068","21,520","29,160","34,415","27,934","16,029","6,460","874","9","211,867","211,867","11,797","22,615","19,466","21,261","33,201","39,028","31,464","20,406","10,350","2,230","49","406,904","406,904","24,204","46,975","41,397","42,756","62,299","73,317","59,410","36,550","16,835","3,100","61","195,219","195,219","12,443","24,401","22,006","21,494","29,152","34,334","27,949","16,086","6,470","875","9","211,685","211,685","11,761","22,574","19,391","21,262","33,147","38,983","31,461","20,464","10,365","2,225","52"
"대구광역시 달서구 (2729000000)","515,076","515,076","27,216","48,742","58,312","60,886","71,795","94,403","86,326","45,779","18,739","2,832","46","251,933","251,933","14,031","24,791","30,534","32,822","35,310","45,120","41,138","20,631","6,871","673","12","263,143","263,143","13,185","23,951","27,778","28,064","36,485","49,283","45,188","25,148","11,868","2,159","34","514,605","514,605","27,086","48,752","57,944","60,793","71,517","94,165","86,529","46,172","18,711","2,891","45","251,629","251,629","13,969","24,761","30,378","32,734","35,211","44,983","41,225","20,787","6,874","695","12","262,976","262,976","13,117","23,991","27,566","28,059","36,306","49,182","45,304","25,385","11,837","2,196","33","513,733","513,733","26,923","48,577","57,496","60,898","71,131","93,618","86,734","46,606","18,771","2,933","46","251,175","251,175","13,883","24,685","30,130","32,770","35,024","44,771","41,257","21,020","6,909","715","11","262,558","262,558","13,040","23,892","27,366","28,128","36,107","48,847","45,477","25,586","11,862","2,218","35","513,287","513,287","26,805","48,570","57,156","60,894","70,964","93,420","86,817","46,882","18,753","2,980","46","250,889","250,889","13,808","24,683","29,980","32,713","34,961","44,638","41,306","21,141","6,915","733","11","262,398","262,398","12,997","23,887","27,176","28,181","36,003","48,782","45,511","25,741","11,838","2,247","35","512,699","512,699","26,679","48,464","56,926","60,877","70,740","93,123","86,900","47,159","18,785","3,000","46","250,571","250,571","13,743","24,641","29,830","32,695","34,871","44,488","41,346","21,261","6,949","736","11","262,128","262,128","12,936","23,823","27,096","28,182","35,869","48,635","45,554","25,898","11,836","2,264","35","512,036","512,036","26,521","48,433","56,592","60,832","70,594","92,926","86,869","47,399","18,797","3,029","44","250,190","250,190","13,650","24,640","29,611","32,718","34,780","44,402","41,290","21,380","6,966","742","11","261,846","261,846","12,871","23,793","26,981","28,114","35,814","48,524","45,579","26,019","11,831","2,287","33"
"대구광역시 달성군 (2771000000)","253,788","253,788","20,376","27,153","22,108","32,939","43,507","41,399","37,774","19,480","7,745","1,282","25","128,492","128,492","10,335","13,945","12,379","17,690","22,447","20,879","18,630","9,159","2,759","265","4","125,296","125,296","10,041","13,208","9,729","15,249","21,060","20,520","19,144","10,321","4,986","1,017","21","253,106","253,106","20,154","27,045","21,956","32,669","43,436","41,341","37,821","19,598","7,760","1,301","25","128,218","128,218","10,223","13,894","12,333","17,577","22,422","20,857","18,677","9,193","2,769","269","4","124,888","124,888","9,931","13,151","9,623","15,092","21,014","20,484","19,144","10,405","4,991","1,032","21","252,596","252,596","19,986","27,003","21,735","32,604","43,279","41,147","37,948","19,790","7,760","1,320","24","127,892","127,892","10,133","13,860","12,202","17,545","22,326","20,754","18,722","9,284","2,790","272","4","124,704","124,704","9,853","13,143","9,533","15,059","20,953","20,393","19,226","10,506","4,970","1,048","20","252,202","252,202","19,835","27,030","21,608","32,460","43,182","41,052","38,021","19,904","7,749","1,338","23","127,747","127,747","10,062","13,889","12,129","17,475","22,295","20,713","18,771","9,341","2,793","275","4","124,455","124,455","9,773","13,141","9,479","14,985","20,887","20,339","19,250","10,563","4,956","1,063","19","251,788","251,788","19,674","27,130","21,404","32,241","43,118","40,987","38,080","20,020","7,761","1,347","26","127,525","127,525","9,952","13,948","12,030","17,361","22,244","20,705","18,793","9,405","2,803","280","4","124,263","124,263","9,722","13,182","9,374","14,880","20,874","20,282","19,287","10,615","4,958","1,067","22","251,577","251,577","19,555","27,238","21,273","32,063","43,116","40,956","38,106","20,136","7,758","1,350","26","127,378","127,378","9,862","14,032","11,943","17,251","22,253","20,676","18,819","9,458","2,798","282","4","124,199","124,199","9,693","13,206","9,330","14,812","20,863","20,280","19,287","10,678","4,960","1,068","22"
"대구광역시 군위군 (2772000000)","22,485","22,485","441","812","912","1,132","1,626","3,527","6,264","4,532","2,699","536","4","11,714","11,714","250","446","539","676","927","2,021","3,462","2,290","977","126","0","10,771","10,771","191","366","373","456","699","1,506","2,802","2,242","1,722","410","4","22,518","22,518","441","807","922","1,132","1,625","3,506","6,295","4,562","2,681","543","4","11,738","11,738","254","443","543","681","929","2,004","3,483","2,298","978","125","0","10,780","10,780","187","364","379","451","696","1,502","2,812","2,264","1,703","418","4","22,538","22,538","442","806","912","1,135","1,622","3,485","6,316","4,594","2,670","553","3","11,751","11,751","253","446","537","686","921","1,993","3,495","2,316","975","129","0","10,787","10,787","189","360","375","449","701","1,492","2,821","2,278","1,695","424","3","22,619","22,619","443","808","922","1,135","1,633","3,494","6,328","4,632","2,668","553","3","11,800","11,800","252","448","543","681","932","1,995","3,504","2,339","977","129","0","10,819","10,819","191","360","379","454","701","1,499","2,824","2,293","1,691","424","3","22,626","22,626","444","804","916","1,145","1,619","3,503","6,317","4,664","2,658","553","3","11,799","11,799","249","447","536","689","923","1,997","3,503","2,358","968","129","0","10,827","10,827","195","357","380","456","696","1,506","2,814","2,306","1,690","424","3","22,574","22,574","445","795","907","1,143","1,614","3,498","6,304","4,666","2,649","550","3","11,771","11,771","249","441","529","686","917","1,995","3,493","2,367","965","129","0","10,803","10,803","196","354","378","457","697","1,503","2,811","2,299","1,684","421","3"
"인천광역시  (2800000000)","3,038,399","3,038,399","188,446","275,870","335,652","429,223","470,677","512,210","471,012","235,364","101,240","18,194","511","1,516,050","1,516,050","96,724","141,292","172,964","223,877","242,355","255,512","231,941","109,554","37,631","4,119","81","1,522,349","1,522,349","91,722","134,578","162,688","205,346","228,322","256,698","239,071","125,810","63,609","14,075","430","3,039,572","3,039,572","188,015","275,656","334,245","428,696","470,745","512,312","472,286","237,230","101,435","18,434","518","1,516,643","1,516,643","96,507","141,160","172,146","223,626","242,509","255,674","232,557","110,462","37,718","4,199","85","1,522,929","1,522,929","91,508","134,496","162,099","205,070","228,236","256,638","239,729","126,768","63,717","14,235","433","3,041,252","3,041,252","187,559","275,679","332,696","429,936","469,881","511,077","474,052","239,392","101,790","18,670","520","1,517,410","1,517,410","96,299","141,143","171,403","224,263","242,092","255,187","233,241","111,507","37,934","4,258","83","1,523,842","1,523,842","91,260","134,536","161,293","205,673","227,789","255,890","240,811","127,885","63,856","14,412","437","3,042,501","3,042,501","187,175","275,624","331,728","430,421","469,323","511,011","475,076","240,745","102,026","18,844","528","1,517,951","1,517,951","96,105","141,060","170,880","224,608","241,750","255,210","233,722","112,126","38,087","4,320","83","1,524,550","1,524,550","91,070","134,564","160,848","205,813","227,573","255,801","241,354","128,619","63,939","14,524","445","3,044,027","3,044,027","186,697","275,619","330,759","430,869","469,203","510,802","475,997","242,149","102,383","19,022","527","1,518,634","1,518,634","95,870","141,037","170,367","224,862","241,704","255,067","234,229","112,776","38,274","4,368","80","1,525,393","1,525,393","90,827","134,582","160,392","206,007","227,499","255,735","241,768","129,373","64,109","14,654","447","3,046,476","3,046,476","186,466","275,643","330,091","431,478","469,917","510,574","476,622","243,278","102,848","19,047","512","1,519,921","1,519,921","95,742","141,072","169,948","225,263","242,077","255,008","234,514","113,357","38,464","4,402","74","1,526,555","1,526,555","90,724","134,571","160,143","206,215","227,840","255,566","242,108","129,921","64,384","14,645","438"
"인천광역시 중구 (2811000000)","175,965","175,965","12,781","16,031","21,789","29,191","29,355","26,882","21,245","12,435","5,347","880","29","91,050","91,050","6,630","8,154","10,999","15,832","15,721","14,711","10,890","5,829","2,093","184","7","84,915","84,915","6,151","7,877","10,790","13,359","13,634","12,171","10,355","6,606","3,254","696","22","176,405","176,405","12,793","16,063","21,817","29,164","29,389","27,006","21,351","12,529","5,379","885","29","91,311","91,311","6,651","8,157","11,009","15,821","15,749","14,814","10,930","5,882","2,107","184","7","85,094","85,094","6,142","7,906","10,808","13,343","13,640","12,192","10,421","6,647","3,272","701","22","176,723","176,723","12,808","16,068","21,872","29,152","29,409","26,983","21,494","12,599","5,416","891","31","91,470","91,470","6,641","8,151","11,018","15,849","15,770","14,773","11,027","5,912","2,133","188","8","85,253","85,253","6,167","7,917","10,854","13,303","13,639","12,210","10,467","6,687","3,283","703","23","177,013","177,013","12,807","16,088","21,895","29,173","29,388","27,050","21,558","12,676","5,438","910","30","91,603","91,603","6,648","8,151","11,040","15,848","15,748","14,819","11,042","5,961","2,142","197","7","85,410","85,410","6,159","7,937","10,855","13,325","13,640","12,231","10,516","6,715","3,296","713","23","177,362","177,362","12,814","16,131","21,844","29,239","29,402","27,163","21,627","12,706","5,477","929","30","91,763","91,763","6,652","8,174","11,024","15,857","15,749","14,892","11,079","5,980","2,143","206","7","85,599","85,599","6,162","7,957","10,820","13,382","13,653","12,271","10,548","6,726","3,334","723","23","177,915","177,915","12,780","16,167","21,948","29,278","29,545","27,256","21,691","12,782","5,502","936","30","92,024","92,024","6,630","8,190","11,073","15,879","15,812","14,949","11,103","6,021","2,149","212","6","85,891","85,891","6,150","7,977","10,875","13,399","13,733","12,307","10,588","6,761","3,353","724","24"
"인천광역시 중구영종출장소 (2811400000)","0","0","0","0","0","0","0","0","0","0","0","0","0","0","0","0","0","0","0","0","0","0","0","0","0","0","0","0","0","0","0","0","0","0","0","0","0","0","0","0","0","0","0","0","0","0","0","0","0","0","0","0","0","0","0","0","0","0","0","0","0","0","0","0","0","0","0","0","0","0","0","0","0","0","0","0","0","0","0","0","0","0","0","0","0","0","0","0","0","0","0","0","0","0","0","0","0","0","0","0","0","0","0","0","0","0","0","0","0","0","0","0","0","0","0","0","0","0","0","0","0","0","0","0","0","0","0","0","0","0","0","0","0","0","0","0","0","0","0","0","0","0","0","0","0","0","0","0","0","0","0","0","0","0","0","0","0","0","0","0","0","0","0","0","0","0","0","0","0","0","0","0","0","0","0","0","0","0","0","0","0","0","0","0","0","0","0","0","0","0","0","0","0","0","0","0","0","0","0","0","0","0","0","0","0","0","0","0","0","0","0","0","0","0","0","0","0","0","0","0","0","0","0","0","0","0","0","0","0","0","0","0","0","0"
"인천광역시 중구용유출장소 (2811800000)","0","0","0","0","0","0","0","0","0","0","0","0","0","0","0","0","0","0","0","0","0","0","0","0","0","0","0","0","0","0","0","0","0","0","0","0","0","0","0","0","0","0","0","0","0","0","0","0","0","0","0","0","0","0","0","0","0","0","0","0","0","0","0","0","0","0","0","0","0","0","0","0","0","0","0","0","0","0","0","0","0","0","0","0","0","0","0","0","0","0","0","0","0","0","0","0","0","0","0","0","0","0","0","0","0","0","0","0","0","0","0","0","0","0","0","0","0","0","0","0","0","0","0","0","0","0","0","0","0","0","0","0","0","0","0","0","0","0","0","0","0","0","0","0","0","0","0","0","0","0","0","0","0","0","0","0","0","0","0","0","0","0","0","0","0","0","0","0","0","0","0","0","0","0","0","0","0","0","0","0","0","0","0","0","0","0","0","0","0","0","0","0","0","0","0","0","0","0","0","0","0","0","0","0","0","0","0","0","0","0","0","0","0","0","0","0","0","0","0","0","0","0","0","0","0","0","0","0","0","0","0","0","0","0"
"인천광역시 동구 (2814000000)","56,232","56,232","2,287","4,172","5,210","6,148","7,836","9,557","9,867","7,136","3,465","544","10","28,086","28,086","1,173","2,226","2,734","3,320","4,200","5,026","4,828","3,142","1,340","94","3","28,146","28,146","1,114","1,946","2,476","2,828","3,636","4,531","5,039","3,994","2,125","450","7","56,796","56,796","2,346","4,210","5,225","6,320","7,943","9,627","9,889","7,203","3,473","550","10","28,378","28,378","1,198","2,242","2,752","3,421","4,253","5,054","4,840","3,181","1,336","98","3","28,418","28,418","1,148","1,968","2,473","2,899","3,690","4,573","5,049","4,022","2,137","452","7","57,367","57,367","2,395","4,214","5,279","6,504","7,979","9,707","9,953","7,267","3,496","563","10","28,686","28,686","1,227","2,235","2,775","3,529","4,288","5,091","4,886","3,205","1,347","100","3","28,681","28,681","1,168","1,979","2,504","2,975","3,691","4,616","5,067","4,062","2,149","463","7","57,518","57,518","2,385","4,220","5,279","6,536","8,002","9,731","9,968","7,310","3,514","561","12","28,748","28,748","1,222","2,227","2,773","3,535","4,301","5,115","4,895","3,225","1,355","96","4","28,770","28,770","1,163","1,993","2,506","3,001","3,701","4,616","5,073","4,085","2,159","465","8","57,603","57,603","2,387","4,215","5,269","6,553","8,006","9,731","9,977","7,364","3,520","569","12","28,788","28,788","1,214","2,229","2,764","3,549","4,312","5,112","4,901","3,240","1,366","97","4","28,815","28,815","1,173","1,986","2,505","3,004","3,694","4,619","5,076","4,124","2,154","472","8","57,693","57,693","2,385","4,233","5,263","6,553","8,022","9,747","9,963","7,400","3,544","571","12","28,839","28,839","1,214","2,237","2,750","3,548","4,325","5,123","4,902","3,262","1,374","100","4","28,854","28,854","1,171","1,996","2,513","3,005","3,697","4,624","5,061","4,138","2,170","471","8"
"인천광역시 미추홀구 (2817700000)","414,783","414,783","23,062","32,193","48,519","58,114","62,022","68,185","64,502","38,048","17,243","2,828","67","208,243","208,243","11,845","16,525","25,476","31,062","33,016","34,862","31,115","17,086","6,548","701","7","206,540","206,540","11,217","15,668","23,043","27,052","29,006","33,323","33,387","20,962","10,695","2,127","60","414,548","414,548","22,900","32,202","48,374","57,919","61,897","68,211","64,571","38,281","17,268","2,859","66","208,084","208,084","11,741","16,507","25,419","30,942","32,977","34,881","31,142","17,203","6,548","715","9","206,464","206,464","11,159","15,695","22,955","26,977","28,920","33,330","33,429","21,078","10,720","2,144","57","415,120","415,120","22,854","32,498","48,385","58,017","61,746","68,076","64,648","38,571","17,355","2,901","69","208,467","208,467","11,751","16,670","25,510","30,973","32,912","34,825","31,143","17,354","6,593","727","9","206,653","206,653","11,103","15,828","22,875","27,044","28,834","33,251","33,505","21,217","10,762","2,174","60","415,181","415,181","22,834","32,479","48,296","58,045","61,668","68,103","64,657","38,711","17,393","2,926","69","208,547","208,547","11,723","16,706","25,445","30,999","32,888","34,846","31,187","17,384","6,613","747","9","206,634","206,634","11,111","15,773","22,851","27,046","28,780","33,257","33,470","21,327","10,780","2,179","60","415,384","415,384","22,792","32,417","48,336","58,053","61,664","68,083","64,658","38,890","17,467","2,952","72","208,693","208,693","11,718","16,658","25,501","31,013","32,898","34,836","31,184","17,466","6,654","756","9","206,691","206,691","11,074","15,759","22,835","27,040","28,766","33,247","33,474","21,424","10,813","2,196","63","415,885","415,885","22,850","32,419","48,174","58,325","61,810","68,023","64,739","39,005","17,527","2,938","75","208,943","208,943","11,749","16,666","25,397","31,137","32,997","34,794","31,214","17,540","6,678","762","9","206,942","206,942","11,101","15,753","22,777","27,188","28,813","33,229","33,525","21,465","10,849","2,176","66"
"인천광역시 연수구 (2818500000)","408,072","408,072","32,552","47,607","45,025","56,861","70,719","67,861","54,227","22,169","9,130","1,862","59","201,822","201,822","16,598","24,330","23,200","28,255","34,793","33,220","26,968","10,627","3,403","425","3","206,250","206,250","15,954","23,277","21,825","28,606","35,926","34,641","27,259","11,542","5,727","1,437","56","408,289","408,289","32,578","47,540","44,715","56,851","70,829","67,889","54,430","22,385","9,131","1,880","61","201,916","201,916","16,617","24,313","23,003","28,244","34,864","33,226","27,053","10,753","3,414","426","3","206,373","206,373","15,961","23,227","21,712","28,607","35,965","34,663","27,377","11,632","5,717","1,454","58","408,299","408,299","32,477","47,456","44,492","56,953","70,716","67,761","54,709","22,625","9,151","1,896","63","201,930","201,930","16,549","24,283","22,925","28,284","34,788","33,204","27,162","10,878","3,421","431","5","206,369","206,369","15,928","23,173","21,567","28,669","35,928","34,557","27,547","11,747","5,730","1,465","58","408,446","408,446","32,457","47,438","44,407","56,988","70,605","67,801","54,822","22,787","9,168","1,910","63","202,014","202,014","16,552","24,255","22,904","28,293","34,734","33,234","27,211","10,955","3,439","433","4","206,432","206,432","15,905","23,183","21,503","28,695","35,871","34,567","27,611","11,832","5,729","1,477","59","408,559","408,559","32,346","47,485","44,226","57,042","70,578","67,769","54,959","22,973","9,213","1,905","63","202,124","202,124","16,509","24,278","22,829","28,389","34,703","33,202","27,280","11,027","3,470","433","4","206,435","206,435","15,837","23,207","21,397","28,653","35,875","34,567","27,679","11,946","5,743","1,472","59","408,542","408,542","32,252","47,470","44,121","56,980","70,621","67,775","55,026","23,088","9,248","1,898","63","202,116","202,116","16,470","24,240","22,767","28,385","34,724","33,229","27,296","11,071","3,502","428","4","206,426","206,426","15,782","23,230","21,354","28,595","35,897","34,546","27,730","12,017","5,746","1,470","59"
"인천광역시 남동구 (2820000000)","477,309","477,309","23,423","44,299","53,609","60,269","72,048","83,930","78,911","40,932","16,934","2,870","84","236,254","236,254","12,017","22,813","27,539","32,044","36,604","41,530","38,139","18,750","6,182","622","14","241,055","241,055","11,406","21,486","26,070","28,225","35,444","42,400","40,772","22,182","10,752","2,248","70","477,103","477,103","23,230","44,202","53,415","60,154","71,866","83,924","79,036","41,278","16,992","2,919","87","236,186","236,186","11,934","22,773","27,409","32,016","36,529","41,562","38,203","18,906","6,205","634","15","240,917","240,917","11,296","21,429","26,006","28,138","35,337","42,362","40,833","22,372","10,787","2,285","72","476,971","476,971","23,075","44,083","53,206","60,352","71,591","83,705","79,217","41,631","17,068","2,958","85","236,077","236,077","11,850","22,711","27,283","32,118","36,391","41,500","38,239","19,074","6,254","644","13","240,894","240,894","11,225","21,372","25,923","28,234","35,200","42,205","40,978","22,557","10,814","2,314","72","476,861","476,861","22,913","44,060","53,070","60,435","71,387","83,570","79,395","41,846","17,120","2,978","87","236,008","236,008","11,754","22,682","27,220","32,198","36,269","41,474","38,280","19,178","6,282","657","14","240,853","240,853","11,159","21,378","25,850","28,237","35,118","42,096","41,115","22,668","10,838","2,321","73","476,693","476,693","22,789","43,929","52,948","60,402","71,252","83,489","79,523","42,098","17,182","2,997","84","235,933","235,933","11,685","22,618","27,158","32,223","36,177","41,425","38,367","19,287","6,317","663","13","240,760","240,760","11,104","21,311","25,790","28,179","35,075","42,064","41,156","22,811","10,865","2,334","71","476,527","476,527","22,622","43,861","52,807","60,350","71,256","83,366","79,582","42,304","17,304","2,993","82","235,885","235,885","11,590","22,618","27,075","32,210","36,196","41,363","38,423","19,377","6,351","669","13","240,642","240,642","11,032","21,243","25,732","28,140","35,060","42,003","41,159","22,927","10,953","2,324","69"
"인천광역시 부평구 (2823700000)","487,802","487,802","26,116","38,114","54,358","73,548","70,006","82,917","81,130","40,817","17,608","3,116","72","239,326","239,326","13,507","19,597","27,366","38,298","35,797","39,900","39,102","18,543","6,484","722","10","248,476","248,476","12,609","18,517","26,992","35,250","34,209","43,017","42,028","22,274","11,124","2,394","62","487,490","487,490","26,000","38,045","54,022","73,412","69,945","82,803","81,320","41,078","17,645","3,147","73","239,184","239,184","13,457","19,569","27,181","38,221","35,790","39,857","39,221","18,647","6,490","741","10","248,306","248,306","12,543","18,476","26,841","35,191","34,155","42,946","42,099","22,431","11,155","2,406","63","486,983","486,983","25,882","37,969","53,507","73,495","69,708","82,399","81,662","41,403","17,695","3,189","74","238,890","238,890","13,394","19,527","26,946","38,231","35,688","39,687","39,334","18,792","6,525","756","10","248,093","248,093","12,488","18,442","26,561","35,264","34,020","42,712","42,328","22,611","11,170","2,433","64","486,717","486,717","25,799","37,938","53,168","73,518","69,616","82,221","81,844","41,568","17,750","3,217","78","238,661","238,661","13,355","19,486","26,730","38,294","35,584","39,586","39,442","18,860","6,558","755","11","248,056","248,056","12,444","18,452","26,438","35,224","34,032","42,635","42,402","22,708","11,192","2,462","67","486,440","486,440","25,719","37,890","52,871","73,587","69,589","81,968","81,937","41,752","17,791","3,256","80","238,464","238,464","13,307","19,465","26,542","38,316","35,593","39,450","39,480","18,955","6,580","765","11","247,976","247,976","12,412","18,425","26,329","35,271","33,996","42,518","42,457","22,797","11,211","2,491","69","485,819","485,819","25,576","37,897","52,597","73,412","69,511","81,751","81,981","41,904","17,851","3,267","72","238,188","238,188","13,230","19,479","26,419","38,256","35,528","39,328","39,524","19,040","6,602","773","9","247,631","247,631","12,346","18,418","26,178","35,156","33,983","42,423","42,457","22,864","11,249","2,494","63"
"인천광역시 계양구 (2824500000)","276,264","276,264","11,822","21,275","31,382","37,041","36,968","52,144","53,227","21,420","9,201","1,719","65","137,288","137,288","6,038","10,741","16,447","19,723","19,011","25,125","26,424","10,246","3,149","371","13","138,976","138,976","5,784","10,534","14,935","17,318","17,957","27,019","26,803","11,174","6,052","1,348","52","276,009","276,009","11,748","21,205","31,137","36,969","36,902","52,022","53,408","21,614","9,195","1,742","67","137,139","137,139","6,008","10,684","16,316","19,689","18,960","25,104","26,490","10,334","3,158","383","13","138,870","138,870","5,740","10,521","14,821","17,280","17,942","26,918","26,918","11,280","6,037","1,359","54","275,795","275,795","11,702","21,123","30,820","37,065","36,787","51,715","53,658","21,870","9,202","1,787","66","137,023","137,023","5,994","10,633","16,130","19,754","18,909","24,966","26,603","10,455","3,175","392","12","138,772","138,772","5,708","10,490","14,690","17,311","17,878","26,749","27,055","11,415","6,027","1,395","54","275,489","275,489","11,648","21,044","30,608","37,056","36,618","51,612","53,796","22,035","9,187","1,821","64","136,856","136,856","5,965","10,606","16,005","19,759","18,829","24,885","26,679","10,546","3,170","401","11","138,633","138,633","5,683","10,438","14,603","17,297","17,789","26,727","27,117","11,489","6,017","1,420","53","275,223","275,223","11,543","21,020","30,438","36,996","36,537","51,467","53,940","22,181","9,196","1,843","62","136,696","136,696","5,904","10,600","15,905","19,699","18,817","24,821","26,747","10,622","3,164","408","9","138,527","138,527","5,639","10,420","14,533","17,297","17,720","26,646","27,193","11,559","6,032","1,435","53","274,968","274,968","11,508","20,946","30,281","36,924","36,545","51,339","53,995","22,297","9,226","1,850","57","136,546","136,546","5,859","10,571","15,812","19,665","18,837","24,797","26,737","10,683","3,173","405","7","138,422","138,422","5,649","10,375","14,469","17,259","17,708","26,542","27,258","11,614","6,053","1,445","50"
"인천광역시 서구 (2826000000)","653,071","653,071","53,351","67,071","69,476","101,609","112,974","107,038","86,539","37,706","14,535","2,684","88","328,127","328,127","27,351","34,270","35,368","51,611","58,421","53,694","43,524","17,981","5,320","572","15","324,944","324,944","26,000","32,801","34,108","49,998","54,553","53,344","43,015","19,725","9,215","2,112","73","654,153","654,153","53,367","67,110","69,336","101,489","113,247","107,220","86,921","38,077","14,561","2,739","86","328,650","328,650","27,342","34,296","35,253","51,559","58,607","53,782","43,714","18,161","5,337","583","16","325,503","325,503","26,025","32,814","34,083","49,930","54,640","53,438","43,207","19,916","9,224","2,156","70","655,304","655,304","53,329","67,216","68,963","101,992","113,271","107,181","87,362","38,522","14,614","2,772","82","329,141","329,141","27,349","34,320","35,043","51,825","58,599","53,772","43,886","18,389","5,357","587","14","326,163","326,163","25,980","32,896","33,920","50,167","54,672","53,409","43,476","20,133","9,257","2,185","68","656,572","656,572","53,306","67,313","68,857","102,259","113,400","107,397","87,673","38,827","14,661","2,795","84","329,746","329,746","27,346","34,337","34,993","51,977","58,667","53,891","44,027","18,516","5,389","588","15","326,826","326,826","25,960","32,976","33,864","50,282","54,733","53,506","43,646","20,311","9,272","2,207","69","658,052","658,052","53,274","67,511","68,702","102,599","113,570","107,621","88,026","39,116","14,713","2,838","82","330,396","330,396","27,343","34,412","34,887","52,122","58,748","53,966","44,229","18,658","5,422","594","15","327,656","327,656","25,931","33,099","33,815","50,477","54,822","53,655","43,797","20,458","9,291","2,244","67","660,454","660,454","53,489","67,627","68,771","103,309","114,017","107,796","88,291","39,387","14,828","2,857","82","331,619","331,619","27,468","34,463","34,910","52,516","58,957","54,058","44,357","18,794","5,477","604","15","328,835","328,835","26,021","33,164","33,861","50,793","55,060","53,738","43,934","20,593","9,351","2,253","67"
"인천광역시 서구검단출장소 (2826500000)","0","0","0","0","0","0","0","0","0","0","0","0","0","0","0","0","0","0","0","0","0","0","0","0","0","0","0","0","0","0","0","0","0","0","0","0","0","0","0","0","0","0","0","0","0","0","0","0","0","0","0","0","0","0","0","0","0","0","0","0","0","0","0","0","0","0","0","0","0","0","0","0","0","0","0","0","0","0","0","0","0","0","0","0","0","0","0","0","0","0","0","0","0","0","0","0","0","0","0","0","0","0","0","0","0","0","0","0","0","0","0","0","0","0","0","0","0","0","0","0","0","0","0","0","0","0","0","0","0","0","0","0","0","0","0","0","0","0","0","0","0","0","0","0","0","0","0","0","0","0","0","0","0","0","0","0","0","0","0","0","0","0","0","0","0","0","0","0","0","0","0","0","0","0","0","0","0","0","0","0","0","0","0","0","0","0","0","0","0","0","0","0","0","0","0","0","0","0","0","0","0","0","0","0","0","0","0","0","0","0","0","0","0","0","0","0","0","0","0","0","0","0","0","0","0","0","0","0","0","0","0","0","0","0"
"인천광역시 강화군 (2871000000)","69,420","69,420","2,524","4,235","4,128","4,825","6,881","10,641","16,622","11,710","6,453","1,380","21","34,732","34,732","1,308","2,177","2,298","2,622","3,600","5,629","8,336","5,810","2,581","363","8","34,688","34,688","1,216","2,058","1,830","2,203","3,281","5,012","8,286","5,900","3,872","1,017","13","69,402","69,402","2,540","4,225","4,080","4,823","6,879","10,568","16,637","11,766","6,459","1,403","22","34,748","34,748","1,315","2,171","2,288","2,617","3,601","5,591","8,359","5,843","2,587","368","8","34,654","34,654","1,225","2,054","1,792","2,206","3,278","4,977","8,278","5,923","3,872","1,035","14","69,340","69,340","2,519","4,195","4,071","4,817","6,836","10,522","16,643","11,852","6,462","1,400","23","34,703","34,703","1,296","2,162","2,278","2,610","3,579","5,572","8,361","5,880","2,592","365","8","34,637","34,637","1,223","2,033","1,793","2,207","3,257","4,950","8,282","5,972","3,870","1,035","15","69,384","69,384","2,518","4,186","4,065","4,822","6,802","10,523","16,642","11,926","6,462","1,412","26","34,758","34,758","1,299","2,152","2,287","2,614","3,562","5,583","8,352","5,923","2,601","378","7","34,626","34,626","1,219","2,034","1,778","2,208","3,240","4,940","8,290","6,003","3,861","1,034","19","69,410","69,410","2,526","4,166","4,077","4,813","6,779","10,501","16,637","11,988","6,479","1,418","26","34,777","34,777","1,296","2,147","2,300","2,601","3,549","5,574","8,361","5,952","2,612","378","7","34,633","34,633","1,230","2,019","1,777","2,212","3,230","4,927","8,276","6,036","3,867","1,040","19","69,407","69,407","2,508","4,170","4,082","4,787","6,766","10,506","16,649","12,026","6,471","1,418","24","34,776","34,776","1,292","2,147","2,295","2,594","3,545","5,568","8,361","5,978","2,608","382","6","34,631","34,631","1,216","2,023","1,787","2,193","3,221","4,938","8,288","6,048","3,863","1,036","18"
"인천광역시 옹진군 (2872000000)","19,481","19,481","528","873","2,156","1,617","1,868","3,055","4,742","2,991","1,324","311","16","11,122","11,122","257","459","1,537","1,110","1,192","1,815","2,615","1,540","531","65","1","8,359","8,359","271","414","619","507","676","1,240","2,127","1,451","793","246","15","19,377","19,377","513","854","2,124","1,595","1,848","3,042","4,723","3,019","1,332","310","17","11,047","11,047","244","448","1,516","1,096","1,179","1,803","2,605","1,552","536","67","1","8,330","8,330","269","406","608","499","669","1,239","2,118","1,467","796","243","16","19,350","19,350","518","857","2,101","1,589","1,838","3,028","4,706","3,052","1,331","313","17","11,023","11,023","248","451","1,495","1,090","1,168","1,797","2,600","1,568","537","68","1","8,327","8,327","270","406","606","499","670","1,231","2,106","1,484","794","245","16","19,320","19,320","508","858","2,083","1,589","1,837","3,003","4,721","3,059","1,333","314","15","11,010","11,010","241","458","1,483","1,091","1,168","1,777","2,607","1,578","538","68","1","8,310","8,310","267","400","600","498","669","1,226","2,114","1,481","795","246","14","19,301","19,301","507","855","2,048","1,585","1,826","3,010","4,713","3,081","1,345","315","16","11,000","11,000","242","456","1,457","1,093","1,158","1,789","2,601","1,589","546","68","1","8,301","8,301","265","399","591","492","668","1,221","2,112","1,492","799","247","15","19,266","19,266","496","853","2,047","1,560","1,824","3,015","4,705","3,085","1,347","319","15","10,985","10,985","240","461","1,450","1,073","1,156","1,799","2,597","1,591","550","67","1","8,281","8,281","256","392","597","487","668","1,216","2,108","1,494","797","252","14"
"광주광역시  (2900000000)","1,386,614","1,386,614","85,458","143,800","169,373","172,797","211,174","239,869","193,720","110,517","51,364","8,356","186","683,450","683,450","43,514","74,107","88,469","89,790","105,254","118,747","92,724","49,189","19,587","2,049","20","703,164","703,164","41,944","69,693","80,904","83,007","105,920","121,122","100,996","61,328","31,777","6,307","166","1,385,237","1,385,237","85,035","143,502","168,356","172,257","210,967","239,951","194,143","110,951","51,413","8,477","185","682,702","682,702","43,317","73,927","87,866","89,552","105,182","118,754","92,975","49,383","19,644","2,081","21","702,535","702,535","41,718","69,575","80,490","82,705","105,785","121,197","101,168","61,568","31,769","6,396","164","1,383,649","1,383,649","84,586","143,120","167,181","172,624","210,065","239,230","194,962","111,519","51,615","8,557","190","681,799","681,799","43,103","73,679","87,244","89,777","104,723","118,425","93,316","49,641","19,751","2,116","24","701,850","701,850","41,483","69,441","79,937","82,847","105,342","120,805","101,646","61,878","31,864","6,441","166","1,382,633","1,382,633","84,192","143,035","166,486","172,899","209,406","239,075","195,280","111,856","51,585","8,628","191","681,297","681,297","42,898","73,643","86,877","89,960","104,391","118,340","93,468","49,775","19,805","2,115","25","701,336","701,336","41,294","69,392","79,609","82,939","105,015","120,735","101,812","62,081","31,780","6,513","166","1,382,475","1,382,475","83,746","142,904","166,248","173,122","209,114","238,678","195,715","112,189","51,858","8,708","193","681,260","681,260","42,709","73,574","86,727","90,098","104,245","118,139","93,749","49,909","19,949","2,136","25","701,215","701,215","41,037","69,330","79,521","83,024","104,869","120,539","101,966","62,280","31,909","6,572","168","1,381,578","1,381,578","83,407","142,796","165,618","173,276","208,771","238,481","195,843","112,343","52,142","8,713","188","680,799","680,799","42,539","73,485","86,464","90,198","104,052","118,047","93,800","49,969","20,070","2,150","25","700,779","700,779","40,868","69,311","79,154","83,078","104,719","120,434","102,043","62,374","32,072","6,563","163"
"광주광역시 동구 (2911000000)","104,325","104,325","6,524","7,644","13,298","14,148","13,950","15,331","15,323","11,175","6,017","900","15","51,000","51,000","3,381","3,893","6,648","7,266","7,248","7,706","7,206","4,876","2,500","273","3","53,325","53,325","3,143","3,751","6,650","6,882","6,702","7,625","8,117","6,299","3,517","627","12","104,329","104,329","6,481","7,714","13,300","14,085","13,965","15,311","15,328","11,186","6,029","913","17","50,985","50,985","3,367","3,908","6,642","7,236","7,261","7,685","7,207","4,886","2,510","280","3","53,344","53,344","3,114","3,806","6,658","6,849","6,704","7,626","8,121","6,300","3,519","633","14","104,280","104,280","6,482","7,708","13,225","14,152","13,932","15,194","15,373","11,231","6,041","928","14","50,925","50,925","3,363","3,904","6,598","7,265","7,238","7,631","7,220","4,916","2,498","289","3","53,355","53,355","3,119","3,804","6,627","6,887","6,694","7,563","8,153","6,315","3,543","639","11","104,271","104,271","6,490","7,710","13,233","14,139","13,918","15,162","15,383","11,250","6,032","941","13","50,927","50,927","3,359","3,914","6,608","7,279","7,214","7,602","7,237","4,930","2,489","292","3","53,344","53,344","3,131","3,796","6,625","6,860","6,704","7,560","8,146","6,320","3,543","649","10","104,550","104,550","6,494","7,709","13,384","14,169","13,974","15,149","15,398","11,257","6,052","951","13","51,066","51,066","3,355","3,915","6,682","7,294","7,234","7,608","7,251","4,923","2,508","293","3","53,484","53,484","3,139","3,794","6,702","6,875","6,740","7,541","8,147","6,334","3,544","658","10","104,746","104,746","6,532","7,749","13,367","14,231","13,969","15,188","15,382","11,288","6,081","946","13","51,173","51,173","3,356","3,943","6,694","7,324","7,233","7,641","7,238","4,930","2,519","292","3","53,573","53,573","3,176","3,806","6,673","6,907","6,736","7,547","8,144","6,358","3,562","654","10"
"광주광역시 서구 (2914000000)","274,339","274,339","14,564","26,588","35,481","33,677","40,153","49,293","39,624","22,818","10,386","1,714","41","133,892","133,892","7,455","13,986","18,221","17,552","19,665","23,828","18,613","10,136","3,982","452","2","140,447","140,447","7,109","12,602","17,260","16,125","20,488","25,465","21,011","12,682","6,404","1,262","39","274,776","274,776","14,647","26,576","35,363","33,733","40,233","49,399","39,706","22,925","10,407","1,748","39","134,127","134,127","7,524","13,972","18,136","17,618","19,690","23,890","18,662","10,176","3,998","458","3","140,649","140,649","7,123","12,604","17,227","16,115","20,543","25,509","21,044","12,749","6,409","1,290","36","274,861","274,861","14,605","26,529","35,170","33,978","40,138","49,241","39,912","23,053","10,432","1,761","42","134,154","134,154","7,517","13,916","18,029","17,737","19,668","23,798","18,753","10,242","4,021","469","4","140,707","140,707","7,088","12,613","17,141","16,241","20,470","25,443","21,159","12,811","6,411","1,292","38","274,298","274,298","14,426","26,498","34,998","33,954","39,937","49,183","39,979","23,113","10,396","1,771","43","133,938","133,938","7,422","13,905","17,994","17,749","19,556","23,791","18,751","10,270","4,022","474","4","140,360","140,360","7,004","12,593","17,004","16,205","20,381","25,392","21,228","12,843","6,374","1,297","39","274,000","274,000","14,360","26,411","34,824","33,979","39,845","49,033","40,034","23,201","10,470","1,799","44","133,754","133,754","7,385","13,854","17,864","17,783","19,521","23,703","18,804","10,284","4,069","483","4","140,246","140,246","6,975","12,557","16,960","16,196","20,324","25,330","21,230","12,917","6,401","1,316","40","273,711","273,711","14,294","26,331","34,705","33,957","39,786","48,941","40,086","23,218","10,546","1,803","44","133,623","133,623","7,368","13,788","17,846","17,756","19,487","23,658","18,848","10,270","4,108","490","4","140,088","140,088","6,926","12,543","16,859","16,201","20,299","25,283","21,238","12,948","6,438","1,313","40"
"광주광역시 남구 (2915500000)","206,765","206,765","12,651","23,034","21,454","22,909","32,130","32,639","30,382","20,437","9,517","1,569","43","98,691","98,691","6,392","11,448","10,996","11,529","15,673","15,851","13,724","8,891","3,786","393","8","108,074","108,074","6,259","11,586","10,458","11,380","16,457","16,788","16,658","11,546","5,731","1,176","35","206,539","206,539","12,613","23,004","21,281","22,846","32,157","32,615","30,384","20,488","9,519","1,590","42","98,564","98,564","6,370","11,421","10,925","11,491","15,688","15,838","13,724","8,908","3,790","401","8","107,975","107,975","6,243","11,583","10,356","11,355","16,469","16,777","16,660","11,580","5,729","1,189","34","206,223","206,223","12,505","22,989","21,086","22,872","32,013","32,583","30,387","20,580","9,555","1,613","40","98,366","98,366","6,327","11,418","10,809","11,490","15,601","15,838","13,716","8,933","3,818","408","8","107,857","107,857","6,178","11,571","10,277","11,382","16,412","16,745","16,671","11,647","5,737","1,205","32","205,899","205,899","12,440","22,986","20,981","22,793","31,888","32,576","30,348","20,655","9,579","1,612","41","98,178","98,178","6,291","11,418","10,731","11,453","15,548","15,834","13,701","8,956","3,837","401","8","107,721","107,721","6,149","11,568","10,250","11,340","16,340","16,742","16,647","11,699","5,742","1,211","33","205,605","205,605","12,312","22,988","20,895","22,728","31,825","32,532","30,315","20,701","9,652","1,614","43","98,077","98,077","6,248","11,421","10,691","11,425","15,526","15,811","13,689","8,993","3,859","406","8","107,528","107,528","6,064","11,567","10,204","11,303","16,299","16,721","16,626","11,708","5,793","1,208","35","205,168","205,168","12,238","22,947","20,763","22,667","31,733","32,494","30,248","20,717","9,708","1,611","42","97,825","97,825","6,208","11,392","10,614","11,408","15,451","15,792","13,667","9,002","3,877","406","8","107,343","107,343","6,030","11,555","10,149","11,259","16,282","16,702","16,581","11,715","5,831","1,205","34"
"광주광역시 북구 (2917000000)","415,046","415,046","25,422","39,413","49,002","52,607","60,822","70,617","62,717","35,764","16,050","2,579","53","204,886","204,886","12,973","20,494","25,836","27,301","30,851","34,932","29,722","16,052","6,101","619","5","210,160","210,160","12,449","18,919","23,166","25,306","29,971","35,685","32,995","19,712","9,949","1,960","48","414,269","414,269","25,246","39,304","48,644","52,337","60,694","70,579","62,810","35,925","16,068","2,609","53","204,451","204,451","12,893","20,453","25,585","27,156","30,786","34,909","29,797","16,122","6,117","628","5","209,818","209,818","12,353","18,851","23,059","25,181","29,908","35,670","33,013","19,803","9,951","1,981","48","413,593","413,593","25,098","39,131","48,313","52,352","60,388","70,356","63,014","36,113","16,139","2,633","56","204,118","204,118","12,813","20,355","25,441","27,180","30,621","34,841","29,857","16,208","6,160","636","6","209,475","209,475","12,285","18,776","22,872","25,172","29,767","35,515","33,157","19,905","9,979","1,997","50","414,392","414,392","25,179","39,178","48,193","52,785","60,422","70,367","63,186","36,213","16,145","2,669","55","204,515","204,515","12,869","20,368","25,358","27,407","30,644","34,842","29,955","16,243","6,187","636","6","209,877","209,877","12,310","18,810","22,835","25,378","29,778","35,525","33,231","19,970","9,958","2,033","49","415,148","415,148","25,134","39,239","48,207","53,078","60,469","70,284","63,397","36,357","16,230","2,698","55","204,905","204,905","12,858","20,409","25,375","27,543","30,658","34,792","30,086","16,313","6,222","643","6","210,243","210,243","12,276","18,830","22,832","25,535","29,811","35,492","33,311","20,044","10,008","2,055","49","415,608","415,608","25,109","39,277","48,093","53,375","60,511","70,266","63,484","36,411","16,318","2,710","54","205,162","205,162","12,853","20,427","25,331","27,724","30,682","34,769","30,119","16,348","6,258","645","6","210,446","210,446","12,256","18,850","22,762","25,651","29,829","35,497","33,365","20,063","10,060","2,065","48"
"광주광역시 광산구 (2920000000)","386,139","386,139","26,297","47,121","50,138","49,456","64,119","71,989","45,674","20,323","9,394","1,594","34","194,981","194,981","13,313","24,286","26,768","26,142","31,817","36,430","23,459","9,234","3,218","312","2","191,158","191,158","12,984","22,835","23,370","23,314","32,302","35,559","22,215","11,089","6,176","1,282","32","385,324","385,324","26,048","46,904","49,768","49,256","63,918","72,047","45,915","20,427","9,390","1,617","34","194,575","194,575","13,163","24,173","26,578","26,051","31,757","36,432","23,585","9,291","3,229","314","2","190,749","190,749","12,885","22,731","23,190","23,205","32,161","35,615","22,330","11,136","6,161","1,303","32","384,692","384,692","25,896","46,763","49,387","49,270","63,594","71,856","46,276","20,542","9,448","1,622","38","194,236","194,236","13,083","24,086","26,367","26,105","31,595","36,317","23,770","9,342","3,254","314","3","190,456","190,456","12,813","22,677","23,020","23,165","31,999","35,539","22,506","11,200","6,194","1,308","35","383,773","383,773","25,657","46,663","49,081","49,228","63,241","71,787","46,384","20,625","9,433","1,635","39","193,739","193,739","12,957","24,038","26,186","26,072","31,429","36,271","23,824","9,376","3,270","312","4","190,034","190,034","12,700","22,625","22,895","23,156","31,812","35,516","22,560","11,249","6,163","1,323","35","383,172","383,172","25,446","46,557","48,938","49,168","63,001","71,680","46,571","20,673","9,454","1,646","38","193,458","193,458","12,863","23,975","26,115","26,053","31,306","36,225","23,919","9,396","3,291","311","4","189,714","189,714","12,583","22,582","22,823","23,115","31,695","35,455","22,652","11,277","6,163","1,335","34","382,345","382,345","25,234","46,492","48,690","49,046","62,772","71,592","46,643","20,709","9,489","1,643","35","193,016","193,016","12,754","23,935","25,979","25,986","31,199","36,187","23,928","9,419","3,308","317","4","189,329","189,329","12,480","22,557","22,711","23,060","31,573","35,405","22,715","11,290","6,181","1,326","31"
"대전광역시  (3000000000)","1,435,547","1,435,547","86,384","135,523","186,511","194,290","207,526","241,303","207,679","115,967","51,339","8,817","208","714,600","714,600","44,433","69,634","97,152","103,418","103,852","120,184","100,696","53,322","19,661","2,214","34","720,947","720,947","41,951","65,889","89,359","90,872","103,674","121,119","106,983","62,645","31,678","6,603","174","1,436,456","1,436,456","86,134","135,954","186,170","193,989","207,281","241,499","208,046","116,898","51,362","8,912","211","715,012","715,012","44,325","69,652","97,082","103,268","103,858","120,216","100,864","53,748","19,726","2,240","33","721,444","721,444","41,809","66,302","89,088","90,721","103,423","121,283","107,182","63,150","31,636","6,672","178","1,436,857","1,436,857","85,811","136,072","185,811","194,780","206,362","240,926","208,399","117,900","51,530","9,058","208","715,098","715,098","44,167","69,603","96,919","103,690","103,407","119,969","101,055","54,163","19,809","2,285","31","721,759","721,759","41,644","66,469","88,892","91,090","102,955","120,957","107,344","63,737","31,721","6,773","177","1,436,760","1,436,760","85,522","135,966","185,444","195,295","205,885","240,881","208,325","118,595","51,518","9,125","204","714,970","714,970","44,017","69,580","96,633","103,975","103,255","119,860","101,028","54,479","19,820","2,292","31","721,790","721,790","41,505","66,386","88,811","91,320","102,630","121,021","107,297","64,116","31,698","6,833","173","1,437,337","1,437,337","85,234","135,952","185,459","195,591","205,742","240,731","208,355","119,254","51,585","9,226","208","715,232","715,232","43,826","69,610","96,579","104,108","103,235","119,766","101,109","54,784","19,863","2,320","32","722,105","722,105","41,408","66,342","88,880","91,483","102,507","120,965","107,246","64,470","31,722","6,906","176","1,437,201","1,437,201","85,038","135,700","185,107","196,057","205,749","240,411","208,320","119,612","51,787","9,210","210","715,133","715,133","43,729","69,481","96,391","104,327","103,276","119,574","101,106","54,951","19,956","2,309","33","722,068","722,068","41,309","66,219","88,716","91,730","102,473","120,837","107,214","64,661","31,831","6,901","177"
"대전광역시 동구 (3011000000)","217,332","217,332","11,039","18,216","27,622","25,173","28,993","36,086","35,062","22,629","10,806","1,668","38","109,253","109,253","5,753","9,321","14,638","13,671","15,111","18,830","17,146","10,227","4,135","411","10","108,079","108,079","5,286","8,895","12,984","11,502","13,882","17,256","17,916","12,402","6,671","1,257","28","217,391","217,391","10,919","18,531","27,520","25,072","28,865","36,093","35,090","22,779","10,799","1,687","36","109,257","109,257","5,700","9,376","14,631","13,623","15,068","18,834","17,161","10,299","4,139","418","8","108,134","108,134","5,219","9,155","12,889","11,449","13,797","17,259","17,929","12,480","6,660","1,269","28","217,543","217,543","10,873","18,737","27,487","25,185","28,669","35,986","35,110","22,940","10,831","1,693","32","109,360","109,360","5,665","9,446","14,638","13,712","14,957","18,802","17,184","10,371","4,160","418","7","108,183","108,183","5,208","9,291","12,849","11,473","13,712","17,184","17,926","12,569","6,671","1,275","25","217,576","217,576","10,822","18,736","27,511","25,259","28,570","35,965","35,091","23,056","10,832","1,701","33","109,370","109,370","5,634","9,441","14,643","13,745","14,917","18,792","17,192","10,415","4,164","420","7","108,206","108,206","5,188","9,295","12,868","11,514","13,653","17,173","17,899","12,641","6,668","1,281","26","217,746","217,746","10,775","18,782","27,642","25,231","28,557","35,946","35,036","23,161","10,866","1,715","35","109,473","109,473","5,601","9,461","14,723","13,742","14,917","18,779","17,176","10,468","4,174","425","7","108,273","108,273","5,174","9,321","12,919","11,489","13,640","17,167","17,860","12,693","6,692","1,290","28","217,504","217,504","10,733","18,667","27,606","25,223","28,524","35,897","35,016","23,198","10,886","1,720","34","109,386","109,386","5,582","9,439","14,700","13,719","14,907","18,765","17,162","10,497","4,185","423","7","108,118","108,118","5,151","9,228","12,906","11,504","13,617","17,132","17,854","12,701","6,701","1,297","27"
"대전광역시 중구 (3014000000)","224,578","224,578","11,717","19,542","25,015","26,240","30,755","38,379","35,287","24,016","11,652","1,927","48","109,836","109,836","5,936","9,994","12,500","13,618","15,498","19,448","17,102","10,657","4,534","540","9","114,742","114,742","5,781","9,548","12,515","12,622","15,257","18,931","18,185","13,359","7,118","1,387","39","224,411","224,411","11,649","19,431","25,008","26,155","30,605","38,422","35,318","24,157","11,664","1,955","47","109,704","109,704","5,890","9,950","12,463","13,582","15,449","19,437","17,110","10,720","4,548","546","9","114,707","114,707","5,759","9,481","12,545","12,573","15,156","18,985","18,208","13,437","7,116","1,409","38","224,153","224,153","11,537","19,394","24,860","26,175","30,481","38,271","35,351","24,304","11,736","1,998","46","109,471","109,471","5,836","9,916","12,388","13,573","15,342","19,375","17,118","10,779","4,577","559","8","114,682","114,682","5,701","9,478","12,472","12,602","15,139","18,896","18,233","13,525","7,159","1,439","38","223,824","223,824","11,468","19,331","24,745","26,202","30,342","38,265","35,290","24,392","11,732","2,010","47","109,284","109,284","5,806","9,888","12,331","13,592","15,274","19,340","17,085","10,825","4,572","563","8","114,540","114,540","5,662","9,443","12,414","12,610","15,068","18,925","18,205","13,567","7,160","1,447","39","223,735","223,735","11,427","19,318","24,675","26,196","30,296","38,246","35,286","24,466","11,741","2,034","50","109,201","109,201","5,774","9,882","12,265","13,576","15,258","19,327","17,117","10,846","4,584","563","9","114,534","114,534","5,653","9,436","12,410","12,620","15,038","18,919","18,169","13,620","7,157","1,471","41","223,431","223,431","11,392","19,251","24,587","26,247","30,245","38,114","35,203","24,527","11,776","2,040","49","108,989","108,989","5,753","9,847","12,202","13,597","15,206","19,245","17,090","10,876","4,601","563","9","114,442","114,442","5,639","9,404","12,385","12,650","15,039","18,869","18,113","13,651","7,175","1,477","40"
"대전광역시 서구 (3017000000)","461,728","461,728","27,557","46,093","63,090","65,118","68,848","76,691","63,449","34,108","14,205","2,513","56","225,958","225,958","14,157","23,686","31,501","33,989","33,585","37,111","30,068","15,717","5,526","611","7","235,770","235,770","13,400","22,407","31,589","31,129","35,263","39,580","33,381","18,391","8,679","1,902","49","462,170","462,170","27,494","46,142","63,041","65,055","68,887","76,762","63,594","34,371","14,234","2,530","60","226,178","226,178","14,166","23,674","31,502","33,946","33,614","37,121","30,135","15,845","5,551","616","8","235,992","235,992","13,328","22,468","31,539","31,109","35,273","39,641","33,459","18,526","8,683","1,914","52","461,944","461,944","27,338","46,104","62,904","65,343","68,477","76,527","63,646","34,694","14,283","2,570","58","226,010","226,010","14,081","23,639","31,408","34,084","33,458","36,984","30,181","15,964","5,571","633","7","235,934","235,934","13,257","22,465","31,496","31,259","35,019","39,543","33,465","18,730","8,712","1,937","51","461,902","461,902","27,211","46,060","62,794","65,606","68,326","76,496","63,573","34,928","14,280","2,574","54","225,943","225,943","14,012","23,626","31,308","34,220","33,419","36,961","30,140","16,051","5,566","633","7","235,959","235,959","13,199","22,434","31,486","31,386","34,907","39,535","33,433","18,877","8,714","1,941","47","461,940","461,940","27,078","46,062","62,652","65,806","68,260","76,430","63,587","35,129","14,284","2,597","55","225,979","225,979","13,935","23,635","31,212","34,345","33,396","36,935","30,139","16,154","5,579","642","7","235,961","235,961","13,143","22,427","31,440","31,461","34,864","39,495","33,448","18,975","8,705","1,955","48","462,712","462,712","27,068","46,122","62,528","66,213","68,393","76,487","63,649","35,264","14,352","2,581","55","226,367","226,367","13,937","23,647","31,169","34,535","33,508","36,952","30,157","16,215","5,607","633","7","236,345","236,345","13,131","22,475","31,359","31,678","34,885","39,535","33,492","19,049","8,745","1,948","48"
"대전광역시 유성구 (3020000000)","367,318","367,318","28,538","38,402","52,051","58,337","57,860","58,622","44,288","19,750","7,839","1,591","40","186,071","186,071","14,794","19,724","28,227","31,202","28,645","28,900","21,682","9,590","2,931","371","5","181,247","181,247","13,744","18,678","23,824","27,135","29,215","29,722","22,606","10,160","4,908","1,220","35","368,097","368,097","28,614","38,568","52,000","58,358","57,966","58,709","44,422","19,971","7,836","1,612","41","186,498","186,498","14,813","19,762","28,239","31,228","28,736","28,940","21,758","9,691","2,947","379","5","181,599","181,599","13,801","18,806","23,761","27,130","29,230","29,769","22,664","10,280","4,889","1,233","36","369,043","369,043","28,642","38,607","52,053","58,735","57,899","58,777","44,610","20,194","7,848","1,636","42","187,010","187,010","14,844","19,747","28,272","31,457","28,704","28,991","21,853","9,789","2,967","380","6","182,033","182,033","13,798","18,860","23,781","27,278","29,195","29,786","22,757","10,405","4,881","1,256","36","369,587","369,587","28,650","38,643","52,036","58,918","57,908","58,857","44,678","20,355","7,845","1,658","39","187,313","187,313","14,847","19,785","28,242","31,559","28,741","29,005","21,894","9,886","2,968","380","6","182,274","182,274","13,803","18,858","23,794","27,359","29,167","29,852","22,784","10,469","4,877","1,278","33","370,139","370,139","28,611","38,654","52,172","59,080","57,914","58,884","44,726","20,508","7,875","1,676","39","187,562","187,562","14,804","19,817","28,299","31,606","28,768","29,004","21,940","9,957","2,979","382","6","182,577","182,577","13,807","18,837","23,873","27,474","29,146","29,880","22,786","10,551","4,896","1,294","33","370,100","370,100","28,511","38,578","52,197","59,105","57,898","58,838","44,721","20,630","7,907","1,673","42","187,549","187,549","14,742","19,781","28,306","31,637","28,775","28,958","21,962","9,999","3,001","381","7","182,551","182,551","13,769","18,797","23,891","27,468","29,123","29,880","22,759","10,631","4,906","1,292","35"
"대전광역시 대덕구 (3023000000)","164,591","164,591","7,533","13,270","18,733","19,422","21,070","31,525","29,593","15,464","6,837","1,118","26","83,482","83,482","3,793","6,909","10,286","10,938","11,013","15,895","14,698","7,131","2,535","281","3","81,109","81,109","3,740","6,361","8,447","8,484","10,057","15,630","14,895","8,333","4,302","837","23","164,387","164,387","7,458","13,282","18,601","19,349","20,958","31,513","29,622","15,620","6,829","1,128","27","83,375","83,375","3,756","6,890","10,247","10,889","10,991","15,884","14,700","7,193","2,541","281","3","81,012","81,012","3,702","6,392","8,354","8,460","9,967","15,629","14,922","8,427","4,288","847","24","164,174","164,174","7,421","13,230","18,507","19,342","20,836","31,365","29,682","15,768","6,832","1,161","30","83,247","83,247","3,741","6,855","10,213","10,864","10,946","15,817","14,719","7,260","2,534","295","3","80,927","80,927","3,680","6,375","8,294","8,478","9,890","15,548","14,963","8,508","4,298","866","27","163,871","163,871","7,371","13,196","18,358","19,310","20,739","31,298","29,693","15,864","6,829","1,182","31","83,060","83,060","3,718","6,840","10,109","10,859","10,904","15,762","14,717","7,302","2,550","296","3","80,811","80,811","3,653","6,356","8,249","8,451","9,835","15,536","14,976","8,562","4,279","886","28","163,777","163,777","7,343","13,136","18,318","19,278","20,715","31,225","29,720","15,990","6,819","1,204","29","83,017","83,017","3,712","6,815","10,080","10,839","10,896","15,721","14,737","7,359","2,547","308","3","80,760","80,760","3,631","6,321","8,238","8,439","9,819","15,504","14,983","8,631","4,272","896","26","163,454","163,454","7,334","13,082","18,189","19,269","20,689","31,075","29,731","15,993","6,866","1,196","30","82,842","82,842","3,715","6,767","10,014","10,839","10,880","15,654","14,735","7,364","2,562","309","3","80,612","80,612","3,619","6,315","8,175","8,430","9,809","15,421","14,996","8,629","4,304","887","27"
"울산광역시  (3100000000)","1,088,304","1,088,304","66,950","109,572","110,056","136,355","167,815","197,292","179,126","86,658","29,907","4,475","98","560,611","560,611","34,279","56,844","63,681","75,462","87,075","98,590","90,582","41,790","11,335","963","10","527,693","527,693","32,671","52,728","46,375","60,893","80,740","98,702","88,544","44,868","18,572","3,512","88","1,086,893","1,086,893","66,507","109,092","109,188","136,102","167,501","196,833","179,797","87,315","29,942","4,523","93","560,017","560,017","34,053","56,722","63,126","75,375","87,027","98,350","90,901","42,131","11,357","965","10","526,876","526,876","32,454","52,370","46,062","60,727","80,474","98,483","88,896","45,184","18,585","3,558","83","1,085,798","1,085,798","66,156","108,709","108,238","136,416","166,948","195,852","180,544","88,176","30,095","4,571","93","559,560","559,560","33,856","56,565","62,591","75,679","86,747","97,825","91,359","42,497","11,453","978","10","526,238","526,238","32,300","52,144","45,647","60,737","80,201","98,027","89,185","45,679","18,642","3,593","83","1,085,194","1,085,194","65,716","108,779","107,591","136,436","166,606","195,560","180,838","88,826","30,133","4,610","99","559,237","559,237","33,651","56,622","62,181","75,738","86,629","97,615","91,483","42,807","11,501","1,000","10","525,957","525,957","32,065","52,157","45,410","60,698","79,977","97,945","89,355","46,019","18,632","3,610","89","1,084,645","1,084,645","65,362","108,791","106,927","136,543","166,337","195,111","181,190","89,388","30,262","4,635","99","558,891","558,891","33,489","56,618","61,728","75,840","86,465","97,415","91,656","43,090","11,586","994","10","525,754","525,754","31,873","52,173","45,199","60,703","79,872","97,696","89,534","46,298","18,676","3,641","89","1,084,298","1,084,298","65,143","108,761","106,587","136,574","166,400","194,638","181,284","89,886","30,308","4,618","99","558,713","558,713","33,329","56,581","61,529","75,903","86,548","97,190","91,715","43,308","11,609","992","9","525,585","525,585","31,814","52,180","45,058","60,671","79,852","97,448","89,569","46,578","18,699","3,626","90"
"울산광역시 중구 (3111000000)","203,426","203,426","11,541","18,911","18,929","24,464","29,545","36,290","36,285","19,544","7,033","868","16","102,789","102,789","5,965","9,860","10,809","13,251","15,290","17,860","17,796","9,057","2,691","208","2","100,637","100,637","5,576","9,051","8,120","11,213","14,255","18,430","18,489","10,487","4,342","660","14","203,146","203,146","11,457","18,833","18,752","24,447","29,477","36,181","36,373","19,698","7,027","887","14","102,631","102,631","5,919","9,849","10,687","13,232","15,274","17,802","17,829","9,138","2,693","206","2","100,515","100,515","5,538","8,984","8,065","11,215","14,203","18,379","18,544","10,560","4,334","681","12","202,862","202,862","11,402","18,774","18,539","24,471","29,382","36,013","36,409","19,921","7,029","907","15","102,498","102,498","5,897","9,824","10,569","13,283","15,215","17,706","17,863","9,220","2,706","213","2","100,364","100,364","5,505","8,950","7,970","11,188","14,167","18,307","18,546","10,701","4,323","694","13","202,821","202,821","11,352","18,783","18,439","24,486","29,303","35,952","36,497","20,030","7,032","931","16","102,441","102,441","5,867","9,829","10,479","13,292","15,177","17,677","17,903","9,272","2,724","219","2","100,380","100,380","5,485","8,954","7,960","11,194","14,126","18,275","18,594","10,758","4,308","712","14","202,698","202,698","11,315","18,763","18,307","24,503","29,264","35,854","36,536","20,135","7,056","950","15","102,367","102,367","5,849","9,820","10,389","13,316","15,158","17,626","17,935","9,305","2,745","222","2","100,331","100,331","5,466","8,943","7,918","11,187","14,106","18,228","18,601","10,830","4,311","728","13","202,514","202,514","11,241","18,757","18,242","24,440","29,292","35,741","36,549","20,220","7,071","948","13","102,251","102,251","5,799","9,814","10,339","13,288","15,175","17,565","17,971","9,328","2,749","222","1","100,263","100,263","5,442","8,943","7,903","11,152","14,117","18,176","18,578","10,892","4,322","726","12"
"울산광역시 남구 (3114000000)","303,462","303,462","17,694","27,959","34,319","41,938","44,294","55,752","49,155","23,696","7,604","1,026","25","155,233","155,233","9,098","14,540","19,636","23,291","22,589","27,202","24,357","11,282","2,977","259","2","148,229","148,229","8,596","13,419","14,683","18,647","21,705","28,550","24,798","12,414","4,627","767","23","303,582","303,582","17,737","27,900","34,080","42,067","44,321","55,591","49,342","23,867","7,618","1,036","23","155,310","155,310","9,131","14,532","19,472","23,374","22,635","27,103","24,448","11,372","2,983","258","2","148,272","148,272","8,606","13,368","14,608","18,693","21,686","28,488","24,894","12,495","4,635","778","21","303,537","303,537","17,693","27,844","33,825","42,262","44,233","55,270","49,573","24,074","7,679","1,062","22","155,328","155,328","9,098","14,520","19,337","23,507","22,595","26,926","24,601","11,457","3,021","264","2","148,209","148,209","8,595","13,324","14,488","18,755","21,638","28,344","24,972","12,617","4,658","798","20","303,439","303,439","17,644","27,878","33,611","42,326","44,214","55,097","49,611","24,256","7,709","1,068","25","155,288","155,288","9,080","14,556","19,220","23,545","22,628","26,792","24,625","11,546","3,026","268","2","148,151","148,151","8,564","13,322","14,391","18,781","21,586","28,305","24,986","12,710","4,683","800","23","303,374","303,374","17,569","27,891","33,441","42,437","44,164","54,926","49,681","24,424","7,750","1,066","25","155,202","155,202","9,048","14,564","19,084","23,606","22,598","26,697","24,655","11,641","3,043","264","2","148,172","148,172","8,521","13,327","14,357","18,831","21,566","28,229","25,026","12,783","4,707","802","23","303,341","303,341","17,594","27,880","33,293","42,586","44,218","54,717","49,685","24,523","7,756","1,062","27","155,211","155,211","9,058","14,555","19,007","23,699","22,656","26,593","24,637","11,681","3,056","267","2","148,130","148,130","8,536","13,325","14,286","18,887","21,562","28,124","25,048","12,842","4,700","795","25"
"울산광역시 동구 (3117000000)","148,586","148,586","8,980","16,415","14,200","16,973","25,868","24,134","24,992","12,998","3,553","457","16","77,693","77,693","4,570","8,521","8,124","9,699","13,973","12,666","12,097","6,508","1,445","90","0","70,893","70,893","4,410","7,894","6,076","7,274","11,895","11,468","12,895","6,490","2,108","367","16","148,072","148,072","8,845","16,265","14,103","16,829","25,804","24,052","25,035","13,101","3,565","457","16","77,467","77,467","4,499","8,465","8,066","9,640","13,952","12,634","12,118","6,553","1,449","91","0","70,605","70,605","4,346","7,800","6,037","7,189","11,852","11,418","12,917","6,548","2,116","366","16","147,803","147,803","8,759","16,153","14,024","16,775","25,749","23,961","25,062","13,236","3,609","459","16","77,362","77,362","4,453","8,427","8,017","9,645","13,920","12,597","12,137","6,606","1,470","90","0","70,441","70,441","4,306","7,726","6,007","7,130","11,829","11,364","12,925","6,630","2,139","369","16","147,533","147,533","8,659","16,138","13,925","16,753","25,657","23,925","25,040","13,339","3,622","460","15","77,197","77,197","4,405","8,416","7,949","9,641","13,882","12,563","12,113","6,654","1,482","92","0","70,336","70,336","4,254","7,722","5,976","7,112","11,775","11,362","12,927","6,685","2,140","368","15","147,448","147,448","8,575","16,153","13,874","16,734","25,650","23,880","25,043","13,416","3,647","460","16","77,155","77,155","4,369","8,405","7,930","9,648","13,867","12,541","12,113","6,694","1,497","91","0","70,293","70,293","4,206","7,748","5,944","7,086","11,783","11,339","12,930","6,722","2,150","369","16","147,372","147,372","8,501","16,146","13,841","16,706","25,653","23,874","25,005","13,512","3,661","457","16","77,105","77,105","4,323","8,392","7,919","9,636","13,863","12,547","12,094","6,743","1,498","90","0","70,267","70,267","4,178","7,754","5,922","7,070","11,790","11,327","12,911","6,769","2,163","367","16"
"울산광역시 북구 (3120000000)","214,423","214,423","16,982","25,529","21,239","29,302","37,569","38,023","29,930","11,194","3,982","659","14","111,576","111,576","8,677","13,212","12,794","16,147","19,220","18,672","15,849","5,424","1,461","117","3","102,847","102,847","8,305","12,317","8,445","13,155","18,349","19,351","14,081","5,770","2,521","542","11","214,004","214,004","16,803","25,449","21,026","29,187","37,471","38,005","30,130","11,285","3,970","664","14","111,424","111,424","8,598","13,205","12,658","16,124","19,181","18,685","15,927","5,472","1,457","114","3","102,580","102,580","8,205","12,244","8,368","13,063","18,290","19,320","14,203","5,813","2,513","550","11","213,788","213,788","16,707","25,361","20,856","29,250","37,320","37,795","30,409","11,413","3,987","676","14","111,317","111,317","8,545","13,160","12,543","16,168","19,106","18,580","16,098","5,533","1,464","117","3","102,471","102,471","8,162","12,201","8,313","13,082","18,214","19,215","14,311","5,880","2,523","559","11","213,650","213,650","16,525","25,447","20,685","29,217","37,262","37,792","30,533","11,507","3,988","680","14","111,253","111,253","8,465","13,201","12,440","16,172","19,060","18,592","16,150","5,580","1,472","118","3","102,397","102,397","8,060","12,246","8,245","13,045","18,202","19,200","14,383","5,927","2,516","562","11","213,403","213,403","16,388","25,491","20,463","29,220","37,167","37,701","30,691","11,586","3,994","688","14","111,121","111,121","8,400","13,217","12,294","16,182","18,999","18,579","16,210","5,632","1,485","120","3","102,282","102,282","7,988","12,274","8,169","13,038","18,168","19,122","14,481","5,954","2,509","568","11","213,316","213,316","16,315","25,499","20,406","29,206","37,162","37,609","30,756","11,668","3,995","686","14","111,075","111,075","8,342","13,233","12,248","16,194","19,002","18,545","16,240","5,671","1,480","117","3","102,241","102,241","7,973","12,266","8,158","13,012","18,160","19,064","14,516","5,997","2,515","569","11"
"울산광역시 울주군 (3171000000)","218,407","218,407","11,753","20,758","21,369","23,678","30,539","43,093","38,764","19,226","7,735","1,465","27","113,320","113,320","5,969","10,711","12,318","13,074","16,003","22,190","20,483","9,519","2,761","289","3","105,087","105,087","5,784","10,047","9,051","10,604","14,536","20,903","18,281","9,707","4,974","1,176","24","218,089","218,089","11,665","20,645","21,227","23,572","30,428","43,004","38,917","19,364","7,762","1,479","26","113,185","113,185","5,906","10,671","12,243","13,005","15,985","22,126","20,579","9,596","2,775","296","3","104,904","104,904","5,759","9,974","8,984","10,567","14,443","20,878","18,338","9,768","4,987","1,183","23","217,808","217,808","11,595","20,577","20,994","23,658","30,264","42,813","39,091","19,532","7,791","1,467","26","113,055","113,055","5,863","10,634","12,125","13,076","15,911","22,016","20,660","9,681","2,792","294","3","104,753","104,753","5,732","9,943","8,869","10,582","14,353","20,797","18,431","9,851","4,999","1,173","23","217,751","217,751","11,536","20,533","20,931","23,654","30,170","42,794","39,157","19,694","7,782","1,471","29","113,058","113,058","5,834","10,620","12,093","13,088","15,882","21,991","20,692","9,755","2,797","303","3","104,693","104,693","5,702","9,913","8,838","10,566","14,288","20,803","18,465","9,939","4,985","1,168","26","217,722","217,722","11,515","20,493","20,842","23,649","30,092","42,750","39,239","19,827","7,815","1,471","29","113,046","113,046","5,823","10,612","12,031","13,088","15,843","21,972","20,743","9,818","2,816","297","3","104,676","104,676","5,692","9,881","8,811","10,561","14,249","20,778","18,496","10,009","4,999","1,174","26","217,755","217,755","11,492","20,479","20,805","23,636","30,075","42,697","39,289","19,963","7,825","1,465","29","113,071","113,071","5,807","10,587","12,016","13,086","15,852","21,940","20,773","9,885","2,826","296","3","104,684","104,684","5,685","9,892","8,789","10,550","14,223","20,757","18,516","10,078","4,999","1,169","26"
"세종특별자치시  (3600000000)","390,719","390,719","38,330","54,119","36,343","57,497","75,929","59,205","39,341","19,811","8,298","1,809","37","194,479","194,479","19,475","27,393","18,631","28,460","37,185","30,748","19,546","9,500","3,131","405","5","196,240","196,240","18,855","26,726","17,712","29,037","38,744","28,457","19,795","10,311","5,167","1,404","32","390,481","390,481","38,087","54,072","36,265","57,088","75,944","59,493","39,378","20,007","8,295","1,816","36","194,361","194,361","19,308","27,398","18,622","28,245","37,219","30,857","19,543","9,616","3,146","403","4","196,120","196,120","18,779","26,674","17,643","28,843","38,725","28,636","19,835","10,391","5,149","1,413","32","390,312","390,312","37,847","53,967","36,271","57,065","75,617","59,681","39,501","20,150","8,337","1,840","36","194,324","194,324","19,189","27,379","18,683","28,243","37,016","30,935","19,614","9,670","3,182","409","4","195,988","195,988","18,658","26,588","17,588","28,822","38,601","28,746","19,887","10,480","5,155","1,431","32","390,266","390,266","37,629","54,015","36,240","57,059","75,493","59,789","39,569","20,265","8,310","1,863","34","194,323","194,323","19,099","27,394","18,679","28,260","36,906","31,007","19,640","9,737","3,174","422","5","195,943","195,943","18,530","26,621","17,561","28,799","38,587","28,782","19,929","10,528","5,136","1,441","29","390,315","390,315","37,501","54,096","36,177","56,959","75,472","59,865","39,672","20,344","8,324","1,872","33","194,406","194,406","19,068","27,438","18,692","28,220","36,871","31,028","19,692","9,787","3,181","423","6","195,909","195,909","18,433","26,658","17,485","28,739","38,601","28,837","19,980","10,557","5,143","1,449","27","390,175","390,175","37,313","54,193","36,128","56,775","75,469","59,980","39,658","20,415","8,344","1,865","35","194,316","194,316","18,966","27,488","18,667","28,123","36,868","31,066","19,700","9,812","3,201","418","7","195,859","195,859","18,347","26,705","17,461","28,652","38,601","28,914","19,958","10,603","5,143","1,447","28"
"세종특별자치시  (3611000000)","390,719","390,719","38,330","54,119","36,343","57,497","75,929","59,205","39,341","19,811","8,298","1,809","37","194,479","194,479","19,475","27,393","18,631","28,460","37,185","30,748","19,546","9,500","3,131","405","5","196,240","196,240","18,855","26,726","17,712","29,037","38,744","28,457","19,795","10,311","5,167","1,404","32","390,481","390,481","38,087","54,072","36,265","57,088","75,944","59,493","39,378","20,007","8,295","1,816","36","194,361","194,361","19,308","27,398","18,622","28,245","37,219","30,857","19,543","9,616","3,146","403","4","196,120","196,120","18,779","26,674","17,643","28,843","38,725","28,636","19,835","10,391","5,149","1,413","32","390,312","390,312","37,847","53,967","36,271","57,065","75,617","59,681","39,501","20,150","8,337","1,840","36","194,324","194,324","19,189","27,379","18,683","28,243","37,016","30,935","19,614","9,670","3,182","409","4","195,988","195,988","18,658","26,588","17,588","28,822","38,601","28,746","19,887","10,480","5,155","1,431","32","390,266","390,266","37,629","54,015","36,240","57,059","75,493","59,789","39,569","20,265","8,310","1,863","34","194,323","194,323","19,099","27,394","18,679","28,260","36,906","31,007","19,640","9,737","3,174","422","5","195,943","195,943","18,530","26,621","17,561","28,799","38,587","28,782","19,929","10,528","5,136","1,441","29","390,315","390,315","37,501","54,096","36,177","56,959","75,472","59,865","39,672","20,344","8,324","1,872","33","194,406","194,406","19,068","27,438","18,692","28,220","36,871","31,028","19,692","9,787","3,181","423","6","195,909","195,909","18,433","26,658","17,485","28,739","38,601","28,837","19,980","10,557","5,143","1,449","27","390,175","390,175","37,313","54,193","36,128","56,775","75,469","59,980","39,658","20,415","8,344","1,865","35","194,316","194,316","18,966","27,488","18,667","28,123","36,868","31,066","19,700","9,812","3,201","418","7","195,859","195,859","18,347","26,705","17,461","28,652","38,601","28,914","19,958","10,603","5,143","1,447","28"
"경기도  (4100000000)","13,673,766","13,673,766","885,643","1,325,095","1,547,754","1,918,118","2,167,056","2,344,124","1,958,261","993,164","453,657","78,984","1,910","6,862,654","6,862,654","453,408","677,038","809,115","1,005,088","1,105,404","1,177,465","976,690","463,360","174,447","20,283","356","6,811,112","6,811,112","432,235","648,057","738,639","913,030","1,061,652","1,166,659","981,571","529,804","279,210","58,701","1,554","13,679,487","13,679,487","882,731","1,324,082","1,542,654","1,915,846","2,165,641","2,346,277","1,965,289","1,000,440","454,600","79,995","1,932","6,865,050","6,865,050","451,950","676,465","806,147","1,004,110","1,105,056","1,178,161","980,272","466,943","175,014","20,572","360","6,814,437","6,814,437","430,781","647,617","736,507","911,736","1,060,585","1,168,116","985,017","533,497","279,586","59,423","1,572","13,683,482","13,683,482","879,658","1,322,836","1,536,137","1,921,582","2,159,512","2,342,632","1,972,750","1,009,306","455,983","81,139","1,947","6,866,822","6,866,822","450,353","675,759","802,578","1,007,419","1,102,138","1,176,177","983,993","471,416","175,747","20,875","367","6,816,660","6,816,660","429,305","647,077","733,559","914,163","1,057,374","1,166,455","988,757","537,890","280,236","60,264","1,580","13,689,215","13,689,215","877,257","1,323,196","1,530,767","1,924,979","2,156,561","2,343,508","1,977,469","1,014,852","456,810","81,846","1,970","6,869,455","6,869,455","449,196","676,037","799,439","1,009,511","1,100,673","1,176,460","986,457","473,998","176,220","21,099","365","6,819,760","6,819,760","428,061","647,159","731,328","915,468","1,055,888","1,167,048","991,012","540,854","280,590","60,747","1,605","13,693,448","13,693,448","874,464","1,323,178","1,525,732","1,927,486","2,154,712","2,343,240","1,981,535","1,020,102","458,466","82,560","1,973","6,871,182","6,871,182","447,769","675,917","796,636","1,010,947","1,099,825","1,176,306","988,622","476,421","177,080","21,295","364","6,822,266","6,822,266","426,695","647,261","729,096","916,539","1,054,887","1,166,934","992,913","543,681","281,386","61,265","1,609","13,700,311","13,700,311","872,509","1,324,233","1,522,393","1,930,308","2,155,006","2,342,312","1,984,281","1,024,300","460,249","82,736","1,984","6,874,509","6,874,509","446,773","676,548","794,840","1,012,545","1,100,084","1,175,617","990,107","478,445","177,824","21,358","368","6,825,802","6,825,802","425,736","647,685","727,553","917,763","1,054,922","1,166,695","994,174","545,855","282,425","61,378","1,616"
"북부출장소  (4110500000)","0","0","0","0","0","0","0","0","0","0","0","0","0","0","0","0","0","0","0","0","0","0","0","0","0","0","0","0","0","0","0","0","0","0","0","0","0","0","0","0","0","0","0","0","0","0","0","0","0","0","0","0","0","0","0","0","0","0","0","0","0","0","0","0","0","0","0","0","0","0","0","0","0","0","0","0","0","0","0","0","0","0","0","0","0","0","0","0","0","0","0","0","0","0","0","0","0","0","0","0","0","0","0","0","0","0","0","0","0","0","0","0","0","0","0","0","0","0","0","0","0","0","0","0","0","0","0","0","0","0","0","0","0","0","0","0","0","0","0","0","0","0","0","0","0","0","0","0","0","0","0","0","0","0","0","0","0","0","0","0","0","0","0","0","0","0","0","0","0","0","0","0","0","0","0","0","0","0","0","0","0","0","0","0","0","0","0","0","0","0","0","0","0","0","0","0","0","0","0","0","0","0","0","0","0","0","0","0","0","0","0","0","0","0","0","0","0","0","0","0","0","0","0","0","0","0","0","0","0","0","0","0","0","0"
"경기도 수원시 (4111000000)","1,180,701","1,180,701","72,147","110,555","160,855","187,085","182,996","199,228","156,866","73,070","32,270","5,481","148","592,493","592,493","37,115","57,005","83,412","99,317","92,802","98,253","77,817","33,326","12,041","1,382","23","588,208","588,208","35,032","53,550","77,443","87,768","90,194","100,975","79,049","39,744","20,229","4,099","125","1,180,768","1,180,768","71,757","110,575","160,540","186,747","182,773","199,170","157,471","73,695","32,351","5,539","150","592,584","592,584","36,916","57,003","83,319","99,134","92,757","98,204","78,098","33,628","12,093","1,409","23","588,184","588,184","34,841","53,572","77,221","87,613","90,016","100,966","79,373","40,067","20,258","4,130","127","1,180,906","1,180,906","71,450","110,384","160,078","187,324","182,239","198,666","158,140","74,370","32,460","5,649","146","592,481","592,481","36,729","56,869","83,018","99,426","92,501","97,980","78,404","33,928","12,168","1,436","22","588,425","588,425","34,721","53,515","77,060","87,898","89,738","100,686","79,736","40,442","20,292","4,213","124","1,180,895","1,180,895","71,223","110,195","159,601","187,728","181,814","198,684","158,489","74,797","32,510","5,710","144","592,402","592,402","36,644","56,756","82,737","99,601","92,310","97,964","78,609","34,096","12,208","1,454","23","588,493","588,493","34,579","53,439","76,864","88,127","89,504","100,720","79,880","40,701","20,302","4,256","121","1,180,896","1,180,896","70,995","110,092","159,152","188,086","181,446","198,510","158,806","75,253","32,661","5,752","143","592,326","592,326","36,503","56,699","82,528","99,736","92,143","97,901","78,740","34,302","12,289","1,462","23","588,570","588,570","34,492","53,393","76,624","88,350","89,303","100,609","80,066","40,951","20,372","4,290","120","1,180,587","1,180,587","70,833","109,949","158,684","188,333","181,291","198,249","159,069","75,512","32,777","5,744","146","592,010","592,010","36,377","56,631","82,295","99,793","92,034","97,748","78,876","34,419","12,348","1,465","24","588,577","588,577","34,456","53,318","76,389","88,540","89,257","100,501","80,193","41,093","20,429","4,279","122"
"경기도 수원시 장안구 (4111100000)","269,654","269,654","13,648","25,082","37,583","35,360","38,045","49,158","39,916","19,550","9,572","1,700","40","135,038","135,038","6,886","13,000","20,502","18,849","18,991","24,112","19,875","8,798","3,588","432","5","134,616","134,616","6,762","12,082","17,081","16,511","19,054","25,046","20,041","10,752","5,984","1,268","35","269,650","269,650","13,596","25,146","37,498","35,235","37,947","49,057","40,087","19,737","9,574","1,733","40","135,101","135,101","6,883","13,033","20,512","18,775","18,943","24,058","19,962","8,893","3,596","441","5","134,549","134,549","6,713","12,113","16,986","16,460","19,004","24,999","20,125","10,844","5,978","1,292","35","269,415","269,415","13,479","25,072","37,400","35,278","37,757","48,873","40,243","19,903","9,593","1,779","38","135,025","135,025","6,836","13,000","20,458","18,791","18,894","23,972","20,030","8,965","3,628","445","6","134,390","134,390","6,643","12,072","16,942","16,487","18,863","24,901","20,213","10,938","5,965","1,334","32","269,163","269,163","13,434","24,979","37,250","35,338","37,593","48,782","40,347","19,990","9,616","1,798","36","134,887","134,887","6,822","12,935","20,388","18,820","18,811","23,947","20,085","8,993","3,630","450","6","134,276","134,276","6,612","12,044","16,862","16,518","18,782","24,835","20,262","10,997","5,986","1,348","30","268,980","268,980","13,379","24,872","37,168","35,398","37,450","48,688","40,476","20,082","9,631","1,801","35","134,831","134,831","6,798","12,864","20,369","18,873","18,738","23,894","20,157","9,039","3,643","451","5","134,149","134,149","6,581","12,008","16,799","16,525","18,712","24,794","20,319","11,043","5,988","1,350","30","268,727","268,727","13,346","24,777","37,055","35,403","37,381","48,573","40,545","20,157","9,653","1,803","34","134,676","134,676","6,792","12,820","20,294","18,873","18,698","23,819","20,194","9,070","3,654","456","6","134,051","134,051","6,554","11,957","16,761","16,530","18,683","24,754","20,351","11,087","5,999","1,347","28"
"경기도 수원시 권선구 (4111300000)","359,510","359,510","21,034","31,750","44,721","57,321","55,876","60,953","52,516","23,949","9,705","1,641","44","181,255","181,255","10,909","16,305","22,862","30,923","29,104","29,979","25,984","11,173","3,598","413","5","178,255","178,255","10,125","15,445","21,859","26,398","26,772","30,974","26,532","12,776","6,107","1,228","39","359,244","359,244","20,853","31,700","44,520","57,218","55,747","60,930","52,682","24,161","9,746","1,642","45","181,084","181,084","10,799","16,267","22,753","30,837","29,078","29,955","26,081","11,275","3,614","420","5","178,160","178,160","10,054","15,433","21,767","26,381","26,669","30,975","26,601","12,886","6,132","1,222","40","359,110","359,110","20,702","31,606","44,285","57,327","55,593","60,840","52,880","24,387","9,784","1,661","45","180,916","180,916","10,702","16,224","22,587","30,893","28,985","29,917","26,166","11,379","3,632","428","3","178,194","178,194","10,000","15,382","21,698","26,434","26,608","30,923","26,714","13,008","6,152","1,233","42","359,082","359,082","20,587","31,610","44,069","57,393","55,492","60,826","53,031","24,589","9,779","1,664","42","180,889","180,889","10,650","16,239","22,479","30,899","28,915","29,934","26,241","11,454","3,645","430","3","178,193","178,193","9,937","15,371","21,590","26,494","26,577","30,892","26,790","13,135","6,134","1,234","39","359,080","359,080","20,484","31,632","43,931","57,501","55,394","60,738","53,116","24,750","9,829","1,663","42","180,845","180,845","10,585","16,244","22,420","30,950","28,851","29,901","26,274","11,524","3,664","428","4","178,235","178,235","9,899","15,388","21,511","26,551","26,543","30,837","26,842","13,226","6,165","1,235","38","359,041","359,041","20,439","31,612","43,807","57,606","55,318","60,615","53,256","24,832","9,859","1,657","40","180,813","180,813","10,545","16,226","22,365","31,007","28,811","29,827","26,352","11,565","3,682","429","4","178,228","178,228","9,894","15,386","21,442","26,599","26,507","30,788","26,904","13,267","6,177","1,228","36"
"경기도 수원시 팔달구 (4111500000)","190,664","190,664","10,350","13,034","27,672","32,055","26,198","31,513","27,320","14,791","6,680","1,018","33","95,588","95,588","5,351","6,676","13,894","17,327","13,720","15,801","13,420","6,598","2,521","275","5","95,076","95,076","4,999","6,358","13,778","14,728","12,478","15,712","13,900","8,193","4,159","743","28","191,169","191,169","10,252","13,089","27,764","32,111","26,230","31,572","27,478","14,908","6,698","1,034","33","95,842","95,842","5,287","6,696","13,947","17,364","13,765","15,820","13,493","6,640","2,543","282","5","95,327","95,327","4,965","6,393","13,817","14,747","12,465","15,752","13,985","8,268","4,155","752","28","191,691","191,691","10,268","13,111","27,819","32,320","26,187","31,498","27,623","15,044","6,731","1,057","33","96,057","96,057","5,289","6,693","13,932","17,495","13,751","15,790","13,569","6,691","2,559","283","5","95,634","95,634","4,979","6,418","13,887","14,825","12,436","15,708","14,054","8,353","4,172","774","28","191,929","191,929","10,228","13,105","27,805","32,458","26,214","31,517","27,652","15,107","6,726","1,080","37","96,182","96,182","5,274","6,694","13,921","17,567","13,779","15,757","13,615","6,714","2,569","286","6","95,747","95,747","4,954","6,411","13,884","14,891","12,435","15,760","14,037","8,393","4,157","794","31","192,095","192,095","10,215","13,084","27,757","32,536","26,199","31,503","27,680","15,209","6,783","1,091","38","96,231","96,231","5,259","6,699","13,878","17,575","13,778","15,763","13,631","6,756","2,598","288","6","95,864","95,864","4,956","6,385","13,879","14,961","12,421","15,740","14,049","8,453","4,185","803","32","192,133","192,133","10,177","13,100","27,687","32,610","26,163","31,497","27,728","15,231","6,820","1,081","39","96,205","96,205","5,224","6,710","13,820","17,607","13,748","15,759","13,665","6,760","2,619","288","5","95,928","95,928","4,953","6,390","13,867","15,003","12,415","15,738","14,063","8,471","4,201","793","34"
"경기도 수원시 영통구 (4111700000)","360,873","360,873","27,115","40,689","50,879","62,349","62,877","57,604","37,114","14,780","6,313","1,122","31","180,612","180,612","13,969","21,024","26,154","32,218","30,987","28,361","18,538","6,757","2,334","262","8","180,261","180,261","13,146","19,665","24,725","30,131","31,890","29,243","18,576","8,023","3,979","860","23","360,705","360,705","27,056","40,640","50,758","62,183","62,849","57,611","37,224","14,889","6,333","1,130","32","180,557","180,557","13,947","21,007","26,107","32,158","30,971","28,371","18,562","6,820","2,340","266","8","180,148","180,148","13,109","19,633","24,651","30,025","31,878","29,240","18,662","8,069","3,993","864","24","360,690","360,690","27,001","40,595","50,574","62,399","62,702","57,455","37,394","15,036","6,352","1,152","30","180,483","180,483","13,902","20,952","26,041","32,247","30,871","28,301","18,639","6,893","2,349","280","8","180,207","180,207","13,099","19,643","24,533","30,152","31,831","29,154","18,755","8,143","4,003","872","22","360,721","360,721","26,974","40,501","50,477","62,539","62,515","57,559","37,459","15,111","6,389","1,168","29","180,444","180,444","13,898","20,888","25,949","32,315","30,805","28,326","18,668","6,935","2,364","288","8","180,277","180,277","13,076","19,613","24,528","30,224","31,710","29,233","18,791","8,176","4,025","880","21","360,741","360,741","26,917","40,504","50,296","62,651","62,403","57,581","37,534","15,212","6,418","1,197","28","180,419","180,419","13,861","20,892","25,861","32,338","30,776","28,343","18,678","6,983","2,384","295","8","180,322","180,322","13,056","19,612","24,435","30,313","31,627","29,238","18,856","8,229","4,034","902","20","360,686","360,686","26,871","40,460","50,135","62,714","62,429","57,564","37,540","15,292","6,445","1,203","33","180,316","180,316","13,816","20,875","25,816","32,306","30,777","28,343","18,665","7,024","2,393","292","9","180,370","180,370","13,055","19,585","24,319","30,408","31,652","29,221","18,875","8,268","4,052","911","24"
"경기도 성남시 (4113000000)","900,569","900,569","54,099","81,074","104,740","133,832","139,881","149,241","129,154","71,250","31,576","5,573","149","444,557","444,557","27,595","41,363","53,273","69,075","69,408","74,018","62,852","32,817","12,643","1,477","36","456,012","456,012","26,504","39,711","51,467","64,757","70,473","75,223","66,302","38,433","18,933","4,096","113","900,637","900,637","54,088","81,017","104,197","133,823","139,805","149,315","129,309","71,713","31,586","5,642","142","444,596","444,596","27,599","41,299","53,053","69,031","69,415","74,046","62,918","33,066","12,639","1,497","33","456,041","456,041","26,489","39,718","51,144","64,792","70,390","75,269","66,391","38,647","18,947","4,145","109","899,956","899,956","53,984","80,981","103,465","134,218","139,270","148,802","129,456","72,245","31,693","5,697","145","444,190","444,190","27,548","41,282","52,639","69,250","69,197","73,757","62,955","33,337","12,683","1,508","34","455,766","455,766","26,436","39,699","50,826","64,968","70,073","75,045","66,501","38,908","19,010","4,189","111","899,060","899,060","53,874","80,885","102,826","134,199","138,950","148,648","129,538","72,548","31,705","5,741","146","443,761","443,761","27,501","41,240","52,288","69,250","69,046","73,668","63,015","33,505","12,685","1,534","29","455,299","455,299","26,373","39,645","50,538","64,949","69,904","74,980","66,523","39,043","19,020","4,207","117","898,243","898,243","53,757","80,747","102,277","134,053","138,742","148,425","129,644","72,838","31,822","5,793","145","443,229","443,229","27,431","41,159","51,999","69,172","68,888","73,538","63,125","33,605","12,726","1,557","29","455,014","455,014","26,326","39,588","50,278","64,881","69,854","74,887","66,519","39,233","19,096","4,236","116","896,901","896,901","53,727","80,517","101,808","133,823","138,600","148,146","129,435","72,983","31,932","5,782","148","442,546","442,546","27,399","41,044","51,768","69,075","68,839","73,375","63,046","33,648","12,763","1,558","31","454,355","454,355","26,328","39,473","50,040","64,748","69,761","74,771","66,389","39,335","19,169","4,224","117"
"경기도 성남시 수정구 (4113100000)","231,963","231,963","12,902","15,911","27,809","35,732","33,669","37,861","37,094","21,283","8,444","1,233","25","117,086","117,086","6,577","8,014","14,589","19,109","17,781","19,438","18,217","9,772","3,289","294","6","114,877","114,877","6,325","7,897","13,220","16,623","15,888","18,423","18,877","11,511","5,155","939","19","232,792","232,792","13,087","15,985","27,696","35,967","33,809","37,909","37,136","21,456","8,464","1,259","24","117,523","117,523","6,675","8,027","14,550","19,229","17,875","19,439","18,263","9,862","3,295","302","6","115,269","115,269","6,412","7,958","13,146","16,738","15,934","18,470","18,873","11,594","5,169","957","18","233,058","233,058","13,111","16,076","27,601","36,095","33,736","37,747","37,250","21,652","8,502","1,258","30","117,683","117,683","6,698","8,083","14,508","19,292","17,851","19,347","18,326","9,965","3,303","303","7","115,375","115,375","6,413","7,993","13,093","16,803","15,885","18,400","18,924","11,687","5,199","955","23","232,907","232,907","13,088","16,037","27,407","36,107","33,639","37,750","37,255","21,800","8,529","1,265","30","117,561","117,561","6,691","8,063","14,356","19,302","17,801","19,327","18,356","10,036","3,314","308","7","115,346","115,346","6,397","7,974","13,051","16,805","15,838","18,423","18,899","11,764","5,215","957","23","233,055","233,055","13,072","16,048","27,280","36,175","33,621","37,759","37,303","21,928","8,563","1,278","28","117,645","117,645","6,688","8,078","14,284","19,373","17,765","19,345","18,382","10,084","3,328","312","6","115,410","115,410","6,384","7,970","12,996","16,802","15,856","18,414","18,921","11,844","5,235","966","22","233,390","233,390","13,163","16,058","27,183","36,328","33,680","37,706","37,357","21,992","8,614","1,281","28","117,814","117,814","6,737","8,094","14,238","19,457","17,779","19,326","18,430","10,092","3,344","311","6","115,576","115,576","6,426","7,964","12,945","16,871","15,901","18,380","18,927","11,900","5,270","970","22"
"경기도 성남시 중원구 (4113300000)","201,889","201,889","10,097","13,941","23,565","30,926","28,678","33,339","33,862","18,764","7,621","1,055","41","101,511","101,511","5,104","7,207","12,085","16,739","15,077","16,909","16,513","8,675","2,957","236","9","100,378","100,378","4,993","6,734","11,480","14,187","13,601","16,430","17,349","10,089","4,664","819","32","201,555","201,555","9,962","13,923","23,485","30,818","28,514","33,330","33,889","18,900","7,626","1,070","38","101,317","101,317","5,039","7,190","12,054","16,685","14,973","16,911","16,517","8,739","2,960","242","7","100,238","100,238","4,923","6,733","11,431","14,133","13,541","16,419","17,372","10,161","4,666","828","31","201,037","201,037","9,909","13,878","23,241","30,867","28,327","33,098","33,929","18,996","7,656","1,098","38","100,997","100,997","5,015","7,157","11,924","16,709","14,881","16,770","16,534","8,780","2,971","249","7","100,040","100,040","4,894","6,721","11,317","14,158","13,446","16,328","17,395","10,216","4,685","849","31","200,669","200,669","9,873","13,860","23,090","30,880","28,185","33,015","33,921","19,048","7,644","1,111","42","100,865","100,865","5,002","7,163","11,856","16,726","14,820","16,725","16,530","8,812","2,969","255","7","99,804","99,804","4,871","6,697","11,234","14,154","13,365","16,290","17,391","10,236","4,675","856","35","199,962","199,962","9,818","13,802","22,863","30,830","28,070","32,803","33,865","19,099","7,645","1,125","42","100,460","100,460","4,977","7,117","11,728","16,683","14,743","16,619","16,526","8,826","2,968","266","7","99,502","99,502","4,841","6,685","11,135","14,147","13,327","16,184","17,339","10,273","4,677","859","35","198,989","198,989","9,740","13,709","22,672","30,689","27,992","32,578","33,675","19,129","7,644","1,119","42","99,978","99,978","4,919","7,067","11,639","16,636","14,720","16,492","16,440","8,821","2,968","269","7","99,011","99,011","4,821","6,642","11,033","14,053","13,272","16,086","17,235","10,308","4,676","850","35"
"경기도 성남시 분당구 (4113500000)","466,717","466,717","31,100","51,222","53,366","67,174","77,534","78,041","58,198","31,203","15,511","3,285","83","225,960","225,960","15,914","26,142","26,599","33,227","36,550","37,671","28,122","14,370","6,397","947","21","240,757","240,757","15,186","25,080","26,767","33,947","40,984","40,370","30,076","16,833","9,114","2,338","62","466,290","466,290","31,039","51,109","53,016","67,038","77,482","78,076","58,284","31,357","15,496","3,313","80","225,756","225,756","15,885","26,082","26,449","33,117","36,567","37,696","28,138","14,465","6,384","953","20","240,534","240,534","15,154","25,027","26,567","33,921","40,915","40,380","30,146","16,892","9,112","2,360","60","465,861","465,861","30,964","51,027","52,623","67,256","77,207","77,957","58,277","31,597","15,535","3,341","77","225,510","225,510","15,835","26,042","26,207","33,249","36,465","37,640","28,095","14,592","6,409","956","20","240,351","240,351","15,129","24,985","26,416","34,007","40,742","40,317","30,182","17,005","9,126","2,385","57","465,484","465,484","30,913","50,988","52,329","67,212","77,126","77,883","58,362","31,700","15,532","3,365","74","225,335","225,335","15,808","26,014","26,076","33,222","36,425","37,616","28,129","14,657","6,402","971","15","240,149","240,149","15,105","24,974","26,253","33,990","40,701","40,267","30,233","17,043","9,130","2,394","59","465,226","465,226","30,867","50,897","52,134","67,048","77,051","77,863","58,476","31,811","15,614","3,390","75","225,124","225,124","15,766","25,964","25,987","33,116","36,380","37,574","28,217","14,695","6,430","979","16","240,102","240,102","15,101","24,933","26,147","33,932","40,671","40,289","30,259","17,116","9,184","2,411","59","464,522","464,522","30,824","50,750","51,953","66,806","76,928","77,862","58,403","31,862","15,674","3,382","78","224,754","224,754","15,743","25,883","25,891","32,982","36,340","37,557","28,176","14,735","6,451","978","18","239,768","239,768","15,081","24,867","26,062","33,824","40,588","40,305","30,227","17,127","9,223","2,404","60"
"경기도 의정부시 (4115000000)","459,102","459,102","26,734","39,631","53,243","60,421","67,152","81,157","71,037","38,266","18,531","2,871","59","225,174","225,174","13,793","20,387","26,707","31,084","34,347","39,511","34,473","17,049","7,044","770","9","233,928","233,928","12,941","19,244","26,536","29,337","32,805","41,646","36,564","21,217","11,487","2,101","50","459,176","459,176","26,585","39,638","53,045","60,282","67,115","81,198","71,243","38,518","18,598","2,896","58","225,153","225,153","13,726","20,381","26,552","31,053","34,285","39,570","34,545","17,187","7,065","779","10","234,023","234,023","12,859","19,257","26,493","29,229","32,830","41,628","36,698","21,331","11,533","2,117","48","459,054","459,054","26,460","39,528","52,762","60,380","66,971","81,056","71,446","38,796","18,666","2,932","57","224,984","224,984","13,646","20,336","26,306","31,119","34,234","39,478","34,629","17,339","7,099","787","11","234,070","234,070","12,814","19,192","26,456","29,261","32,737","41,578","36,817","21,457","11,567","2,145","46","459,346","459,346","26,429","39,474","52,559","60,507","66,923","81,084","71,655","39,011","18,690","2,959","55","225,135","225,135","13,615","20,341","26,172","31,228","34,205","39,512","34,701","17,462","7,095","795","9","234,211","234,211","12,814","19,133","26,387","29,279","32,718","41,572","36,954","21,549","11,595","2,164","46","459,445","459,445","26,360","39,403","52,320","60,616","66,903","81,015","71,889","39,166","18,758","2,957","58","225,197","225,197","13,582","20,293","26,023","31,289","34,223","39,538","34,769","17,535","7,146","789","10","234,248","234,248","12,778","19,110","26,297","29,327","32,680","41,477","37,120","21,631","11,612","2,168","48","459,563","459,563","26,294","39,385","52,137","60,635","66,979","80,901","72,047","39,328","18,824","2,975","58","225,220","225,220","13,518","20,310","25,906","31,276","34,304","39,472","34,843","17,624","7,169","788","10","234,343","234,343","12,776","19,075","26,231","29,359","32,675","41,429","37,204","21,704","11,655","2,187","48"
"경기도 안양시 (4117000000)","560,889","560,889","35,115","49,127","63,557","86,543","82,669","93,657","86,167","42,983","17,726","3,277","68","276,376","276,376","17,897","25,179","32,711","44,643","41,604","45,203","41,326","20,382","6,641","783","7","284,513","284,513","17,218","23,948","30,846","41,900","41,065","48,454","44,841","22,601","11,085","2,494","61","560,949","560,949","35,178","49,064","63,157","86,483","82,718","93,482","86,482","43,302","17,705","3,311","67","276,350","276,350","17,931","25,114","32,480","44,604","41,661","45,093","41,484","20,529","6,661","785","8","284,599","284,599","17,247","23,950","30,677","41,879","41,057","48,389","44,998","22,773","11,044","2,526","59","560,242","560,242","35,073","48,943","62,688","86,629","82,385","93,077","86,615","43,685","17,770","3,305","72","275,956","275,956","17,881","25,021","32,200","44,704","41,530","44,882","41,528","20,729","6,691","779","11","284,286","284,286","17,192","23,922","30,488","41,925","40,855","48,195","45,087","22,956","11,079","2,526","61","560,007","560,007","35,114","48,799","62,384","86,753","82,279","92,949","86,638","43,891","17,792","3,333","75","275,799","275,799","17,912","24,990","32,003","44,757","41,483","44,799","41,529","20,813","6,716","785","12","284,208","284,208","17,202","23,809","30,381","41,996","40,796","48,150","45,109","23,078","11,076","2,548","63","559,939","559,939","35,118","48,720","62,110","86,927","82,254","92,747","86,655","44,093","17,875","3,366","74","275,781","275,781","17,934","24,919","31,866","44,874","41,492","44,715","41,525","20,887","6,777","780","12","284,158","284,158","17,184","23,801","30,244","42,053","40,762","48,032","45,130","23,206","11,098","2,586","62","559,902","559,902","35,160","48,625","61,933","87,124","82,286","92,474","86,638","44,302","17,922","3,362","76","275,757","275,757","17,977","24,839","31,766","44,955","41,537","44,572","41,497","21,008","6,811","781","14","284,145","284,145","17,183","23,786","30,167","42,169","40,749","47,902","45,141","23,294","11,111","2,581","62"
"경기도 안양시 만안구 (4117100000)","232,546","232,546","12,466","16,202","26,669","34,992","31,163","39,000","40,184","21,353","8,974","1,508","35","115,696","115,696","6,301","8,327","13,773","18,511","16,364","19,038","19,469","10,117","3,407","388","1","116,850","116,850","6,165","7,875","12,896","16,481","14,799","19,962","20,715","11,236","5,567","1,120","34","232,502","232,502","12,420","16,248","26,517","34,905","31,100","38,927","40,364","21,490","8,978","1,519","34","115,648","115,648","6,279","8,332","13,682","18,474","16,327","19,004","19,562","10,176","3,419","392","1","116,854","116,854","6,141","7,916","12,835","16,431","14,773","19,923","20,802","11,314","5,559","1,127","33","232,306","232,306","12,358","16,223","26,353","34,921","30,956","38,771","40,440","21,711","9,007","1,527","39","115,539","115,539","6,254","8,311","13,584","18,501","16,268","18,930","19,579","10,274","3,445","389","4","116,767","116,767","6,104","7,912","12,769","16,420","14,688","19,841","20,861","11,437","5,562","1,138","35","232,265","232,265","12,390","16,169","26,227","34,976","30,853","38,747","40,468","21,822","9,034","1,538","41","115,473","115,473","6,270","8,298","13,493","18,508","16,192","18,924","19,604","10,322","3,465","393","4","116,792","116,792","6,120","7,871","12,734","16,468","14,661","19,823","20,864","11,500","5,569","1,145","37","232,375","232,375","12,425","16,127","26,121","35,094","30,905","38,616","40,485","21,909","9,104","1,548","41","115,548","115,548","6,306","8,280","13,441","18,594","16,206","18,865","19,609","10,355","3,500","388","4","116,827","116,827","6,119","7,847","12,680","16,500","14,699","19,751","20,876","11,554","5,604","1,160","37","232,664","232,664","12,484","16,063","26,108","35,274","30,932","38,518","40,546","22,025","9,125","1,546","43","115,716","115,716","6,337","8,242","13,443","18,675","16,236","18,806","19,636","10,427","3,517","390","7","116,948","116,948","6,147","7,821","12,665","16,599","14,696","19,712","20,910","11,598","5,608","1,156","36"
"경기도 안양시 동안구 (4117300000)","328,343","328,343","22,649","32,925","36,888","51,551","51,506","54,657","45,983","21,630","8,752","1,769","33","160,680","160,680","11,596","16,852","18,938","26,132","25,240","26,165","21,857","10,265","3,234","395","6","167,663","167,663","11,053","16,073","17,950","25,419","26,266","28,492","24,126","11,365","5,518","1,374","27","328,447","328,447","22,758","32,816","36,640","51,578","51,618","54,555","46,118","21,812","8,727","1,792","33","160,702","160,702","11,652","16,782","18,798","26,130","25,334","26,089","21,922","10,353","3,242","393","7","167,745","167,745","11,106","16,034","17,842","25,448","26,284","28,466","24,196","11,459","5,485","1,399","26","327,936","327,936","22,715","32,720","36,335","51,708","51,429","54,306","46,175","21,974","8,763","1,778","33","160,417","160,417","11,627","16,710","18,616","26,203","25,262","25,952","21,949","10,455","3,246","390","7","167,519","167,519","11,088","16,010","17,719","25,505","26,167","28,354","24,226","11,519","5,517","1,388","26","327,742","327,742","22,724","32,630","36,157","51,777","51,426","54,202","46,170","22,069","8,758","1,795","34","160,326","160,326","11,642","16,692","18,510","26,249","25,291","25,875","21,925","10,491","3,251","392","8","167,416","167,416","11,082","15,938","17,647","25,528","26,135","28,327","24,245","11,578","5,507","1,403","26","327,564","327,564","22,693","32,593","35,989","51,833","51,349","54,131","46,170","22,184","8,771","1,818","33","160,233","160,233","11,628","16,639","18,425","26,280","25,286","25,850","21,916","10,532","3,277","392","8","167,331","167,331","11,065","15,954","17,564","25,553","26,063","28,281","24,254","11,652","5,494","1,426","25","327,238","327,238","22,676","32,562","35,825","51,850","51,354","53,956","46,092","22,277","8,797","1,816","33","160,041","160,041","11,640","16,597","18,323","26,280","25,301","25,766","21,861","10,581","3,294","391","7","167,197","167,197","11,036","15,965","17,502","25,570","26,053","28,190","24,231","11,696","5,503","1,425","26"
"경기도 부천시 (4119000000)","754,610","754,610","38,498","61,803","84,726","103,677","110,261","131,640","131,694","63,183","24,719","4,301","108","371,557","371,557","19,703","31,655","42,898","53,914","55,988","64,043","63,418","29,759","9,187","978","14","383,053","383,053","18,795","30,148","41,828","49,763","54,273","67,597","68,276","33,424","15,532","3,323","94","753,859","753,859","38,262","61,611","84,255","103,444","109,915","131,500","132,023","63,653","24,729","4,358","109","371,035","371,035","19,555","31,574","42,579","53,763","55,824","63,957","63,558","29,989","9,218","1,003","15","382,824","382,824","18,707","30,037","41,676","49,681","54,091","67,543","68,465","33,664","15,511","3,355","94","753,127","753,127","38,064","61,439","83,779","103,537","109,435","131,077","132,131","64,350","24,789","4,419","107","370,557","370,557","19,462","31,471","42,310","53,765","55,570","63,780","63,601","30,288","9,275","1,021","14","382,570","382,570","18,602","29,968","41,469","49,772","53,865","67,297","68,530","34,062","15,514","3,398","93","752,812","752,812","37,944","61,389","83,311","103,659","109,313","130,814","132,238","64,745","24,837","4,455","107","370,289","370,289","19,387","31,461","42,007","53,792","55,540","63,655","63,624","30,476","9,305","1,028","14","382,523","382,523","18,557","29,928","41,304","49,867","53,773","67,159","68,614","34,269","15,532","3,427","93","752,516","752,516","37,768","61,302","82,891","103,809","109,133","130,561","132,276","65,236","24,943","4,491","106","370,159","370,159","19,298","31,417","41,815","53,885","55,428","63,539","63,660","30,688","9,376","1,039","14","382,357","382,357","18,470","29,885","41,076","49,924","53,705","67,022","68,616","34,548","15,567","3,452","92","751,949","751,949","37,629","61,206","82,432","103,948","109,039","130,249","132,208","65,594","25,037","4,500","107","369,763","369,763","19,226","31,372","41,536","53,983","55,367","63,335","63,632","30,820","9,438","1,040","14","382,186","382,186","18,403","29,834","40,896","49,965","53,672","66,914","68,576","34,774","15,599","3,460","93"
"경기도 부천시 원미구 (4119200000)","382,052","382,052","19,635","31,719","45,206","54,897","56,286","65,982","64,918","29,881","11,369","2,103","56","187,116","187,116","9,963","16,212","22,508","28,102","28,209","31,860","31,275","14,255","4,253","474","5","194,936","194,936","9,672","15,507","22,698","26,795","28,077","34,122","33,643","15,626","7,116","1,629","51","381,597","381,597","19,498","31,641","44,931","54,740","56,153","65,880","65,061","30,139","11,370","2,129","55","186,820","186,820","9,889","16,192","22,302","28,027","28,147","31,777","31,361","14,373","4,257","489","6","194,777","194,777","9,609","15,449","22,629","26,713","28,006","34,103","33,700","15,766","7,113","1,640","49","381,226","381,226","19,366","31,594","44,615","54,826","55,927","65,684","65,122","30,479","11,403","2,158","52","186,579","186,579","9,825","16,137","22,123","28,065","28,017","31,710","31,400","14,509","4,290","498","5","194,647","194,647","9,541","15,457","22,492","26,761","27,910","33,974","33,722","15,970","7,113","1,660","47","380,986","380,986","19,347","31,564","44,281","54,829","55,907","65,547","65,186","30,664","11,417","2,190","54","186,429","186,429","9,811","16,123","21,929","28,061","28,037","31,660","31,405","14,600","4,292","505","6","194,557","194,557","9,536","15,441","22,352","26,768","27,870","33,887","33,781","16,064","7,125","1,685","48","380,788","380,788","19,283","31,546","44,090","54,806","55,832","65,436","65,184","30,900","11,459","2,198","54","186,368","186,368","9,787","16,111","21,851","28,071","27,988","31,598","31,432","14,699","4,318","507","6","194,420","194,420","9,496","15,435","22,239","26,735","27,844","33,838","33,752","16,201","7,141","1,691","48","380,452","380,452","19,242","31,485","43,846","54,843","55,774","65,277","65,135","31,085","11,504","2,207","54","186,132","186,132","9,765","16,085","21,705","28,096","27,946","31,502","31,391","14,784","4,340","512","6","194,320","194,320","9,477","15,400","22,141","26,747","27,828","33,775","33,744","16,301","7,164","1,695","48"
"경기도 부천시 소사구 (4119400000)","224,371","224,371","13,299","19,490","22,496","30,069","35,062","36,785","37,784","20,305","7,727","1,322","32","109,784","109,784","6,865","9,903","11,416","15,490","17,765","17,849","17,712","9,430","3,030","319","5","114,587","114,587","6,434","9,587","11,080","14,579","17,297","18,936","20,072","10,875","4,697","1,003","27","224,091","224,091","13,199","19,419","22,411","29,969","34,887","36,815","37,846","20,441","7,729","1,341","34","109,587","109,587","6,800","9,870","11,351","15,433","17,676","17,872","17,713","9,503","3,040","324","5","114,504","114,504","6,399","9,549","11,060","14,536","17,211","18,943","20,133","10,938","4,689","1,017","29","223,921","223,921","13,142","19,349","22,346","29,951","34,755","36,723","37,866","20,652","7,751","1,351","35","109,490","109,490","6,761","9,851","11,313","15,417","17,613","17,843","17,702","9,604","3,056","325","5","114,431","114,431","6,381","9,498","11,033","14,534","17,142","18,880","20,164","11,048","4,695","1,026","30","223,716","223,716","13,080","19,363","22,191","29,840","34,730","36,707","37,869","20,766","7,786","1,350","34","109,338","109,338","6,728","9,861","11,220","15,349","17,591","17,831","17,693","9,659","3,079","323","4","114,378","114,378","6,352","9,502","10,971","14,491","17,139","18,876","20,176","11,107","4,707","1,027","30","223,492","223,492","13,005","19,344","21,988","29,780","34,699","36,662","37,862","20,924","7,823","1,372","33","109,236","109,236","6,690","9,855","11,120","15,316","17,581","17,822","17,678","9,729","3,107","334","4","114,256","114,256","6,315","9,489","10,868","14,464","17,118","18,840","20,184","11,195","4,716","1,038","29","223,293","223,293","12,946","19,328","21,825","29,817","34,661","36,584","37,819","21,053","7,859","1,367","34","109,108","109,108","6,661","9,846","11,026","15,330","17,578","17,747","17,686","9,764","3,135","331","4","114,185","114,185","6,285","9,482","10,799","14,487","17,083","18,837","20,133","11,289","4,724","1,036","30"
"경기도 부천시 오정구 (4119600000)","148,187","148,187","5,564","10,594","17,024","18,711","18,913","28,873","28,992","12,997","5,623","876","20","74,657","74,657","2,875","5,540","8,974","10,322","10,014","14,334","14,431","6,074","1,904","185","4","73,530","73,530","2,689","5,054","8,050","8,389","8,899","14,539","14,561","6,923","3,719","691","16","148,171","148,171","5,565","10,551","16,913","18,735","18,875","28,805","29,116","13,073","5,630","888","20","74,628","74,628","2,866","5,512","8,926","10,303","10,001","14,308","14,484","6,113","1,921","190","4","73,543","73,543","2,699","5,039","7,987","8,432","8,874","14,497","14,632","6,960","3,709","698","16","147,980","147,980","5,556","10,496","16,818","18,760","18,753","28,670","29,143","13,219","5,635","910","20","74,488","74,488","2,876","5,483","8,874","10,283","9,940","14,227","14,499","6,175","1,929","198","4","73,492","73,492","2,680","5,013","7,944","8,477","8,813","14,443","14,644","7,044","3,706","712","16","148,110","148,110","5,517","10,462","16,839","18,990","18,676","28,560","29,183","13,315","5,634","915","19","74,522","74,522","2,848","5,477","8,858","10,382","9,912","14,164","14,526","6,217","1,934","200","4","73,588","73,588","2,669","4,985","7,981","8,608","8,764","14,396","14,657","7,098","3,700","715","15","148,236","148,236","5,480","10,412","16,813","19,223","18,602","28,463","29,230","13,412","5,661","921","19","74,555","74,555","2,821","5,451","8,844","10,498","9,859","14,119","14,550","6,260","1,951","198","4","73,681","73,681","2,659","4,961","7,969","8,725","8,743","14,344","14,680","7,152","3,710","723","15","148,204","148,204","5,441","10,393","16,761","19,288","18,604","28,388","29,254","13,456","5,674","926","19","74,523","74,523","2,800","5,441","8,805","10,557","9,843","14,086","14,555","6,272","1,963","197","4","73,681","73,681","2,641","4,952","7,956","8,731","8,761","14,302","14,699","7,184","3,711","729","15"
"경기도 광명시 (4121000000)","296,306","296,306","18,425","28,051","32,835","43,109","46,020","50,744","43,156","23,146","9,182","1,596","42","145,011","145,011","9,413","14,264","16,729","22,119","22,704","24,772","20,592","10,650","3,399","361","8","151,295","151,295","9,012","13,787","16,106","20,990","23,316","25,972","22,564","12,496","5,783","1,235","34","299,674","299,674","18,878","28,183","33,054","43,979","46,670","51,145","43,410","23,457","9,239","1,618","41","146,698","146,698","9,670","14,315","16,831","22,522","23,085","24,962","20,714","10,796","3,431","363","9","152,976","152,976","9,208","13,868","16,223","21,457","23,585","26,183","22,696","12,661","5,808","1,255","32","301,255","301,255","19,023","28,087","33,158","44,609","46,807","51,266","43,626","23,745","9,248","1,646","40","147,469","147,469","9,731","14,282","16,887","22,818","23,190","24,997","20,810","10,931","3,442","372","9","153,786","153,786","9,292","13,805","16,271","21,791","23,617","26,269","22,816","12,814","5,806","1,274","31","301,963","301,963","19,076","28,068","33,161","44,949","46,818","51,299","43,738","23,882","9,256","1,673","43","147,802","147,802","9,770","14,262","16,875","22,979","23,207","25,015","20,879","10,978","3,444","383","10","154,161","154,161","9,306","13,806","16,286","21,970","23,611","26,284","22,859","12,904","5,812","1,290","33","302,354","302,354","19,083","28,008","33,103","45,178","46,805","51,327","43,821","23,996","9,293","1,694","46","147,979","147,979","9,766","14,261","16,812","23,101","23,210","25,026","20,923","11,028","3,454","387","11","154,375","154,375","9,317","13,747","16,291","22,077","23,595","26,301","22,898","12,968","5,839","1,307","35","302,548","302,548","19,091","27,982","33,036","45,339","46,811","51,307","43,812","24,096","9,333","1,695","46","148,044","148,044","9,790","14,231","16,763","23,179","23,218","25,019","20,898","11,066","3,482","387","11","154,504","154,504","9,301","13,751","16,273","22,160","23,593","26,288","22,914","13,030","5,851","1,308","35"
"경기도 평택시 (4122000000)","609,230","609,230","46,434","58,826","72,089","99,272","100,425","101,078","75,127","35,725","17,276","2,919","59","319,620","319,620","23,556","29,987","40,145","55,982","54,638","53,157","38,696","16,376","6,342","732","9","289,610","289,610","22,878","28,839","31,944","43,290","45,787","47,921","36,431","19,349","10,934","2,187","50","610,563","610,563","46,446","58,856","71,907","99,438","100,667","101,376","75,620","35,917","17,317","2,959","60","320,393","320,393","23,587","29,999","40,051","56,074","54,806","53,308","38,992","16,474","6,351","740","11","290,170","290,170","22,859","28,857","31,856","43,364","45,861","48,068","36,628","19,443","10,966","2,219","49","612,231","612,231","46,324","58,957","71,879","100,077","100,664","101,519","76,013","36,369","17,367","3,001","61","321,447","321,447","23,562","30,049","40,115","56,475","54,847","53,400","39,179","16,686","6,375","748","11","290,784","290,784","22,762","28,908","31,764","43,602","45,817","48,119","36,834","19,683","10,992","2,253","50","613,662","613,662","46,261","59,045","71,887","100,437","100,739","101,863","76,357","36,632","17,352","3,024","65","322,409","322,409","23,514","30,073","40,193","56,747","54,900","53,631","39,401","16,821","6,368","750","11","291,253","291,253","22,747","28,972","31,694","43,690","45,839","48,232","36,956","19,811","10,984","2,274","54","615,402","615,402","46,226","59,164","71,928","100,957","100,989","102,164","76,641","36,834","17,382","3,053","64","323,509","323,509","23,493","30,133","40,290","57,058","55,055","53,858","39,540","16,935","6,382","752","13","291,893","291,893","22,733","29,031","31,638","43,899","45,934","48,306","37,101","19,899","11,000","2,301","51","616,829","616,829","46,249","59,246","71,972","101,330","101,302","102,264","76,923","36,994","17,438","3,050","61","324,422","324,422","23,525","30,145","40,391","57,307","55,252","53,923","39,684","17,024","6,404","754","13","292,407","292,407","22,724","29,101","31,581","44,023","46,050","48,341","37,239","19,970","11,034","2,296","48"
"경기도 송탄출장소 (4122200000)","0","0","0","0","0","0","0","0","0","0","0","0","0","0","0","0","0","0","0","0","0","0","0","0","0","0","0","0","0","0","0","0","0","0","0","0","0","0","0","0","0","0","0","0","0","0","0","0","0","0","0","0","0","0","0","0","0","0","0","0","0","0","0","0","0","0","0","0","0","0","0","0","0","0","0","0","0","0","0","0","0","0","0","0","0","0","0","0","0","0","0","0","0","0","0","0","0","0","0","0","0","0","0","0","0","0","0","0","0","0","0","0","0","0","0","0","0","0","0","0","0","0","0","0","0","0","0","0","0","0","0","0","0","0","0","0","0","0","0","0","0","0","0","0","0","0","0","0","0","0","0","0","0","0","0","0","0","0","0","0","0","0","0","0","0","0","0","0","0","0","0","0","0","0","0","0","0","0","0","0","0","0","0","0","0","0","0","0","0","0","0","0","0","0","0","0","0","0","0","0","0","0","0","0","0","0","0","0","0","0","0","0","0","0","0","0","0","0","0","0","0","0","0","0","0","0","0","0","0","0","0","0","0","0"
"경기도 안중출장소 (4122400000)","0","0","0","0","0","0","0","0","0","0","0","0","0","0","0","0","0","0","0","0","0","0","0","0","0","0","0","0","0","0","0","0","0","0","0","0","0","0","0","0","0","0","0","0","0","0","0","0","0","0","0","0","0","0","0","0","0","0","0","0","0","0","0","0","0","0","0","0","0","0","0","0","0","0","0","0","0","0","0","0","0","0","0","0","0","0","0","0","0","0","0","0","0","0","0","0","0","0","0","0","0","0","0","0","0","0","0","0","0","0","0","0","0","0","0","0","0","0","0","0","0","0","0","0","0","0","0","0","0","0","0","0","0","0","0","0","0","0","0","0","0","0","0","0","0","0","0","0","0","0","0","0","0","0","0","0","0","0","0","0","0","0","0","0","0","0","0","0","0","0","0","0","0","0","0","0","0","0","0","0","0","0","0","0","0","0","0","0","0","0","0","0","0","0","0","0","0","0","0","0","0","0","0","0","0","0","0","0","0","0","0","0","0","0","0","0","0","0","0","0","0","0","0","0","0","0","0","0","0","0","0","0","0","0"
"경기도 동두천시 (4125000000)","85,641","85,641","3,550","7,356","8,414","8,263","11,011","15,587","15,434","9,597","5,567","844","18","42,627","42,627","1,831","3,725","4,492","4,494","5,641","8,122","7,807","4,262","2,015","234","4","43,014","43,014","1,719","3,631","3,922","3,769","5,370","7,465","7,627","5,335","3,552","610","14","85,608","85,608","3,531","7,330","8,369","8,263","10,977","15,561","15,452","9,678","5,570","860","17","42,612","42,612","1,819","3,715","4,468","4,484","5,626","8,115","7,828","4,303","2,008","242","4","42,996","42,996","1,712","3,615","3,901","3,779","5,351","7,446","7,624","5,375","3,562","618","13","85,647","85,647","3,497","7,329","8,356","8,266","10,927","15,525","15,557","9,707","5,579","887","17","42,649","42,649","1,797","3,722","4,465","4,491","5,608","8,076","7,894","4,323","2,017","252","4","42,998","42,998","1,700","3,607","3,891","3,775","5,319","7,449","7,663","5,384","3,562","635","13","85,618","85,618","3,481","7,319","8,294","8,239","10,914","15,548","15,566","9,779","5,557","904","17","42,638","42,638","1,796","3,711","4,418","4,496","5,584","8,097","7,926","4,340","2,010","256","4","42,980","42,980","1,685","3,608","3,876","3,743","5,330","7,451","7,640","5,439","3,547","648","13","85,575","85,575","3,463","7,314","8,263","8,218","10,890","15,502","15,622","9,802","5,570","914","17","42,626","42,626","1,792","3,708","4,409","4,480","5,560","8,084","7,968","4,356","2,006","259","4","42,949","42,949","1,671","3,606","3,854","3,738","5,330","7,418","7,654","5,446","3,564","655","13","85,610","85,610","3,449","7,306","8,229","8,217","10,875","15,534","15,635","9,853","5,576","919","17","42,644","42,644","1,773","3,710","4,388","4,476","5,554","8,099","7,973","4,394","2,014","259","4","42,966","42,966","1,676","3,596","3,841","3,741","5,321","7,435","7,662","5,459","3,562","660","13"
"경기도 안산시 (4127000000)","608,424","608,424","29,403","52,224","81,551","82,440","84,057","119,583","99,665","38,782","17,360","3,272","87","311,301","311,301","15,000","26,783","43,279","45,674","43,890","59,700","51,665","18,415","6,145","734","16","297,123","297,123","14,403","25,441","38,272","36,766","40,167","59,883","48,000","20,367","11,215","2,538","71","608,043","608,043","29,163","52,117","81,230","82,310","83,727","119,407","100,184","39,087","17,408","3,321","89","311,113","311,113","14,861","26,714","43,160","45,599","43,781","59,553","51,964","18,550","6,177","738","16","296,930","296,930","14,302","25,403","38,070","36,711","39,946","59,854","48,220","20,537","11,231","2,583","73","607,388","607,388","28,960","51,965","80,636","82,505","83,312","118,863","100,787","39,481","17,424","3,363","92","310,743","310,743","14,786","26,601","42,833","45,722","43,573","59,237","52,305","18,735","6,190","743","18","296,645","296,645","14,174","25,364","37,803","36,783","39,739","59,626","48,482","20,746","11,234","2,620","74","606,700","606,700","28,825","51,838","80,120","82,454","83,046","118,585","101,142","39,733","17,456","3,405","96","310,377","310,377","14,703","26,538","42,563","45,723","43,424","59,100","52,479","18,876","6,189","764","18","296,323","296,323","14,122","25,300","37,557","36,731","39,622","59,485","48,663","20,857","11,267","2,641","78","606,353","606,353","28,666","51,734","79,699","82,547","82,886","118,345","101,462","40,005","17,477","3,434","98","310,188","310,188","14,622","26,496","42,330","45,761","43,360","58,966","52,631","19,022","6,212","769","19","296,165","296,165","14,044","25,238","37,369","36,786","39,526","59,379","48,831","20,983","11,265","2,665","79","605,885","605,885","28,527","51,658","79,280","82,568","82,812","118,033","101,704","40,223","17,531","3,447","102","309,916","309,916","14,534","26,453","42,116","45,792","43,325","58,820","52,702","19,153","6,230","772","19","295,969","295,969","13,993","25,205","37,164","36,776","39,487","59,213","49,002","21,070","11,301","2,675","83"
"경기도 안산시 상록구 (4127100000)","320,447","320,447","14,075","27,940","44,036","40,625","43,614","64,354","52,960","20,887","10,075","1,836","45","163,461","163,461","7,192","14,251","23,501","22,560","22,621","32,050","27,500","9,809","3,535","435","7","156,986","156,986","6,883","13,689","20,535","18,065","20,993","32,304","25,460","11,078","6,540","1,401","38","320,298","320,298","13,967","27,893","43,861","40,591","43,437","64,221","53,284","21,033","10,099","1,864","48","163,363","163,363","7,133","14,211","23,425","22,540","22,560","31,934","27,688","9,879","3,546","439","8","156,935","156,935","6,834","13,682","20,436","18,051","20,877","32,287","25,596","11,154","6,553","1,425","40","319,761","319,761","13,819","27,800","43,503","40,694","43,204","63,900","53,590","21,206","10,110","1,884","51","163,091","163,091","7,066","14,148","23,233","22,621","22,454","31,754","27,867","9,940","3,556","443","9","156,670","156,670","6,753","13,652","20,270","18,073","20,750","32,146","25,723","11,266","6,554","1,441","42","319,321","319,321","13,716","27,715","43,276","40,671","43,047","63,729","53,762","21,337","10,125","1,892","51","162,874","162,874","7,013","14,103","23,113","22,621","22,374","31,673","27,947","10,016","3,554","451","9","156,447","156,447","6,703","13,612","20,163","18,050","20,673","32,056","25,815","11,321","6,571","1,441","42","319,207","319,207","13,615","27,649","43,078","40,757","42,975","63,559","53,982","21,477","10,148","1,916","51","162,837","162,837","6,969","14,073","23,022","22,654","22,345","31,579","28,065","10,092","3,573","457","8","156,370","156,370","6,646","13,576","20,056","18,103","20,630","31,980","25,917","11,385","6,575","1,459","43","318,941","318,941","13,535","27,591","42,847","40,794","42,917","63,391","54,116","21,586","10,179","1,930","55","162,662","162,662","6,907","14,062","22,873","22,686","22,312","31,511","28,098","10,169","3,574","462","8","156,279","156,279","6,628","13,529","19,974","18,108","20,605","31,880","26,018","11,417","6,605","1,468","47"
"경기도 안산시 단원구 (4127300000)","287,977","287,977","15,328","24,284","37,515","41,815","40,443","55,229","46,705","17,895","7,285","1,436","42","147,840","147,840","7,808","12,532","19,778","23,114","21,269","27,650","24,165","8,606","2,610","299","9","140,137","140,137","7,520","11,752","17,737","18,701","19,174","27,579","22,540","9,289","4,675","1,137","33","287,745","287,745","15,196","24,224","37,369","41,719","40,290","55,186","46,900","18,054","7,309","1,457","41","147,750","147,750","7,728","12,503","19,735","23,059","21,221","27,619","24,276","8,671","2,631","299","8","139,995","139,995","7,468","11,721","17,634","18,660","19,069","27,567","22,624","9,383","4,678","1,158","33","287,627","287,627","15,141","24,165","37,133","41,811","40,108","54,963","47,197","18,275","7,314","1,479","41","147,652","147,652","7,720","12,453","19,600","23,101","21,119","27,483","24,438","8,795","2,634","300","9","139,975","139,975","7,421","11,712","17,533","18,710","18,989","27,480","22,759","9,480","4,680","1,179","32","287,379","287,379","15,109","24,123","36,844","41,783","39,999","54,856","47,380","18,396","7,331","1,513","45","147,503","147,503","7,690","12,435","19,450","23,102","21,050","27,427","24,532","8,860","2,635","313","9","139,876","139,876","7,419","11,688","17,394","18,681","18,949","27,429","22,848","9,536","4,696","1,200","36","287,146","287,146","15,051","24,085","36,621","41,790","39,911","54,786","47,480","18,528","7,329","1,518","47","147,351","147,351","7,653","12,423","19,308","23,107","21,015","27,387","24,566","8,930","2,639","312","11","139,795","139,795","7,398","11,662","17,313","18,683","18,896","27,399","22,914","9,598","4,690","1,206","36","286,944","286,944","14,992","24,067","36,433","41,774","39,895","54,642","47,588","18,637","7,352","1,517","47","147,254","147,254","7,627","12,391","19,243","23,106","21,013","27,309","24,604","8,984","2,656","310","11","139,690","139,690","7,365","11,676","17,190","18,668","18,882","27,333","22,984","9,653","4,696","1,207","36"
"경기도 고양시 (4128000000)","1,053,754","1,053,754","61,280","95,571","119,005","143,635","156,574","192,739","160,312","75,628","41,082","7,757","171","512,537","512,537","31,342","48,675","59,638","72,007","76,836","93,097","79,179","34,627","14,971","2,134","31","541,217","541,217","29,938","46,896","59,367","71,628","79,738","99,642","81,133","41,001","26,111","5,623","140","1,053,212","1,053,212","60,980","95,425","118,430","143,209","156,238","192,728","160,874","76,194","41,099","7,864","171","512,182","512,182","31,204","48,593","59,283","71,839","76,651","93,048","79,446","34,931","14,974","2,181","32","541,030","541,030","29,776","46,832","59,147","71,370","79,587","99,680","81,428","41,263","26,125","5,683","139","1,051,878","1,051,878","60,577","95,093","117,535","143,279","155,526","192,252","161,407","76,890","41,155","7,994","170","511,470","511,470","30,987","48,412","58,829","71,930","76,294","92,850","79,621","35,298","15,003","2,214","32","540,408","540,408","29,590","46,681","58,706","71,349","79,232","99,402","81,786","41,592","26,152","5,780","138","1,051,628","1,051,628","60,358","94,937","116,914","143,406","155,275","192,118","161,816","77,359","41,223","8,052","170","511,166","511,166","30,866","48,312","58,441","71,997","76,193","92,727","79,793","35,544","15,028","2,232","33","540,462","540,462","29,492","46,625","58,473","71,409","79,082","99,391","82,023","41,815","26,195","5,820","137","1,051,347","1,051,347","60,146","94,793","116,450","143,393","155,106","191,881","162,202","77,710","41,346","8,150","170","510,938","510,938","30,753","48,257","58,140","71,965","76,142","92,610","79,934","35,753","15,087","2,264","33","540,409","540,409","29,393","46,536","58,310","71,428","78,964","99,271","82,268","41,957","26,259","5,886","137","1,051,301","1,051,301","59,959","94,784","115,999","143,495","155,020","191,646","162,569","77,985","41,493","8,190","161","510,914","510,914","30,659","48,249","57,919","71,974","76,157","92,462","80,138","35,894","15,147","2,283","32","540,387","540,387","29,300","46,535","58,080","71,521","78,863","99,184","82,431","42,091","26,346","5,907","129"
"경기도 고양시 덕양구 (4128100000)","482,609","482,609","30,922","40,565","51,098","70,553","73,876","83,358","72,734","37,000","19,129","3,296","78","236,367","236,367","15,853","20,605","25,650","35,350","37,242","40,992","35,902","16,876","7,037","848","12","246,242","246,242","15,069","19,960","25,448","35,203","36,634","42,366","36,832","20,124","12,092","2,448","66","482,136","482,136","30,677","40,504","50,883","70,289","73,625","83,440","72,909","37,257","19,145","3,327","80","236,120","236,120","15,729","20,563","25,534","35,241","37,105","41,036","35,985","16,993","7,053","867","14","246,016","246,016","14,948","19,941","25,349","35,048","36,520","42,404","36,924","20,264","12,092","2,460","66","481,607","481,607","30,497","40,381","50,558","70,306","73,312","83,177","73,155","37,537","19,205","3,398","81","235,821","235,821","15,629","20,508","25,348","35,276","36,929","40,912","36,105","17,128","7,078","894","14","245,786","245,786","14,868","19,873","25,210","35,030","36,383","42,265","37,050","20,409","12,127","2,504","67","481,199","481,199","30,316","40,375","50,244","70,110","73,239","83,108","73,344","37,721","19,242","3,419","81","235,515","235,515","15,546","20,508","25,159","35,154","36,859","40,885","36,169","17,215","7,105","900","15","245,684","245,684","14,770","19,867","25,085","34,956","36,380","42,223","37,175","20,506","12,137","2,519","66","480,771","480,771","30,148","40,361","50,004","70,002","73,092","82,992","73,446","37,863","19,317","3,467","79","235,272","235,272","15,460","20,500","25,037","35,081","36,781","40,828","36,208","17,307","7,145","910","15","245,499","245,499","14,688","19,861","24,967","34,921","36,311","42,164","37,238","20,556","12,172","2,557","64","480,551","480,551","30,039","40,401","49,802","69,947","73,032","82,878","73,522","37,995","19,388","3,473","74","235,180","235,180","15,409","20,524","24,931","35,050","36,747","40,778","36,273","17,379","7,157","918","14","245,371","245,371","14,630","19,877","24,871","34,897","36,285","42,100","37,249","20,616","12,231","2,555","60"
"경기도 고양시 일산동구 (4128500000)","295,087","295,087","16,186","26,783","35,429","40,488","43,285","55,158","44,932","19,673","10,768","2,341","44","142,995","142,995","8,269","13,712","17,381","20,268","20,963","26,445","22,229","9,172","3,904","643","9","152,092","152,092","7,917","13,071","18,048","20,220","22,322","28,713","22,703","10,501","6,864","1,698","35","295,292","295,292","16,182","26,790","35,265","40,445","43,278","55,148","45,141","19,842","10,792","2,366","43","143,047","143,047","8,263","13,730","17,267","20,259","20,955","26,410","22,333","9,261","3,907","654","8","152,245","152,245","7,919","13,060","17,998","20,186","22,323","28,738","22,808","10,581","6,885","1,712","35","295,020","295,020","16,122","26,705","34,969","40,485","43,085","55,050","45,295","20,077","10,781","2,408","43","142,865","142,865","8,207","13,690","17,131","20,274","20,862","26,372","22,368","9,386","3,905","662","8","152,155","152,155","7,915","13,015","17,838","20,211","22,223","28,678","22,927","10,691","6,876","1,746","35","295,481","295,481","16,152","26,667","34,847","40,807","43,064","55,078","45,381","20,218","10,805","2,419","43","143,090","143,090","8,212","13,659","17,051","20,438","20,915","26,347","22,420","9,465","3,905","670","8","152,391","152,391","7,940","13,008","17,796","20,369","22,149","28,731","22,961","10,753","6,900","1,749","35","295,831","295,831","16,217","26,614","34,710","40,992","43,115","54,992","45,503","20,375","10,824","2,443","46","143,235","143,235","8,259","13,633","16,954","20,519","20,948","26,325","22,451","9,546","3,912","680","8","152,596","152,596","7,958","12,981","17,756","20,473","22,167","28,667","23,052","10,829","6,912","1,763","38","296,197","296,197","16,245","26,609","34,597","41,151","43,133","54,956","45,689","20,436","10,882","2,452","47","143,375","143,375","8,263","13,617","16,912","20,562","20,987","26,276","22,553","9,573","3,940","682","10","152,822","152,822","7,982","12,992","17,685","20,589","22,146","28,680","23,136","10,863","6,942","1,770","37"
"경기도 고양시 일산서구 (4128700000)","276,058","276,058","14,172","28,223","32,478","32,594","39,413","54,223","42,646","18,955","11,185","2,120","49","133,175","133,175","7,220","14,358","16,607","16,389","18,631","25,660","21,048","8,579","4,030","643","10","142,883","142,883","6,952","13,865","15,871","16,205","20,782","28,563","21,598","10,376","7,155","1,477","39","275,784","275,784","14,121","28,131","32,282","32,475","39,335","54,140","42,824","19,095","11,162","2,171","48","133,015","133,015","7,212","14,300","16,482","16,339","18,591","25,602","21,128","8,677","4,014","660","10","142,769","142,769","6,909","13,831","15,800","16,136","20,744","28,538","21,696","10,418","7,148","1,511","38","275,251","275,251","13,958","28,007","32,008","32,488","39,129","54,025","42,957","19,276","11,169","2,188","46","132,784","132,784","7,151","14,214","16,350","16,380","18,503","25,566","21,148","8,784","4,020","658","10","142,467","142,467","6,807","13,793","15,658","16,108","20,626","28,459","21,809","10,492","7,149","1,530","36","274,948","274,948","13,890","27,895","31,823","32,489","38,972","53,932","43,091","19,420","11,176","2,214","46","132,561","132,561","7,108","14,145","16,231","16,405","18,419","25,495","21,204","8,864","4,018","662","10","142,387","142,387","6,782","13,750","15,592","16,084","20,553","28,437","21,887","10,556","7,158","1,552","36","274,745","274,745","13,781","27,818","31,736","32,399","38,899","53,897","43,253","19,472","11,205","2,240","45","132,431","132,431","7,034","14,124","16,149","16,365","18,413","25,457","21,275","8,900","4,030","674","10","142,314","142,314","6,747","13,694","15,587","16,034","20,486","28,440","21,978","10,572","7,175","1,566","35","274,553","274,553","13,675","27,774","31,600","32,397","38,855","53,812","43,358","19,554","11,223","2,265","40","132,359","132,359","6,987","14,108","16,076","16,362","18,423","25,408","21,312","8,942","4,050","683","8","142,194","142,194","6,688","13,666","15,524","16,035","20,432","28,404","22,046","10,612","7,173","1,582","32"
"경기도 과천시 (4129000000)","79,553","79,553","8,134","8,179","8,066","12,110","12,823","11,806","10,547","4,956","2,366","553","13","38,732","38,732","4,149","4,147","4,084","5,797","6,348","5,611","5,143","2,343","943","165","2","40,821","40,821","3,985","4,032","3,982","6,313","6,475","6,195","5,404","2,613","1,423","388","11","79,700","79,700","8,127","8,206","8,060","12,074","12,879","11,837","10,581","4,991","2,375","556","14","38,814","38,814","4,151","4,160","4,073","5,795","6,369","5,632","5,146","2,368","950","168","2","40,886","40,886","3,976","4,046","3,987","6,279","6,510","6,205","5,435","2,623","1,425","388","12","79,799","79,799","8,102","8,243","8,023","12,160","12,868","11,838","10,583","5,023","2,384","559","16","38,862","38,862","4,150","4,184","4,045","5,838","6,360","5,629","5,145","2,388","951","168","4","40,937","40,937","3,952","4,059","3,978","6,322","6,508","6,209","5,438","2,635","1,433","391","12","79,848","79,848","8,098","8,261","7,981","12,177","12,890","11,834","10,601","5,053","2,378","559","16","38,880","38,880","4,138","4,193","4,023","5,837","6,373","5,633","5,161","2,402","948","168","4","40,968","40,968","3,960","4,068","3,958","6,340","6,517","6,201","5,440","2,651","1,430","391","12","79,988","79,988","8,094","8,279","8,001","12,236","12,944","11,808","10,600","5,068","2,381","559","18","38,944","38,944","4,128","4,206","4,030","5,864","6,408","5,623","5,157","2,408","947","169","4","41,044","41,044","3,966","4,073","3,971","6,372","6,536","6,185","5,443","2,660","1,434","390","14","80,431","80,431","8,095","8,316","8,099","12,435","12,994","11,799","10,612","5,111","2,390","562","18","39,168","39,168","4,129","4,235","4,066","5,976","6,433","5,605","5,175","2,428","949","168","4","41,263","41,263","3,966","4,081","4,033","6,459","6,561","6,194","5,437","2,683","1,441","394","14"
"경기도 구리시 (4131000000)","185,229","185,229","10,041","16,200","21,209","25,221","27,761","33,172","29,699","14,583","6,411","913","19","91,637","91,637","5,153","8,356","10,671","13,089","14,001","16,056","14,734","6,763","2,561","245","8","93,592","93,592","4,888","7,844","10,538","12,132","13,760","17,116","14,965","7,820","3,850","668","11","185,062","185,062","9,982","16,142","21,097","25,196","27,698","33,106","29,832","14,666","6,397","927","19","91,534","91,534","5,130","8,320","10,603","13,071","13,972","16,040","14,774","6,815","2,550","252","7","93,528","93,528","4,852","7,822","10,494","12,125","13,726","17,066","15,058","7,851","3,847","675","12","185,114","185,114","9,955","16,113","21,009","25,337","27,644","32,970","29,924","14,818","6,389","934","21","91,549","91,549","5,112","8,308","10,550","13,145","13,941","15,996","14,829","6,872","2,534","255","7","93,565","93,565","4,843","7,805","10,459","12,192","13,703","16,974","15,095","7,946","3,855","679","14","185,986","185,986","10,010","16,133","21,030","25,739","27,698","32,996","30,076","14,925","6,410","949","20","91,991","91,991","5,146","8,305","10,586","13,362","13,959","16,025","14,867","6,929","2,543","261","8","93,995","93,995","4,864","7,828","10,444","12,377","13,739","16,971","15,209","7,996","3,867","688","12","186,590","186,590","10,049","16,131","20,992","26,058","27,718","33,021","30,154","15,065","6,428","955","19","92,290","92,290","5,167","8,296","10,577","13,516","13,987","16,021","14,910","6,999","2,543","267","7","94,300","94,300","4,882","7,835","10,415","12,542","13,731","17,000","15,244","8,066","3,885","688","12","186,914","186,914","10,071","16,087","20,979","26,345","27,672","33,004","30,211","15,114","6,455","956","20","92,480","92,480","5,198","8,268","10,565","13,652","14,000","15,998","14,941","7,032","2,553","266","7","94,434","94,434","4,873","7,819","10,414","12,693","13,672","17,006","15,270","8,082","3,902","690","13"
"경기도 남양주시 (4136000000)","726,410","726,410","46,016","78,749","76,261","83,976","118,880","129,712","103,545","58,481","26,517","4,170","103","358,899","358,899","23,632","40,327","39,282","42,315","58,463","65,271","51,256","26,822","10,414","1,096","21","367,511","367,511","22,384","38,422","36,979","41,661","60,417","64,441","52,289","31,659","16,103","3,074","82","726,015","726,015","45,721","78,561","75,982","83,718","118,578","129,886","103,830","58,837","26,585","4,207","110","358,654","358,654","23,459","40,250","39,147","42,195","58,350","65,304","51,366","27,023","10,444","1,094","22","367,361","367,361","22,262","38,311","36,835","41,523","60,228","64,582","52,464","31,814","16,141","3,113","88","725,475","725,475","45,407","78,411","75,550","83,834","118,124","129,575","104,250","59,302","26,637","4,272","113","358,242","358,242","23,271","40,136","38,899","42,267","58,124","65,095","51,576","27,267","10,471","1,115","21","367,233","367,233","22,136","38,275","36,651","41,567","60,000","64,480","52,674","32,035","16,166","3,157","92","725,040","725,040","45,143","78,419","75,178","83,846","117,731","129,602","104,437","59,575","26,677","4,313","119","358,022","358,022","23,134","40,152","38,725","42,316","57,911","65,083","51,677","27,374","10,500","1,127","23","367,018","367,018","22,009","38,267","36,453","41,530","59,820","64,519","52,760","32,201","16,177","3,186","96","724,643","724,643","44,855","78,440","74,818","83,810","117,453","129,526","104,690","59,802","26,792","4,337","120","357,745","357,745","22,983","40,139","38,513","42,347","57,729","65,022","51,833","27,489","10,534","1,132","24","366,898","366,898","21,872","38,301","36,305","41,463","59,724","64,504","52,857","32,313","16,258","3,205","96","724,381","724,381","44,641","78,312","74,673","83,843","117,335","129,442","104,780","60,014","26,875","4,345","121","357,583","357,583","22,864","40,072","38,450","42,383","57,657","64,961","51,915","27,576","10,552","1,130","23","366,798","366,798","21,777","38,240","36,223","41,460","59,678","64,481","52,865","32,438","16,323","3,215","98"
"경기도 풍양출장소 (4136200000)","0","0","0","0","0","0","0","0","0","0","0","0","0","0","0","0","0","0","0","0","0","0","0","0","0","0","0","0","0","0","0","0","0","0","0","0","0","0","0","0","0","0","0","0","0","0","0","0","0","0","0","0","0","0","0","0","0","0","0","0","0","0","0","0","0","0","0","0","0","0","0","0","0","0","0","0","0","0","0","0","0","0","0","0","0","0","0","0","0","0","0","0","0","0","0","0","0","0","0","0","0","0","0","0","0","0","0","0","0","0","0","0","0","0","0","0","0","0","0","0","0","0","0","0","0","0","0","0","0","0","0","0","0","0","0","0","0","0","0","0","0","0","0","0","0","0","0","0","0","0","0","0","0","0","0","0","0","0","0","0","0","0","0","0","0","0","0","0","0","0","0","0","0","0","0","0","0","0","0","0","0","0","0","0","0","0","0","0","0","0","0","0","0","0","0","0","0","0","0","0","0","0","0","0","0","0","0","0","0","0","0","0","0","0","0","0","0","0","0","0","0","0","0","0","0","0","0","0","0","0","0","0","0","0"
"경기도 오산시 (4137000000)","249,021","249,021","17,926","27,111","28,587","40,157","46,273","40,892","28,210","13,191","5,794","860","20","129,719","129,719","9,153","13,899","15,552","22,352","24,904","21,303","14,138","6,069","2,141","205","3","119,302","119,302","8,773","13,212","13,035","17,805","21,369","19,589","14,072","7,122","3,653","655","17","249,428","249,428","17,799","27,168","28,563","40,082","46,313","41,098","28,378","13,318","5,809","878","22","129,956","129,956","9,130","13,922","15,543","22,291","24,957","21,398","14,216","6,144","2,141","211","3","119,472","119,472","8,669","13,246","13,020","17,791","21,356","19,700","14,162","7,174","3,668","667","19","249,698","249,698","17,685","27,193","28,503","40,124","46,285","41,152","28,566","13,428","5,848","890","24","130,160","130,160","9,089","13,929","15,520","22,314","24,947","21,455","14,327","6,200","2,161","215","3","119,538","119,538","8,596","13,264","12,983","17,810","21,338","19,697","14,239","7,228","3,687","675","21","250,327","250,327","17,736","27,210","28,524","40,228","46,298","41,372","28,678","13,496","5,858","901","26","130,465","130,465","9,125","13,929","15,513","22,387","24,947","21,562","14,379","6,228","2,169","223","3","119,862","119,862","8,611","13,281","13,011","17,841","21,351","19,810","14,299","7,268","3,689","678","23","251,369","251,369","17,827","27,289","28,517","40,592","46,404","41,535","28,781","13,604","5,892","902","26","131,007","131,007","9,174","13,962","15,511","22,591","25,023","21,616","14,439","6,283","2,180","226","2","120,362","120,362","8,653","13,327","13,006","18,001","21,381","19,919","14,342","7,321","3,712","676","24","252,545","252,545","17,905","27,383","28,536","40,952","46,618","41,726","28,890","13,665","5,927","916","27","131,653","131,653","9,237","13,984","15,506","22,829","25,135","21,724","14,495","6,317","2,193","231","2","120,892","120,892","8,668","13,399","13,030","18,123","21,483","20,002","14,395","7,348","3,734","685","25"
"경기도 시흥시 (4139000000)","512,329","512,329","37,907","52,041","57,162","73,692","88,438","91,939","69,857","27,363","11,783","2,090","57","266,364","266,364","19,267","26,571","31,000","39,563","47,322","47,855","37,058","13,124","4,160","434","10","245,965","245,965","18,640","25,470","26,162","34,129","41,116","44,084","32,799","14,239","7,623","1,656","47","511,997","511,997","37,631","51,968","56,876","73,455","88,232","91,973","70,242","27,632","11,813","2,117","58","266,157","266,157","19,135","26,553","30,766","39,457","47,205","47,851","37,286","13,266","4,189","439","10","245,840","245,840","18,496","25,415","26,110","33,998","41,027","44,122","32,956","14,366","7,624","1,678","48","512,151","512,151","37,457","51,950","56,803","73,443","87,923","91,800","70,807","27,907","11,845","2,157","59","266,370","266,370","19,060","26,584","30,777","39,524","47,018","47,751","37,587","13,414","4,200","443","12","245,781","245,781","18,397","25,366","26,026","33,919","40,905","44,049","33,220","14,493","7,645","1,714","47","512,511","512,511","37,291","52,042","56,733","73,513","87,886","91,789","71,054","28,086","11,866","2,194","57","266,568","266,568","19,022","26,615","30,738","39,572","47,000","47,740","37,694","13,508","4,219","448","12","245,943","245,943","18,269","25,427","25,995","33,941","40,886","44,049","33,360","14,578","7,647","1,746","45","512,518","512,518","37,105","52,009","56,568","73,565","87,798","91,689","71,346","28,242","11,920","2,214","62","266,563","266,563","18,897","26,613","30,656","39,615","46,948","47,683","37,852","13,584","4,254","449","12","245,955","245,955","18,208","25,396","25,912","33,950","40,850","44,006","33,494","14,658","7,666","1,765","50","512,578","512,578","36,979","51,988","56,329","73,519","87,869","91,664","71,543","28,426","11,974","2,223","64","266,510","266,510","18,837","26,607","30,477","39,565","46,961","47,694","37,948","13,694","4,266","450","11","246,068","246,068","18,142","25,381","25,852","33,954","40,908","43,970","33,595","14,732","7,708","1,773","53"
"경기도 군포시 (4141000000)","250,009","250,009","12,237","22,202","29,714","34,072","35,081","44,927","41,246","19,443","9,175","1,874","38","123,810","123,810","6,258","11,474","15,595","18,154","17,616","21,735","19,908","9,155","3,397","508","10","126,199","126,199","5,979","10,728","14,119","15,918","17,465","23,192","21,338","10,288","5,778","1,366","28","249,683","249,683","12,128","22,142","29,493","33,943","35,018","44,872","41,347","19,607","9,166","1,929","38","123,615","123,615","6,194","11,466","15,446","18,091","17,586","21,708","19,962","9,231","3,409","513","9","126,068","126,068","5,934","10,676","14,047","15,852","17,432","23,164","21,385","10,376","5,757","1,416","29","249,283","249,283","12,038","22,046","29,317","33,912","34,873","44,668","41,467","19,806","9,168","1,949","39","123,369","123,369","6,142","11,420","15,347","18,081","17,498","21,611","20,004","9,330","3,411","516","9","125,914","125,914","5,896","10,626","13,970","15,831","17,375","23,057","21,463","10,476","5,757","1,433","30","248,987","248,987","11,952","21,985","29,163","33,954","34,736","44,577","41,534","19,900","9,184","1,964","38","123,198","123,198","6,099","11,383","15,259","18,147","17,432","21,552","20,018","9,360","3,422","517","9","125,789","125,789","5,853","10,602","13,904","15,807","17,304","23,025","21,516","10,540","5,762","1,447","29","248,749","248,749","11,904","21,899","29,054","33,943","34,635","44,504","41,580","20,002","9,221","1,968","39","123,064","123,064","6,067","11,332","15,215","18,131","17,394","21,484","20,058","9,414","3,442","518","9","125,685","125,685","5,837","10,567","13,839","15,812","17,241","23,020","21,522","10,588","5,779","1,450","30","248,440","248,440","11,821","21,858","28,902","33,887","34,627","44,423","41,525","20,119","9,271","1,969","38","122,941","122,941","6,026","11,313","15,150","18,126","17,373","21,441","20,037","9,481","3,458","526","10","125,499","125,499","5,795","10,545","13,752","15,761","17,254","22,982","21,488","10,638","5,813","1,443","28"
"경기도 의왕시 (4143000000)","160,153","160,153","11,086","13,271","17,544","24,288","22,211","26,725","26,358","12,462","5,160","1,016","32","79,079","79,079","5,712","6,808","9,108","12,406","11,323","12,672","12,720","6,056","2,046","223","5","81,074","81,074","5,374","6,463","8,436","11,882","10,888","14,053","13,638","6,406","3,114","793","27","160,501","160,501","11,119","13,297","17,424","24,354","22,233","26,680","26,488","12,614","5,232","1,029","31","79,187","79,187","5,721","6,805","9,033","12,424","11,348","12,647","12,771","6,125","2,079","229","5","81,314","81,314","5,398","6,492","8,391","11,930","10,885","14,033","13,717","6,489","3,153","800","26","161,537","161,537","11,308","13,383","17,392","24,702","22,317","26,702","26,605","12,779","5,265","1,053","31","79,736","79,736","5,824","6,842","9,010","12,610","11,404","12,658","12,831","6,210","2,097","245","5","81,801","81,801","5,484","6,541","8,382","12,092","10,913","14,044","13,774","6,569","3,168","808","26","162,301","162,301","11,450","13,406","17,354","24,916","22,365","26,782","26,724","12,903","5,296","1,070","35","80,116","80,116","5,896","6,839","8,976","12,735","11,457","12,687","12,882","6,273","2,115","250","6","82,185","82,185","5,554","6,567","8,378","12,181","10,908","14,095","13,842","6,630","3,181","820","29","162,411","162,411","11,441","13,357","17,295","24,938","22,377","26,752","26,806","12,994","5,322","1,094","35","80,120","80,120","5,907","6,803","8,940","12,737","11,453","12,648","12,937","6,313","2,124","253","5","82,291","82,291","5,534","6,554","8,355","12,201","10,924","14,104","13,869","6,681","3,198","841","30","163,556","163,556","11,545","13,376","17,354","25,304","22,542","26,901","26,950","13,110","5,347","1,092","35","80,693","80,693","5,964","6,819","8,962","12,933","11,545","12,701","13,017","6,365","2,129","253","5","82,863","82,863","5,581","6,557","8,392","12,371","10,997","14,200","13,933","6,745","3,218","839","30"
"경기도 하남시 (4145000000)","326,816","326,816","26,201","33,748","33,019","48,852","59,516","49,466","42,255","24,055","8,301","1,360","43","162,096","162,096","13,559","16,916","16,360","24,135","30,114","25,117","20,447","11,656","3,483","304","5","164,720","164,720","12,642","16,832","16,659","24,717","29,402","24,349","21,808","12,399","4,818","1,056","38","326,516","326,516","25,971","33,754","32,897","48,627","59,426","49,582","42,331","24,204","8,316","1,366","42","161,939","161,939","13,438","16,931","16,312","24,010","30,052","25,215","20,479","11,701","3,487","309","5","164,577","164,577","12,533","16,823","16,585","24,617","29,374","24,367","21,852","12,503","4,829","1,057","37","326,600","326,600","25,921","33,780","32,754","48,731","59,254","49,579","42,378","24,414","8,364","1,381","44","161,925","161,925","13,412","16,948","16,198","24,073","29,964","25,224","20,493","11,792","3,502","314","5","164,675","164,675","12,509","16,832","16,556","24,658","29,290","24,355","21,885","12,622","4,862","1,067","39","326,468","326,468","25,791","33,804","32,612","48,617","59,176","49,672","42,387","24,558","8,405","1,404","42","161,871","161,871","13,374","16,960","16,134","24,027","29,880","25,303","20,500","11,844","3,521","323","5","164,597","164,597","12,417","16,844","16,478","24,590","29,296","24,369","21,887","12,714","4,884","1,081","37","326,350","326,350","25,659","33,836","32,507","48,514","59,161","49,666","42,432","24,676","8,439","1,420","40","161,771","161,771","13,314","16,984","16,068","23,947","29,870","25,285","20,522","11,893","3,550","334","4","164,579","164,579","12,345","16,852","16,439","24,567","29,291","24,381","21,910","12,783","4,889","1,086","36","326,286","326,286","25,522","33,908","32,354","48,516","59,090","49,698","42,436","24,820","8,464","1,436","42","161,744","161,744","13,263","17,010","16,017","23,938","29,829","25,306","20,528","11,952","3,560","337","4","164,542","164,542","12,259","16,898","16,337","24,578","29,261","24,392","21,908","12,868","4,904","1,099","38"
"경기도 용인시 (4146000000)","1,085,869","1,085,869","72,076","120,669","126,561","137,304","179,602","191,266","133,025","79,074","39,644","6,497","151","537,660","537,660","36,723","61,528","66,158","70,053","88,091","95,103","65,889","35,232","16,826","2,025","32","548,209","548,209","35,353","59,141","60,403","67,251","91,511","96,163","67,136","43,842","22,818","4,472","119","1,085,655","1,085,655","71,795","120,417","126,174","137,042","179,127","191,683","133,498","79,364","39,804","6,593","158","537,511","537,511","36,560","61,395","65,959","69,940","87,867","95,224","66,210","35,358","16,911","2,054","33","548,144","548,144","35,235","59,022","60,215","67,102","91,260","96,459","67,288","44,006","22,893","4,539","125","1,085,315","1,085,315","71,409","120,215","125,744","137,538","178,360","191,533","133,902","79,762","40,011","6,682","159","537,386","537,386","36,348","61,261","65,759","70,272","87,551","95,096","66,427","35,597","16,957","2,086","32","547,929","547,929","35,061","58,954","59,985","67,266","90,809","96,437","67,475","44,165","23,054","4,596","127","1,085,176","1,085,176","71,097","120,523","125,355","137,799","177,871","191,527","134,050","80,020","40,066","6,711","157","537,386","537,386","36,180","61,501","65,551","70,446","87,288","95,063","66,527","35,717","16,979","2,103","31","547,790","547,790","34,917","59,022","59,804","67,353","90,583","96,464","67,523","44,303","23,087","4,608","126","1,084,609","1,084,609","70,775","120,699","124,844","137,787","177,452","191,478","134,331","80,172","40,154","6,763","154","537,024","537,024","36,045","61,487","65,258","70,454","87,066","95,074","66,662","35,800","17,019","2,127","32","547,585","547,585","34,730","59,212","59,586","67,333","90,386","96,404","67,669","44,372","23,135","4,636","122","1,085,125","1,085,125","70,652","121,115","124,643","137,868","177,270","191,440","134,604","80,251","40,353","6,772","157","537,450","537,450","35,989","61,758","65,240","70,460","87,010","95,062","66,837","35,829","17,096","2,137","32","547,675","547,675","34,663","59,357","59,403","67,408","90,260","96,378","67,767","44,422","23,257","4,635","125"
"경기도 용인시 처인구 (4146100000)","281,569","281,569","17,722","26,069","31,953","37,261","44,134","49,133","42,102","21,793","9,604","1,762","36","144,003","144,003","9,016","13,356","17,475","20,083","23,104","25,234","21,307","10,312","3,662","448","6","137,566","137,566","8,706","12,713","14,478","17,178","21,030","23,899","20,795","11,481","5,942","1,314","30","282,147","282,147","17,686","26,048","31,888","37,284","44,072","49,358","42,360","21,940","9,666","1,804","41","144,268","144,268","8,989","13,337","17,481","20,090","23,054","25,301","21,455","10,406","3,690","458","7","137,879","137,879","8,697","12,711","14,407","17,194","21,018","24,057","20,905","11,534","5,976","1,346","34","283,163","283,163","17,633","26,072","31,976","37,550","44,028","49,470","42,675","22,179","9,698","1,841","41","144,765","144,765","8,969","13,333","17,514","20,230","23,057","25,352","21,595","10,541","3,696","471","7","138,398","138,398","8,664","12,739","14,462","17,320","20,971","24,118","21,080","11,638","6,002","1,370","34","284,074","284,074","17,613","26,487","31,988","37,634","44,029","49,521","42,870","22,338","9,719","1,835","40","145,329","145,329","8,954","13,640","17,500","20,309","23,051","25,387","21,683","10,618","3,712","468","7","138,745","138,745","8,659","12,847","14,488","17,325","20,978","24,134","21,187","11,720","6,007","1,367","33","284,570","284,570","17,574","26,806","31,874","37,645","43,975","49,566","43,033","22,462","9,753","1,846","36","145,427","145,427","8,941","13,667","17,421","20,308","23,041","25,427","21,754","10,663","3,726","472","7","139,143","139,143","8,633","13,139","14,453","17,337","20,934","24,139","21,279","11,799","6,027","1,374","29","285,438","285,438","17,549","27,342","31,948","37,635","43,997","49,572","43,172","22,497","9,835","1,854","37","145,978","145,978","8,919","14,012","17,476","20,320","23,079","25,416","21,848","10,666","3,760","475","7","139,460","139,460","8,630","13,330","14,472","17,315","20,918","24,156","21,324","11,831","6,075","1,379","30"
"경기도 용인시 기흥구 (4146300000)","432,437","432,437","26,851","48,707","52,897","52,060","70,100","79,452","51,715","31,429","16,437","2,717","72","212,798","212,798","13,777","24,893","27,615","26,684","33,868","39,034","25,268","13,769","6,986","887","17","219,639","219,639","13,074","23,814","25,282","25,376","36,232","40,418","26,447","17,660","9,451","1,830","55","432,305","432,305","26,694","48,551","52,832","51,929","69,878","79,614","51,910","31,557","16,508","2,758","74","212,707","212,707","13,668","24,837","27,562","26,628","33,755","39,104","25,382","13,828","7,028","899","16","219,598","219,598","13,026","23,714","25,270","25,301","36,123","40,510","26,528","17,729","9,480","1,859","58","432,227","432,227","26,544","48,455","52,625","52,176","69,569","79,569","52,065","31,706","16,654","2,789","75","212,682","212,682","13,578","24,770","27,495","26,781","33,634","39,031","25,479","13,912","7,073","913","16","219,545","219,545","12,966","23,685","25,130","25,395","35,935","40,538","26,586","17,794","9,581","1,876","59","432,257","432,257","26,357","48,422","52,473","52,325","69,375","79,672","52,192","31,852","16,694","2,820","75","212,629","212,629","13,487","24,741","27,423","26,831","33,552","39,025","25,570","13,981","7,076","927","16","219,628","219,628","12,870","23,681","25,050","25,494","35,823","40,647","26,622","17,871","9,618","1,893","59","432,332","432,332","26,233","48,358","52,346","52,492","69,189","79,750","52,344","31,957","16,737","2,851","75","212,707","212,707","13,423","24,712","27,359","26,967","33,441","39,058","25,650","14,036","7,100","944","17","219,625","219,625","12,810","23,646","24,987","25,525","35,748","40,692","26,694","17,921","9,637","1,907","58","432,561","432,561","26,177","48,299","52,288","52,679","69,093","79,804","52,422","32,043","16,833","2,849","74","212,871","212,871","13,395","24,690","27,369","27,053","33,400","39,087","25,704","14,071","7,143","942","17","219,690","219,690","12,782","23,609","24,919","25,626","35,693","40,717","26,718","17,972","9,690","1,907","57"
"경기도 용인시 수지구 (4146500000)","371,863","371,863","27,503","45,893","41,711","47,983","65,368","62,681","39,208","25,852","13,603","2,018","43","180,859","180,859","13,930","23,279","21,068","23,286","31,119","30,835","19,314","11,151","6,178","690","9","191,004","191,004","13,573","22,614","20,643","24,697","34,249","31,846","19,894","14,701","7,425","1,328","34","371,203","371,203","27,415","45,818","41,454","47,829","65,177","62,711","39,228","25,867","13,630","2,031","43","180,536","180,536","13,903","23,221","20,916","23,222","31,058","30,819","19,373","11,124","6,193","697","10","190,667","190,667","13,512","22,597","20,538","24,607","34,119","31,892","19,855","14,743","7,437","1,334","33","369,925","369,925","27,232","45,688","41,143","47,812","64,763","62,494","39,162","25,877","13,659","2,052","43","179,939","179,939","13,801","23,158","20,750","23,261","30,860","30,713","19,353","11,144","6,188","702","9","189,986","189,986","13,431","22,530","20,393","24,551","33,903","31,781","19,809","14,733","7,471","1,350","34","368,845","368,845","27,127","45,614","40,894","47,840","64,467","62,334","38,988","25,830","13,653","2,056","42","179,428","179,428","13,739","23,120","20,628","23,306","30,685","30,651","19,274","11,118","6,191","708","8","189,417","189,417","13,388","22,494","20,266","24,534","33,782","31,683","19,714","14,712","7,462","1,348","34","367,707","367,707","26,968","45,535","40,624","47,650","64,288","62,162","38,954","25,753","13,664","2,066","43","178,890","178,890","13,681","23,108","20,478","23,179","30,584","30,589","19,258","11,101","6,193","711","8","188,817","188,817","13,287","22,427","20,146","24,471","33,704","31,573","19,696","14,652","7,471","1,355","35","367,126","367,126","26,926","45,474","40,407","47,554","64,180","62,064","39,010","25,711","13,685","2,069","46","178,601","178,601","13,675","23,056","20,395","23,087","30,531","30,559","19,285","11,092","6,193","720","8","188,525","188,525","13,251","22,418","20,012","24,467","33,649","31,505","19,725","14,619","7,492","1,349","38"
"경기도 파주시 (4148000000)","524,973","524,973","38,303","55,443","54,505","73,080","87,288","88,448","69,140","36,077","19,277","3,344","68","264,355","264,355","19,598","28,173","29,058","37,506","45,237","45,405","34,804","16,489","7,210","859","16","260,618","260,618","18,705","27,270","25,447","35,574","42,051","43,043","34,336","19,588","12,067","2,485","52","526,410","526,410","38,335","55,500","54,479","73,121","87,611","88,729","69,473","36,388","19,323","3,381","70","265,011","265,011","19,605","28,189","28,981","37,548","45,455","45,493","34,992","16,625","7,230","876","17","261,399","261,399","18,730","27,311","25,498","35,573","42,156","43,236","34,481","19,763","12,093","2,505","53","528,015","528,015","38,347","55,579","54,394","73,528","87,669","88,872","69,962","36,747","19,370","3,478","69","265,777","265,777","19,599","28,247","28,883","37,760","45,509","45,547","35,247","16,811","7,257","900","17","262,238","262,238","18,748","27,332","25,511","35,768","42,160","43,325","34,715","19,936","12,113","2,578","52","529,217","529,217","38,291","55,682","54,378","73,740","87,750","89,124","70,289","36,954","19,439","3,497","73","266,327","266,327","19,580","28,288","28,850","37,861","45,585","45,644","35,420","16,891","7,283","908","17","262,890","262,890","18,711","27,394","25,528","35,879","42,165","43,480","34,869","20,063","12,156","2,589","56","529,967","529,967","38,226","55,700","54,265","73,885","87,787","89,366","70,460","37,183","19,510","3,510","75","266,641","266,641","19,513","28,316","28,768","37,955","45,607","45,721","35,508","16,996","7,324","917","16","263,326","263,326","18,713","27,384","25,497","35,930","42,180","43,645","34,952","20,187","12,186","2,593","59","531,236","531,236","38,166","55,801","54,362","74,146","87,963","89,527","70,703","37,361","19,603","3,529","75","267,241","267,241","19,484","28,412","28,781","38,075","45,673","45,794","35,645","17,093","7,345","922","17","263,995","263,995","18,682","27,389","25,581","36,071","42,290","43,733","35,058","20,268","12,258","2,607","58"
"경기도 이천시 (4150000000)","222,161","222,161","13,522","21,362","26,473","31,115","33,312","36,725","33,405","16,867","7,888","1,454","38","115,969","115,969","7,029","10,969","15,114","17,567","17,493","19,058","17,157","8,166","3,008","397","11","106,192","106,192","6,493","10,393","11,359","13,548","15,819","17,667","16,248","8,701","4,880","1,057","27","222,186","222,186","13,460","21,246","26,411","31,030","33,348","36,741","33,591","16,978","7,880","1,461","40","115,987","115,987","6,990","10,922","15,087","17,557","17,512","19,034","17,242","8,223","3,013","396","11","106,199","106,199","6,470","10,324","11,324","13,473","15,836","17,707","16,349","8,755","4,867","1,065","29","222,519","222,519","13,433","21,237","26,320","31,187","33,242","36,763","33,764","17,153","7,909","1,471","40","116,184","116,184","6,988","10,897","15,054","17,654","17,462","19,038","17,337","8,308","3,042","394","10","106,335","106,335","6,445","10,340","11,266","13,533","15,780","17,725","16,427","8,845","4,867","1,077","30","222,799","222,799","13,387","21,392","26,213","31,272","33,176","36,815","33,871","17,233","7,938","1,463","39","116,383","116,383","6,967","10,994","15,000","17,717","17,448","19,071","17,393","8,332","3,059","392","10","106,416","106,416","6,420","10,398","11,213","13,555","15,728","17,744","16,478","8,901","4,879","1,071","29","222,921","222,921","13,323","21,407","26,085","31,378","33,122","36,874","33,915","17,363","7,948","1,470","36","116,455","116,455","6,939","10,983","14,951","17,779","17,419","19,103","17,431","8,389","3,064","388","9","106,466","106,466","6,384","10,424","11,134","13,599","15,703","17,771","16,484","8,974","4,884","1,082","27","224,025","224,025","13,332","22,150","26,173","31,481","33,116","36,900","33,946","17,446","7,978","1,466","37","117,002","117,002","6,942","11,377","14,978","17,847","17,418","19,100","17,436","8,435","3,071","389","9","107,023","107,023","6,390","10,773","11,195","13,634","15,698","17,800","16,510","9,011","4,907","1,077","28"
"경기도 안성시 (4155000000)","195,959","195,959","10,391","17,493","21,660","23,514","28,848","33,895","31,876","17,843","8,770","1,631","38","101,232","101,232","5,392","8,996","11,825","13,164","15,573","17,789","16,263","8,609","3,229","387","5","94,727","94,727","4,999","8,497","9,835","10,350","13,275","16,106","15,613","9,234","5,541","1,244","33","196,162","196,162","10,344","17,465","21,695","23,466","28,807","33,925","31,999","17,984","8,773","1,664","40","101,344","101,344","5,368","8,962","11,846","13,163","15,546","17,827","16,318","8,669","3,248","392","5","94,818","94,818","4,976","8,503","9,849","10,303","13,261","16,098","15,681","9,315","5,525","1,272","35","196,556","196,556","10,321","17,560","21,726","23,541","28,762","33,875","32,144","18,104","8,803","1,681","39","101,600","101,600","5,364","9,007","11,859","13,243","15,516","17,793","16,424","8,717","3,272","399","6","94,956","94,956","4,957","8,553","9,867","10,298","13,246","16,082","15,720","9,387","5,531","1,282","33","197,389","197,389","10,310","17,698","21,742","23,714","28,755","34,127","32,267","18,225","8,804","1,707","40","102,004","102,004","5,368","9,096","11,846","13,338","15,498","17,894","16,514","8,760","3,277","408","5","95,385","95,385","4,942","8,602","9,896","10,376","13,257","16,233","15,753","9,465","5,527","1,299","35","197,936","197,936","10,288","17,796","21,820","23,775","28,784","34,230","32,318","18,341","8,813","1,730","41","102,337","102,337","5,355","9,160","11,887","13,395","15,523","17,962","16,541","8,801","3,292","415","6","95,599","95,599","4,933","8,636","9,933","10,380","13,261","16,268","15,777","9,540","5,521","1,315","35","198,096","198,096","10,227","17,781","21,823","23,778","28,816","34,268","32,374","18,407","8,847","1,735","40","102,450","102,450","5,315","9,153","11,920","13,417","15,540","17,967","16,568","8,827","3,322","415","6","95,646","95,646","4,912","8,628","9,903","10,361","13,276","16,301","15,806","9,580","5,525","1,320","34"
"경기도 김포시 (4157000000)","482,634","482,634","37,466","56,178","46,062","62,173","90,833","76,208","61,339","34,980","14,868","2,469","58","240,732","240,732","19,310","28,535","23,551","30,959","45,761","39,269","30,342","16,311","6,046","637","11","241,902","241,902","18,156","27,643","22,511","31,214","45,072","36,939","30,997","18,669","8,822","1,832","47","482,553","482,553","37,158","56,223","45,972","61,865","90,735","76,381","61,549","35,215","14,916","2,478","61","240,673","240,673","19,164","28,530","23,489","30,845","45,697","39,349","30,468","16,392","6,084","643","12","241,880","241,880","17,994","27,693","22,483","31,020","45,038","37,032","31,081","18,823","8,832","1,835","49","482,268","482,268","36,846","56,246","45,709","61,830","90,465","76,381","61,763","35,439","15,017","2,510","62","240,550","240,550","19,003","28,553","23,353","30,823","45,553","39,366","30,598","16,506","6,129","654","12","241,718","241,718","17,843","27,693","22,356","31,007","44,912","37,015","31,165","18,933","8,888","1,856","50","482,150","482,150","36,522","56,379","45,468","61,807","90,235","76,522","61,909","35,602","15,114","2,532","60","240,444","240,444","18,841","28,622","23,190","30,830","45,425","39,429","30,684","16,564","6,183","663","13","241,706","241,706","17,681","27,757","22,278","30,977","44,810","37,093","31,225","19,038","8,931","1,869","47","481,972","481,972","36,212","56,495","45,302","61,668","90,052","76,634","61,996","35,784","15,210","2,560","59","240,296","240,296","18,694","28,666","23,081","30,779","45,334","39,480","30,729","16,617","6,234","670","12","241,676","241,676","17,518","27,829","22,221","30,889","44,718","37,154","31,267","19,167","8,976","1,890","47","481,954","481,954","35,963","56,580","45,271","61,538","90,015","76,691","62,088","35,914","15,283","2,552","59","240,253","240,253","18,572","28,716","23,025","30,715","45,299","39,539","30,776","16,668","6,266","665","12","241,701","241,701","17,391","27,864","22,246","30,823","44,716","37,152","31,312","19,246","9,017","1,887","47"
"경기도 화성시 (4159000000)","988,605","988,605","88,852","117,623","108,804","163,817","185,977","151,085","102,595","46,811","19,377","3,591","73","512,159","512,159","45,502","59,753","58,192","87,201","97,260","80,157","53,315","22,545","7,388","839","7","476,446","476,446","43,350","57,870","50,612","76,616","88,717","70,928","49,280","24,266","11,989","2,752","66","990,496","990,496","88,813","117,752","108,697","163,930","186,179","151,672","103,051","47,214","19,476","3,638","74","513,158","513,158","45,447","59,896","58,105","87,323","97,335","80,463","53,551","22,736","7,446","849","7","477,338","477,338","43,366","57,856","50,592","76,607","88,844","71,209","49,500","24,478","12,030","2,789","67","992,805","992,805","88,849","117,910","108,587","164,700","185,858","152,112","103,757","47,710","19,567","3,679","76","514,348","514,348","45,458","60,011","58,079","87,703","97,110","80,667","53,934","23,012","7,500","866","8","478,457","478,457","43,391","57,899","50,508","76,997","88,748","71,445","49,823","24,698","12,067","2,813","68","994,124","994,124","88,673","118,023","108,443","165,124","185,804","152,464","104,164","48,023","19,612","3,715","79","514,984","514,984","45,357","60,057","57,972","87,941","97,054","80,833","54,181","23,173","7,530","878","8","479,140","479,140","43,316","57,966","50,471","77,183","88,750","71,631","49,983","24,850","12,082","2,837","71","995,246","995,246","88,449","118,197","108,281","165,221","185,883","152,868","104,516","48,312","19,662","3,776","81","515,527","515,527","45,257","60,170","57,812","88,018","97,079","81,023","54,422","23,284","7,560","894","8","479,719","479,719","43,192","58,027","50,469","77,203","88,804","71,845","50,094","25,028","12,102","2,882","73","996,275","996,275","88,232","118,305","108,260","165,356","185,955","153,204","104,740","48,572","19,767","3,806","78","515,943","515,943","45,112","60,211","57,767","88,127","97,114","81,135","54,566","23,402","7,596","905","8","480,332","480,332","43,120","58,094","50,493","77,229","88,841","72,069","50,174","25,170","12,171","2,901","70"
"경기도 화성시 만세구 (4159100000)","","","","","","","","","","","","","","","","","","","","","","","","","","","","","","","","","","","","","","","","234,192","234,192","15,997","23,166","23,540","31,908","39,619","39,615","34,595","16,543","7,621","1,563","25","127,581","127,581","8,188","11,909","13,651","18,536","22,227","22,598","18,866","8,348","2,879","376","3","106,611","106,611","7,809","11,257","9,889","13,372","17,392","17,017","15,729","8,195","4,742","1,187","22","234,048","234,048","15,866","23,175","23,448","31,842","39,457","39,545","34,781","16,679","7,661","1,569","25","127,543","127,543","8,117","11,915","13,627","18,502","22,120","22,559","18,981","8,442","2,892","385","3","106,505","106,505","7,749","11,260","9,821","13,340","17,337","16,986","15,800","8,237","4,769","1,184","22","234,030","234,030","15,749","23,220","23,369","31,819","39,375","39,543","34,900","16,779","7,661","1,586","29","127,541","127,541","8,066","11,919","13,569","18,511","22,046","22,581","19,056","8,500","2,898","390","5","106,489","106,489","7,683","11,301","9,800","13,308","17,329","16,962","15,844","8,279","4,763","1,196","24","233,916","233,916","15,631","23,252","23,268","31,740","39,318","39,538","34,999","16,850","7,685","1,604","31","127,462","127,462","8,006","11,940","13,492","18,456","22,021","22,587","19,122","8,527","2,914","392","5","106,454","106,454","7,625","11,312","9,776","13,284","17,297","16,951","15,877","8,323","4,771","1,212","26","233,805","233,805","15,518","23,259","23,213","31,599","39,306","39,572","34,993","16,975","7,723","1,616","31","127,385","127,385","7,930","11,952","13,475","18,392","22,013","22,579","19,146","8,573","2,921","399","5","106,420","106,420","7,588","11,307","9,738","13,207","17,293","16,993","15,847","8,402","4,802","1,217","26"
"경기도 화성시동부출장소 (4159200000)","0","0","0","0","0","0","0","0","0","0","0","0","0","0","0","0","0","0","0","0","0","0","0","0","0","0","0","0","0","0","0","0","0","0","0","0","0","0","0","","","","","","","","","","","","","","","","","","","","","","","","","","","","","","","","","","","","","","","","","","","","","","","","","","","","","","","","","","","","","","","","","","","","","","","","","","","","","","","","","","","","","","","","","","","","","","","","","","","","","","","","","","","","","","","","","","","","","","","","","","","","","","","","","","","","","","","","","","","","","","","","","","","","","","","","","","","","","","","","","","","","","","","","","","","","","","","","","","","","","","","","","","","","","","","","","","",""
"경기도 화성시 효행구 (4159300000)","","","","","","","","","","","","","","","","","","","","","","","","","","","","","","","","","","","","","","","","159,033","159,033","13,269","15,622","16,622","25,994","26,087","25,546","20,607","10,122","4,289","848","27","82,058","82,058","6,702","7,826","8,688","13,872","13,977","13,512","10,756","4,937","1,613","174","1","76,975","76,975","6,567","7,796","7,934","12,122","12,110","12,034","9,851","5,185","2,676","674","26","159,043","159,043","13,252","15,657","16,565","25,925","26,029","25,548","20,690","10,198","4,295","856","28","82,063","82,063","6,697","7,844","8,675","13,821","13,921","13,528","10,800","4,968","1,632","175","2","76,980","76,980","6,555","7,813","7,890","12,104","12,108","12,020","9,890","5,230","2,663","681","26","159,034","159,034","13,248","15,613","16,511","25,853","26,045","25,571","20,725","10,255","4,318","866","29","82,025","82,025","6,691","7,826","8,624","13,787","13,923","13,525","10,828","5,000","1,642","177","2","77,009","77,009","6,557","7,787","7,887","12,066","12,122","12,046","9,897","5,255","2,676","689","27","159,564","159,564","13,323","15,634","16,509","25,895","26,096","25,734","20,801","10,337","4,321","885","29","82,305","82,305","6,737","7,842","8,628","13,806","13,948","13,601","10,875","5,040","1,645","181","2","77,259","77,259","6,586","7,792","7,881","12,089","12,148","12,133","9,926","5,297","2,676","704","27","160,061","160,061","13,366","15,641","16,559","25,970","26,198","25,795","20,879","10,399","4,335","891","28","82,524","82,524","6,747","7,847","8,661","13,831","13,995","13,627","10,908","5,070","1,656","180","2","77,537","77,537","6,619","7,794","7,898","12,139","12,203","12,168","9,971","5,329","2,679","711","26"
"경기도 화성시동탄출장소 (4159400000)","0","0","0","0","0","0","0","0","0","0","0","0","0","0","0","0","0","0","0","0","0","0","0","0","0","0","0","0","0","0","0","0","0","0","0","0","0","0","0","","","","","","","","","","","","","","","","","","","","","","","","","","","","","","","","","","","","","","","","","","","","","","","","","","","","","","","","","","","","","","","","","","","","","","","","","","","","","","","","","","","","","","","","","","","","","","","","","","","","","","","","","","","","","","","","","","","","","","","","","","","","","","","","","","","","","","","","","","","","","","","","","","","","","","","","","","","","","","","","","","","","","","","","","","","","","","","","","","","","","","","","","","","","","","","","","","",""
"경기도 화성시 병점구 (4159500000)","","","","","","","","","","","","","","","","","","","","","","","","","","","","","","","","","","","","","","","","172,697","172,697","14,260","18,425","21,865","29,008","30,706","27,460","18,284","8,671","3,478","529","11","89,296","89,296","7,361","9,460","11,978","15,872","16,096","14,020","9,048","3,997","1,329","132","3","83,401","83,401","6,899","8,965","9,887","13,136","14,610","13,440","9,236","4,674","2,149","397","8","173,650","173,650","14,385","18,458","21,950","29,333","30,718","27,554","18,402","8,795","3,498","546","11","89,821","89,821","7,429","9,487","12,014","16,062","16,121","14,057","9,120","4,050","1,340","138","3","83,829","83,829","6,956","8,971","9,936","13,271","14,597","13,497","9,282","4,745","2,158","408","8","174,120","174,120","14,379","18,475","21,989","29,452","30,729","27,640","18,540","8,854","3,506","547","9","90,057","90,057","7,428","9,495","12,038","16,110","16,158","14,085","9,191","4,073","1,341","137","1","84,063","84,063","6,951","8,980","9,951","13,342","14,571","13,555","9,349","4,781","2,165","410","8","174,239","174,239","14,327","18,461","21,987","29,438","30,776","27,640","18,608","8,902","3,529","561","10","90,114","90,114","7,403","9,494","12,030","16,118","16,186","14,080","9,229","4,076","1,354","143","1","84,125","84,125","6,924","8,967","9,957","13,320","14,590","13,560","9,379","4,826","2,175","418","9","174,342","174,342","14,257","18,473","21,979","29,462","30,762","27,665","18,654","8,948","3,570","563","9","90,156","90,156","7,362","9,497","12,006","16,145","16,184","14,092","9,254","4,105","1,365","145","1","84,186","84,186","6,895","8,976","9,973","13,317","14,578","13,573","9,400","4,843","2,205","418","8"
"경기도 화성시 동탄구 (4159700000)","","","","","","","","","","","","","","","","","","","","","","","","","","","","","","","","","","","","","","","","424,574","424,574","45,287","60,539","46,670","77,020","89,767","59,051","29,565","11,878","4,088","698","11","214,223","214,223","23,196","30,701","23,788","39,043","45,035","30,333","14,881","5,454","1,625","167","0","210,351","210,351","22,091","29,838","22,882","37,977","44,732","28,718","14,684","6,424","2,463","531","11","426,064","426,064","45,346","60,620","46,624","77,600","89,654","59,465","29,884","12,038","4,113","708","12","214,921","214,921","23,215","30,765","23,763","39,318","44,948","30,523","15,033","5,552","1,636","168","0","211,143","211,143","22,131","29,855","22,861","38,282","44,706","28,942","14,851","6,486","2,477","540","12","426,940","426,940","45,297","60,715","46,574","78,000","89,655","59,710","29,999","12,135","4,127","716","12","215,361","215,361","23,172","30,817","23,741","39,533","44,927","30,642","15,106","5,600","1,649","174","0","211,579","211,579","22,125","29,898","22,833","38,467","44,728","29,068","14,893","6,535","2,478","542","12","427,527","427,527","45,168","60,850","46,517","78,148","89,693","59,956","30,108","12,223","4,127","726","11","215,646","215,646","23,111","30,894","23,662","39,638","44,924","30,755","15,196","5,641","1,647","178","0","211,881","211,881","22,057","29,956","22,855","38,510","44,769","29,201","14,912","6,582","2,480","548","11","428,067","428,067","45,091","60,932","46,509","78,325","89,689","60,172","30,214","12,250","4,139","736","10","215,878","215,878","23,073","30,915","23,625","39,759","44,922","30,837","15,258","5,654","1,654","181","0","212,189","212,189","22,018","30,017","22,884","38,566","44,767","29,335","14,956","6,596","2,485","555","10"
"경기도 광주시 (4161000000)","395,679","395,679","26,480","36,233","38,137","51,352","66,804","69,631","61,320","31,520","12,243","1,905","54","201,372","201,372","13,506","18,559","20,183","26,906","35,041","35,785","30,597","15,241","5,062","479","13","194,307","194,307","12,974","17,674","17,954","24,446","31,763","33,846","30,723","16,279","7,181","1,426","41","395,503","395,503","26,324","36,130","37,992","51,060","66,686","69,710","61,578","31,748","12,298","1,926","51","201,247","201,247","13,429","18,478","20,097","26,787","34,975","35,790","30,751","15,363","5,077","488","12","194,256","194,256","12,895","17,652","17,895","24,273","31,711","33,920","30,827","16,385","7,221","1,438","39","395,517","395,517","26,162","36,092","37,767","51,109","66,506","69,617","61,794","32,102","12,351","1,967","50","201,211","201,211","13,325","18,461","19,994","26,804","34,870","35,733","30,866","15,547","5,105","494","12","194,306","194,306","12,837","17,631","17,773","24,305","31,636","33,884","30,928","16,555","7,246","1,473","38","395,764","395,764","26,055","36,143","37,589","51,152","66,474","69,669","61,948","32,310","12,378","1,996","50","201,306","201,306","13,258","18,511","19,869","26,848","34,851","35,752","30,943","15,640","5,121","502","11","194,458","194,458","12,797","17,632","17,720","24,304","31,623","33,917","31,005","16,670","7,257","1,494","39","396,606","396,606","26,050","36,226","37,513","51,287","66,507","69,845","62,098","32,537","12,474","2,020","49","201,721","201,721","13,261","18,552","19,830","26,922","34,857","35,859","30,991","15,763","5,161","514","11","194,885","194,885","12,789","17,674","17,683","24,365","31,650","33,986","31,107","16,774","7,313","1,506","38","397,476","397,476","26,024","36,328","37,524","51,365","66,680","69,999","62,220","32,698","12,576","2,011","51","202,188","202,188","13,256","18,619","19,818","27,011","34,935","35,940","31,036","15,859","5,188","515","11","195,288","195,288","12,768","17,709","17,706","24,354","31,745","34,059","31,184","16,839","7,388","1,496","40"
"경기도 양주시 (4163000000)","295,325","295,325","22,532","28,977","30,816","40,139","46,412","49,838","41,320","22,697","10,705","1,850","39","148,412","148,412","11,499","14,582","16,226","20,658","23,859","25,362","20,883","10,618","4,214","502","9","146,913","146,913","11,033","14,395","14,590","19,481","22,553","24,476","20,437","12,079","6,491","1,348","30","295,621","295,621","22,493","29,011","30,761","40,050","46,383","49,941","41,471","22,880","10,718","1,873","40","148,547","148,547","11,502","14,585","16,176","20,613","23,857","25,391","20,974","10,704","4,222","514","9","147,074","147,074","10,991","14,426","14,585","19,437","22,526","24,550","20,497","12,176","6,496","1,359","31","295,709","295,709","22,436","29,052","30,547","40,113","46,285","49,893","41,643","23,033","10,768","1,896","43","148,568","148,568","11,475","14,600","16,074","20,645","23,784","25,362","21,065","10,785","4,250","517","11","147,141","147,141","10,961","14,452","14,473","19,468","22,501","24,531","20,578","12,248","6,518","1,379","32","295,788","295,788","22,368","29,064","30,451","40,047","46,246","49,920","41,812","23,120","10,812","1,901","47","148,565","148,565","11,439","14,610","16,030","20,608","23,772","25,349","21,126","10,838","4,264","518","11","147,223","147,223","10,929","14,454","14,421","19,439","22,474","24,571","20,686","12,282","6,548","1,383","36","295,854","295,854","22,312","29,085","30,272","39,993","46,209","50,001","41,904","23,229","10,887","1,917","45","148,569","148,569","11,423","14,618","15,911","20,594","23,765","25,375","21,184","10,881","4,287","521","10","147,285","147,285","10,889","14,467","14,361","19,399","22,444","24,626","20,720","12,348","6,600","1,396","35","296,118","296,118","22,240","29,162","30,233","40,040","46,239","49,978","41,953","23,356","10,955","1,914","48","148,621","148,621","11,397","14,657","15,863","20,619","23,761","25,344","21,200","10,943","4,316","511","10","147,497","147,497","10,843","14,505","14,370","19,421","22,478","24,634","20,753","12,413","6,639","1,403","38"
"경기도 포천시 (4165000000)","139,886","139,886","5,613","9,810","13,935","13,771","15,452","25,882","30,632","15,353","7,897","1,489","52","73,954","73,954","2,949","5,138","7,925","7,902","8,375","13,985","16,664","7,740","2,912","349","15","65,932","65,932","2,664","4,672","6,010","5,869","7,077","11,897","13,968","7,613","4,985","1,140","37","139,783","139,783","5,594","9,772","13,854","13,761","15,366","25,829","30,665","15,476","7,905","1,506","55","73,914","73,914","2,945","5,133","7,882","7,893","8,342","13,952","16,664","7,818","2,918","352","15","65,869","65,869","2,649","4,639","5,972","5,868","7,024","11,877","14,001","7,658","4,987","1,154","40","139,859","139,859","5,594","9,685","13,815","13,850","15,275","25,691","30,788","15,650","7,928","1,528","55","73,996","73,996","2,950","5,097","7,880","7,946","8,301","13,857","16,731","7,930","2,933","357","14","65,863","65,863","2,644","4,588","5,935","5,904","6,974","11,834","14,057","7,720","4,995","1,171","41","139,864","139,864","5,559","9,685","13,727","13,908","15,215","25,611","30,878","15,745","7,934","1,547","55","74,004","74,004","2,920","5,103","7,820","7,968","8,274","13,809","16,800","7,984","2,953","361","12","65,860","65,860","2,639","4,582","5,907","5,940","6,941","11,802","14,078","7,761","4,981","1,186","43","139,895","139,895","5,511","9,671","13,703","13,947","15,182","25,568","30,907","15,812","7,995","1,543","56","74,024","74,024","2,890","5,092","7,817","7,993","8,265","13,767","16,821","8,021","2,983","363","12","65,871","65,871","2,621","4,579","5,886","5,954","6,917","11,801","14,086","7,791","5,012","1,180","44","139,905","139,905","5,481","9,667","13,648","13,961","15,175","25,513","30,978","15,883","7,995","1,552","52","74,044","74,044","2,884","5,092","7,783","8,012","8,260","13,729","16,862","8,059","2,988","364","11","65,861","65,861","2,597","4,575","5,865","5,949","6,915","11,784","14,116","7,824","5,007","1,188","41"
"경기도 여주시 (4167000000)","113,528","113,528","5,239","8,915","9,828","11,291","14,473","19,887","22,666","13,582","6,427","1,190","30","57,825","57,825","2,654","4,689","5,351","6,177","7,437","10,253","11,653","6,785","2,517","305","4","55,703","55,703","2,585","4,226","4,477","5,114","7,036","9,634","11,013","6,797","3,910","885","26","113,384","113,384","5,186","8,874","9,747","11,249","14,441","19,848","22,691","13,675","6,432","1,212","29","57,772","57,772","2,631","4,682","5,308","6,164","7,436","10,214","11,660","6,839","2,524","310","4","55,612","55,612","2,555","4,192","4,439","5,085","7,005","9,634","11,031","6,836","3,908","902","25","113,267","113,267","5,145","8,840","9,655","11,245","14,378","19,764","22,754","13,783","6,455","1,220","28","57,726","57,726","2,607","4,669","5,259","6,152","7,415","10,167","11,710","6,884","2,547","313","3","55,541","55,541","2,538","4,171","4,396","5,093","6,963","9,597","11,044","6,899","3,908","907","25","113,253","113,253","5,138","8,822","9,604","11,231","14,336","19,758","22,800","13,864","6,449","1,223","28","57,727","57,727","2,604","4,649","5,245","6,138","7,393","10,161","11,745","6,919","2,557","313","3","55,526","55,526","2,534","4,173","4,359","5,093","6,943","9,597","11,055","6,945","3,892","910","25","113,191","113,191","5,102","8,814","9,564","11,227","14,295","19,737","22,819","13,927","6,439","1,240","27","57,704","57,704","2,584","4,654","5,220","6,134","7,362","10,158","11,763","6,947","2,565","315","2","55,487","55,487","2,518","4,160","4,344","5,093","6,933","9,579","11,056","6,980","3,874","925","25","113,155","113,155","5,054","8,808","9,521","11,236","14,247","19,765","22,812","13,992","6,444","1,249","27","57,698","57,698","2,562","4,649","5,201","6,145","7,336","10,174","11,777","6,958","2,580","314","2","55,457","55,457","2,492","4,159","4,320","5,091","6,911","9,591","11,035","7,034","3,864","935","25"
"경기도 연천군 (4180000000)","42,280","42,280","1,869","2,744","4,259","4,146","4,175","6,422","9,044","5,745","3,278","585","13","22,147","22,147","949","1,427","2,643","2,457","2,261","3,467","4,704","2,836","1,231","170","2","20,133","20,133","920","1,317","1,616","1,689","1,914","2,955","4,340","2,909","2,047","415","11","42,383","42,383","1,873","2,757","4,255","4,159","4,182","6,409","9,076","5,792","3,276","591","13","22,190","22,190","943","1,431","2,639","2,458","2,267","3,462","4,718","2,866","1,234","170","2","20,193","20,193","930","1,326","1,616","1,701","1,915","2,947","4,358","2,926","2,042","421","11","42,491","42,491","1,861","2,758","4,280","4,156","4,199","6,398","9,106","5,846","3,279","598","10","22,268","22,268","939","1,431","2,652","2,453","2,279","3,463","4,741","2,896","1,237","175","2","20,223","20,223","922","1,327","1,628","1,703","1,920","2,935","4,365","2,950","2,042","423","8","42,620","42,620","1,861","2,767","4,279","4,180","4,203","6,413","9,143","5,877","3,290","597","10","22,326","22,326","939","1,433","2,649","2,467","2,274","3,476","4,760","2,914","1,242","170","2","20,294","20,294","922","1,334","1,630","1,713","1,929","2,937","4,383","2,963","2,048","427","8","42,675","42,675","1,839","2,771","4,286","4,184","4,205","6,400","9,182","5,897","3,304","597","10","22,375","22,375","932","1,432","2,646","2,474","2,286","3,464","4,795","2,925","1,245","174","2","20,300","20,300","907","1,339","1,640","1,710","1,919","2,936","4,387","2,972","2,059","423","8","42,781","42,781","1,821","2,772","4,356","4,188","4,191","6,395","9,197","5,940","3,310","601","10","22,457","22,457","926","1,434","2,691","2,480","2,280","3,463","4,808","2,946","1,251","176","2","20,324","20,324","895","1,338","1,665","1,708","1,911","2,932","4,389","2,994","2,059","425","8"
"경기도 가평군 (4182000000)","61,754","61,754","2,468","4,039","5,243","5,343","6,707","10,414","13,769","8,693","4,325","726","27","31,768","31,768","1,278","2,043","2,978","2,953","3,549","5,533","7,163","4,315","1,755","193","8","29,986","29,986","1,190","1,996","2,265","2,390","3,158","4,881","6,606","4,378","2,570","533","19","61,752","61,752","2,453","4,028","5,222","5,285","6,707","10,409","13,776","8,762","4,334","750","26","31,750","31,750","1,267","2,041","2,955","2,937","3,542","5,517","7,176","4,352","1,760","196","7","30,002","30,002","1,186","1,987","2,267","2,348","3,165","4,892","6,600","4,410","2,574","554","19","61,690","61,690","2,425","4,023","5,177","5,302","6,683","10,343","13,795","8,835","4,313","767","27","31,708","31,708","1,254","2,047","2,925","2,946","3,527","5,488","7,169","4,394","1,754","198","6","29,982","29,982","1,171","1,976","2,252","2,356","3,156","4,855","6,626","4,441","2,559","569","21","61,734","61,734","2,414","4,029","5,151","5,298","6,668","10,351","13,839","8,860","4,329","768","27","31,730","31,730","1,242","2,054","2,905","2,946","3,518","5,493","7,188","4,414","1,772","191","7","30,004","30,004","1,172","1,975","2,246","2,352","3,150","4,858","6,651","4,446","2,557","577","20","61,762","61,762","2,395","4,019","5,157","5,336","6,639","10,310","13,840","8,933","4,322","785","26","31,727","31,727","1,230","2,051","2,895","2,964","3,515","5,457","7,201","4,440","1,776","191","7","30,035","30,035","1,165","1,968","2,262","2,372","3,124","4,853","6,639","4,493","2,546","594","19","61,756","61,756","2,394","4,034","5,144","5,335","6,659","10,257","13,840","8,959","4,320","788","26","31,731","31,731","1,230","2,061","2,883","2,970","3,519","5,433","7,210","4,450","1,774","193","8","30,025","30,025","1,164","1,973","2,261","2,365","3,140","4,824","6,630","4,509","2,546","595","18"
"경기도 양평군 (4183000000)","126,367","126,367","5,599","9,890","8,894","10,428","15,144","21,130","27,801","17,758","8,162","1,526","35","63,480","63,480","2,891","5,125","4,975","5,465","7,518","10,803","14,027","8,822","3,476","376","2","62,887","62,887","2,708","4,765","3,919","4,963","7,626","10,327","13,774","8,936","4,686","1,150","33","126,208","126,208","5,557","9,853","8,819","10,401","15,087","21,084","27,774","17,881","8,170","1,545","37","63,374","63,374","2,873","5,107","4,924","5,445","7,495","10,794","14,001","8,872","3,481","380","2","62,834","62,834","2,684","4,746","3,895","4,956","7,592","10,290","13,773","9,009","4,689","1,165","35","126,130","126,130","5,545","9,814","8,729","10,416","15,006","21,003","27,820","18,027","8,161","1,574","35","63,341","63,341","2,854","5,082","4,859","5,466","7,461","10,744","14,026","8,962","3,494","391","2","62,789","62,789","2,691","4,732","3,870","4,950","7,545","10,259","13,794","9,065","4,667","1,183","33","126,178","126,178","5,526","9,780","8,735","10,386","14,977","20,991","27,831","18,146","8,193","1,579","34","63,380","63,380","2,859","5,059","4,861","5,450","7,442","10,733","14,042","9,023","3,515","394","2","62,798","62,798","2,667","4,721","3,874","4,936","7,535","10,258","13,789","9,123","4,678","1,185","32","126,126","126,126","5,466","9,781","8,695","10,358","14,951","20,951","27,842","18,226","8,226","1,596","34","63,346","63,346","2,835","5,059","4,838","5,417","7,434","10,706","14,051","9,063","3,541","400","2","62,780","62,780","2,631","4,722","3,857","4,941","7,517","10,245","13,791","9,163","4,685","1,196","32","126,203","126,203","5,426","9,844","8,699","10,403","14,918","20,915","27,839","18,272","8,252","1,598","37","63,423","63,423","2,808","5,117","4,849","5,455","7,419","10,682","14,041","9,081","3,565","404","2","62,780","62,780","2,618","4,727","3,850","4,948","7,499","10,233","13,798","9,191","4,687","1,194","35"
"강원특별자치도  (5100000000)","1,502,552","1,502,552","80,274","125,038","146,797","158,111","193,347","256,031","279,178","160,745","87,659","14,947","425","755,236","755,236","41,010","64,586","82,171","85,067","98,548","131,691","140,082","75,834","32,738","3,418","91","747,316","747,316","39,264","60,452","64,626","73,044","94,799","124,340","139,096","84,911","54,921","11,529","334","1,501,635","1,501,635","80,020","124,724","146,058","157,858","192,865","255,553","279,622","161,730","87,650","15,123","432","754,805","754,805","40,893","64,438","81,808","84,887","98,315","131,447","140,289","76,373","32,781","3,480","94","746,830","746,830","39,127","60,286","64,250","72,971","94,550","124,106","139,333","85,357","54,869","11,643","338","1,501,806","1,501,806","79,733","124,826","145,578","158,278","192,118","254,410","280,309","163,057","87,716","15,345","436","755,120","755,120","40,750","64,544","81,613","85,171","98,008","130,814","140,648","77,081","32,854","3,543","94","746,686","746,686","38,983","60,282","63,965","73,107","94,110","123,596","139,661","85,976","54,862","11,802","342","1,502,207","1,502,207","79,451","124,776","145,395","158,442","191,554","254,238","280,574","164,104","87,744","15,479","450","755,380","755,380","40,623","64,524","81,476","85,313","97,688","130,783","140,743","77,666","32,882","3,588","94","746,827","746,827","38,828","60,252","63,919","73,129","93,866","123,455","139,831","86,438","54,862","11,891","356","1,502,269","1,502,269","79,193","124,582","145,211","158,603","191,168","254,023","280,674","164,886","87,893","15,583","453","755,470","755,470","40,523","64,410","81,375","85,414","97,457","130,682","140,766","78,087","33,036","3,624","96","746,799","746,799","38,670","60,172","63,836","73,189","93,711","123,341","139,908","86,799","54,857","11,959","357","1,502,284","1,502,284","78,964","124,489","144,904","158,774","191,170","253,576","280,798","165,485","88,030","15,651","443","755,517","755,517","40,359","64,376","81,208","85,470","97,448","130,468","140,879","78,425","33,141","3,650","93","746,767","746,767","38,605","60,113","63,696","73,304","93,722","123,108","139,919","87,060","54,889","12,001","350"
"동해출장소  (5110500000)","0","0","0","0","0","0","0","0","0","0","0","0","0","0","0","0","0","0","0","0","0","0","0","0","0","0","0","0","0","0","0","0","0","0","0","0","0","0","0","0","0","0","0","0","0","0","0","0","0","0","0","0","0","0","0","0","0","0","0","0","0","0","0","0","0","0","0","0","0","0","0","0","0","0","0","0","0","0","0","0","0","0","0","0","0","0","0","0","0","0","0","0","0","0","0","0","0","0","0","0","0","0","0","0","0","0","0","0","0","0","0","0","0","0","0","0","0","0","0","0","0","0","0","0","0","0","0","0","0","0","0","0","0","0","0","0","0","0","0","0","0","0","0","0","0","0","0","0","0","0","0","0","0","0","0","0","0","0","0","0","0","0","0","0","0","0","0","0","0","0","0","0","0","0","0","0","0","0","0","0","0","0","0","0","0","0","0","0","0","0","0","0","0","0","0","0","0","0","0","0","0","0","0","0","0","0","0","0","0","0","0","0","0","0","0","0","0","0","0","0","0","0","0","0","0","0","0","0","0","0","0","0","0","0"
"강원특별자치도 춘천시 (5111000000)","283,811","283,811","17,156","25,571","34,524","34,772","38,406","45,972","45,219","25,052","14,497","2,583","59","139,771","139,771","8,726","13,153","18,436","18,158","19,067","22,779","21,979","11,452","5,378","622","21","144,040","144,040","8,430","12,418","16,088","16,614","19,339","23,193","23,240","13,600","9,119","1,961","38","283,775","283,775","17,099","25,586","34,427","34,702","38,357","45,916","45,306","25,212","14,495","2,614","61","139,728","139,728","8,705","13,129","18,421","18,085","19,073","22,756","21,982","11,533","5,387","636","21","144,047","144,047","8,394","12,457","16,006","16,617","19,284","23,160","23,324","13,679","9,108","1,978","40","283,845","283,845","17,016","25,626","34,449","34,754","38,259","45,774","45,366","25,419","14,478","2,646","58","139,811","139,811","8,662","13,161","18,441","18,142","19,007","22,706","21,985","11,651","5,391","644","21","144,034","144,034","8,354","12,465","16,008","16,612","19,252","23,068","23,381","13,768","9,087","2,002","37","283,900","283,900","16,973","25,625","34,458","34,787","38,152","45,732","45,355","25,604","14,478","2,675","61","139,830","139,830","8,659","13,158","18,432","18,150","18,969","22,699","21,970","11,738","5,383","650","22","144,070","144,070","8,314","12,467","16,026","16,637","19,183","23,033","23,385","13,866","9,095","2,025","39","284,102","284,102","16,916","25,621","34,566","34,837","38,082","45,742","45,319","25,747","14,523","2,687","62","139,918","139,918","8,628","13,176","18,467","18,185","18,916","22,690","21,943","11,815","5,430","645","23","144,184","144,184","8,288","12,445","16,099","16,652","19,166","23,052","23,376","13,932","9,093","2,042","39","283,964","283,964","16,864","25,569","34,429","34,856","38,098","45,633","45,338","25,859","14,551","2,705","62","139,832","139,832","8,597","13,169","18,389","18,179","18,928","22,613","21,973","11,867","5,448","647","22","144,132","144,132","8,267","12,400","16,040","16,677","19,170","23,020","23,365","13,992","9,103","2,058","40"
"강원특별자치도 원주시 (5113000000)","362,155","362,155","23,567","34,420","38,324","46,893","53,343","62,050","57,877","28,201","14,754","2,669","57","179,248","179,248","12,053","17,545","20,504","24,205","26,521","30,536","28,598","13,187","5,485","602","12","182,907","182,907","11,514","16,875","17,820","22,688","26,822","31,514","29,279","15,014","9,269","2,067","45","362,329","362,329","23,546","34,368","38,183","46,890","53,351","61,977","58,072","28,442","14,744","2,700","56","179,325","179,325","12,045","17,524","20,425","24,183","26,520","30,495","28,680","13,342","5,480","619","12","183,004","183,004","11,501","16,844","17,758","22,707","26,831","31,482","29,392","15,100","9,264","2,081","44","362,561","362,561","23,540","34,261","38,074","47,119","53,135","61,817","58,287","28,787","14,738","2,746","57","179,420","179,420","12,034","17,456","20,376","24,302","26,453","30,387","28,781","13,492","5,496","631","12","183,141","183,141","11,506","16,805","17,698","22,817","26,682","31,430","29,506","15,295","9,242","2,115","45","362,964","362,964","23,451","34,320","38,078","47,190","52,987","61,867","58,455","29,036","14,773","2,751","56","179,617","179,617","11,974","17,496","20,373","24,380","26,346","30,405","28,866","13,616","5,523","626","12","183,347","183,347","11,477","16,824","17,705","22,810","26,641","31,462","29,589","15,420","9,250","2,125","44","363,248","363,248","23,393","34,358","38,060","47,251","52,915","61,877","58,536","29,220","14,804","2,777","57","179,815","179,815","11,964","17,503","20,402","24,423","26,304","30,428","28,874","13,725","5,539","641","12","183,433","183,433","11,429","16,855","17,658","22,828","26,611","31,449","29,662","15,495","9,265","2,136","45","363,501","363,501","23,346","34,385","38,002","47,311","52,962","61,790","58,655","29,362","14,851","2,780","57","179,911","179,911","11,931","17,522","20,338","24,448","26,326","30,382","28,929","13,806","5,568","649","12","183,590","183,590","11,415","16,863","17,664","22,863","26,636","31,408","29,726","15,556","9,283","2,131","45"
"강원특별자치도 강릉시 (5115000000)","205,309","205,309","10,091","16,529","19,954","20,461","26,880","36,297","37,185","23,242","12,403","2,209","58","101,611","101,611","5,246","8,649","10,966","10,999","13,565","18,490","17,953","10,584","4,607","546","6","103,698","103,698","4,845","7,880","8,988","9,462","13,315","17,807","19,232","12,658","7,796","1,663","52","205,236","205,236","10,074","16,470","19,950","20,437","26,774","36,231","37,274","23,344","12,388","2,236","58","101,592","101,592","5,229","8,617","10,960","10,996","13,525","18,455","18,016","10,624","4,619","545","6","103,644","103,644","4,845","7,853","8,990","9,441","13,249","17,776","19,258","12,720","7,769","1,691","52","205,236","205,236","10,032","16,428","19,954","20,516","26,631","36,061","37,380","23,468","12,443","2,263","60","101,662","101,662","5,204","8,604","11,025","11,025","13,485","18,344","18,099","10,678","4,636","556","6","103,574","103,574","4,828","7,824","8,929","9,491","13,146","17,717","19,281","12,790","7,807","1,707","54","205,198","205,198","9,998","16,396","19,916","20,531","26,534","36,036","37,434","23,580","12,423","2,285","65","101,665","101,665","5,197","8,581","11,011","11,037","13,453","18,334","18,112","10,731","4,637","566","6","103,533","103,533","4,801","7,815","8,905","9,494","13,081","17,702","19,322","12,849","7,786","1,719","59","205,140","205,140","9,967","16,355","19,891","20,548","26,474","35,996","37,435","23,639","12,473","2,295","67","101,653","101,653","5,181","8,552","11,016","11,049","13,423","18,317","18,117","10,756","4,674","562","6","103,487","103,487","4,786","7,803","8,875","9,499","13,051","17,679","19,318","12,883","7,799","1,733","61","205,019","205,019","9,944","16,322","19,776","20,575","26,437","35,975","37,417","23,699","12,506","2,301","67","101,598","101,598","5,152","8,533","10,980","11,054","13,404","18,312","18,110","10,775","4,709","563","6","103,421","103,421","4,792","7,789","8,796","9,521","13,033","17,663","19,307","12,924","7,797","1,738","61"
"강원특별자치도 동해시 (5117000000)","85,948","85,948","4,620","7,846","7,563","8,013","11,792","15,871","15,114","9,568","4,819","723","19","43,627","43,627","2,342","4,099","4,456","4,485","6,021","8,342","7,419","4,443","1,853","165","2","42,321","42,321","2,278","3,747","3,107","3,528","5,771","7,529","7,695","5,125","2,966","558","17","85,787","85,787","4,602","7,803","7,512","8,000","11,755","15,836","15,112","9,593","4,811","746","17","43,531","43,531","2,340","4,073","4,432","4,471","6,014","8,315","7,403","4,463","1,847","171","2","42,256","42,256","2,262","3,730","3,080","3,529","5,741","7,521","7,709","5,130","2,964","575","15","85,598","85,598","4,556","7,770","7,405","8,005","11,695","15,773","15,150","9,635","4,839","752","18","43,401","43,401","2,324","4,057","4,365","4,464","5,975","8,275","7,421","4,488","1,856","174","2","42,197","42,197","2,232","3,713","3,040","3,541","5,720","7,498","7,729","5,147","2,983","578","16","85,487","85,487","4,526","7,774","7,356","8,026","11,631","15,719","15,171","9,674","4,831","761","18","43,317","43,317","2,309","4,053","4,323","4,487","5,931","8,241","7,431","4,515","1,849","176","2","42,170","42,170","2,217","3,721","3,033","3,539","5,700","7,478","7,740","5,159","2,982","585","16","85,340","85,340","4,501","7,753","7,263","8,037","11,589","15,689","15,163","9,726","4,833","768","18","43,215","43,215","2,301","4,041","4,266","4,483","5,917","8,220","7,419","4,535","1,852","179","2","42,125","42,125","2,200","3,712","2,997","3,554","5,672","7,469","7,744","5,191","2,981","589","16","85,322","85,322","4,487","7,760","7,231","8,034","11,600","15,681","15,176","9,750","4,820","767","16","43,216","43,216","2,290","4,050","4,255","4,476","5,935","8,223","7,414","4,543","1,852","176","2","42,106","42,106","2,197","3,710","2,976","3,558","5,665","7,458","7,762","5,207","2,968","591","14"
"강원특별자치도 태백시 (5119000000)","36,875","36,875","1,434","3,205","2,607","2,665","4,770","6,673","7,309","5,296","2,584","321","11","18,599","18,599","733","1,680","1,506","1,488","2,453","3,674","3,724","2,333","944","62","2","18,276","18,276","701","1,525","1,101","1,177","2,317","2,999","3,585","2,963","1,640","259","9","36,788","36,788","1,418","3,186","2,596","2,649","4,741","6,653","7,311","5,304","2,595","324","11","18,564","18,564","721","1,673","1,506","1,478","2,446","3,662","3,723","2,341","948","64","2","18,224","18,224","697","1,513","1,090","1,171","2,295","2,991","3,588","2,963","1,647","260","9","36,766","36,766","1,411","3,195","2,587","2,654","4,730","6,606","7,304","5,337","2,596","332","14","18,590","18,590","717","1,698","1,503","1,485","2,444","3,627","3,736","2,362","949","66","3","18,176","18,176","694","1,497","1,084","1,169","2,286","2,979","3,568","2,975","1,647","266","11","36,759","36,759","1,400","3,180","2,590","2,667","4,710","6,592","7,312","5,362","2,593","338","15","18,599","18,599","713","1,692","1,505","1,498","2,433","3,623","3,740","2,379","945","68","3","18,160","18,160","687","1,488","1,085","1,169","2,277","2,969","3,572","2,983","1,648","270","12","36,762","36,762","1,397","3,168","2,587","2,674","4,690","6,581","7,327","5,383","2,598","342","15","18,597","18,597","717","1,681","1,500","1,502","2,419","3,628","3,738","2,393","946","70","3","18,165","18,165","680","1,487","1,087","1,172","2,271","2,953","3,589","2,990","1,652","272","12","36,721","36,721","1,392","3,163","2,589","2,664","4,678","6,562","7,314","5,396","2,601","347","15","18,586","18,586","721","1,677","1,501","1,502","2,415","3,618","3,725","2,403","951","70","3","18,135","18,135","671","1,486","1,088","1,162","2,263","2,944","3,589","2,993","1,650","277","12"
"강원특별자치도 속초시 (5121000000)","79,229","79,229","4,189","6,625","6,826","8,607","10,637","14,338","14,962","8,368","3,991","665","21","39,176","39,176","2,182","3,339","3,801","4,779","5,379","7,055","7,221","3,798","1,451","167","4","40,053","40,053","2,007","3,286","3,025","3,828","5,258","7,283","7,741","4,570","2,540","498","17","78,899","78,899","4,121","6,567","6,744","8,578","10,552","14,288","14,954","8,401","3,999","672","23","39,006","39,006","2,146","3,313","3,755","4,767","5,339","7,013","7,233","3,812","1,454","168","6","39,893","39,893","1,975","3,254","2,989","3,811","5,213","7,275","7,721","4,589","2,545","504","17","78,633","78,633","4,101","6,501","6,642","8,555","10,499","14,186","14,965","8,478","4,005","679","22","38,885","38,885","2,137","3,278","3,707","4,757","5,321","6,959","7,224","3,858","1,471","167","6","39,748","39,748","1,964","3,223","2,935","3,798","5,178","7,227","7,741","4,620","2,534","512","16","78,497","78,497","4,073","6,498","6,587","8,545","10,451","14,145","14,981","8,510","3,996","691","20","38,807","38,807","2,123","3,279","3,680","4,742","5,294","6,938","7,233","3,869","1,473","171","5","39,690","39,690","1,950","3,219","2,907","3,803","5,157","7,207","7,748","4,641","2,523","520","15","78,466","78,466","4,049","6,493","6,518","8,552","10,449","14,123","14,994","8,557","4,010","699","22","38,775","38,775","2,109","3,285","3,616","4,746","5,288","6,932","7,245","3,892","1,482","174","6","39,691","39,691","1,940","3,208","2,902","3,806","5,161","7,191","7,749","4,665","2,528","525","16","78,563","78,563","4,023","6,507","6,528","8,565","10,455","14,114","15,018","8,603","4,026","703","21","38,810","38,810","2,104","3,279","3,618","4,752","5,286","6,921","7,248","3,926","1,491","179","6","39,753","39,753","1,919","3,228","2,910","3,813","5,169","7,193","7,770","4,677","2,535","524","15"
"강원특별자치도 삼척시 (5123000000)","60,138","60,138","2,702","4,455","5,745","4,644","6,802","10,463","12,125","7,844","4,473","859","26","30,680","30,680","1,381","2,316","3,307","2,548","3,625","5,860","6,179","3,717","1,545","198","4","29,458","29,458","1,321","2,139","2,438","2,096","3,177","4,603","5,946","4,127","2,928","661","22","59,968","59,968","2,715","4,390","5,650","4,604","6,773","10,449","12,143","7,877","4,464","877","26","30,610","30,610","1,397","2,279","3,268","2,524","3,610","5,853","6,198","3,730","1,546","201","4","29,358","29,358","1,318","2,111","2,382","2,080","3,163","4,596","5,945","4,147","2,918","676","22","60,287","60,287","2,713","4,642","5,725","4,599","6,732","10,394","12,184","7,912","4,468","894","24","30,822","30,822","1,398","2,404","3,348","2,524","3,602","5,814","6,212","3,755","1,552","209","4","29,465","29,465","1,315","2,238","2,377","2,075","3,130","4,580","5,972","4,157","2,916","685","20","60,299","60,299","2,689","4,628","5,747","4,604","6,711","10,409","12,143","7,961","4,479","902","26","30,855","30,855","1,390","2,402","3,355","2,532","3,591","5,835","6,198","3,777","1,557","214","4","29,444","29,444","1,299","2,226","2,392","2,072","3,120","4,574","5,945","4,184","2,922","688","22","60,248","60,248","2,676","4,586","5,748","4,606","6,711","10,388","12,131","7,999","4,475","901","27","30,840","30,840","1,391","2,376","3,363","2,530","3,588","5,824","6,201","3,788","1,560","215","4","29,408","29,408","1,285","2,210","2,385","2,076","3,123","4,564","5,930","4,211","2,915","686","23","60,138","60,138","2,659","4,554","5,724","4,596","6,696","10,352","12,128","8,026","4,474","902","27","30,776","30,776","1,377","2,355","3,348","2,514","3,579","5,804","6,213","3,809","1,559","214","4","29,362","29,362","1,282","2,199","2,376","2,082","3,117","4,548","5,915","4,217","2,915","688","23"
"강원특별자치도 홍천군 (5172000000)","65,810","65,810","2,741","4,341","4,836","5,386","6,670","10,625","16,041","9,252","4,943","944","31","33,869","33,869","1,400","2,198","2,865","3,056","3,506","5,620","8,372","4,753","1,900","190","9","31,941","31,941","1,341","2,143","1,971","2,330","3,164","5,005","7,669","4,499","3,043","754","22","65,740","65,740","2,737","4,335","4,795","5,371","6,635","10,594","16,012","9,332","4,945","953","31","33,844","33,844","1,390","2,205","2,837","3,055","3,485","5,608","8,369","4,792","1,898","196","9","31,896","31,896","1,347","2,130","1,958","2,316","3,150","4,986","7,643","4,540","3,047","757","22","65,764","65,764","2,723","4,335","4,749","5,391","6,628","10,507","16,056","9,432","4,939","971","33","33,856","33,856","1,386","2,190","2,815","3,081","3,472","5,560","8,401","4,845","1,897","200","9","31,908","31,908","1,337","2,145","1,934","2,310","3,156","4,947","7,655","4,587","3,042","771","24","65,738","65,738","2,694","4,332","4,708","5,380","6,614","10,502","16,049","9,510","4,940","978","31","33,858","33,858","1,370","2,195","2,796","3,079","3,467","5,566","8,374","4,901","1,895","207","8","31,880","31,880","1,324","2,137","1,912","2,301","3,147","4,936","7,675","4,609","3,045","771","23","65,696","65,696","2,686","4,303","4,696","5,370","6,586","10,485","16,069","9,552","4,927","989","33","33,850","33,850","1,367","2,178","2,784","3,067","3,456","5,554","8,387","4,936","1,895","218","8","31,846","31,846","1,319","2,125","1,912","2,303","3,130","4,931","7,682","4,616","3,032","771","25","65,659","65,659","2,671","4,310","4,676","5,367","6,583","10,457","16,031","9,605","4,937","991","31","33,846","33,846","1,350","2,180","2,789","3,066","3,451","5,538","8,381","4,963","1,902","218","8","31,813","31,813","1,321","2,130","1,887","2,301","3,132","4,919","7,650","4,642","3,035","773","23"
"강원특별자치도 횡성군 (5173000000)","45,436","45,436","1,538","3,196","2,800","2,801","4,200","7,414","12,009","7,000","3,797","663","18","23,446","23,446","806","1,682","1,595","1,532","2,285","3,945","6,300","3,635","1,531","134","1","21,990","21,990","732","1,514","1,205","1,269","1,915","3,469","5,709","3,365","2,266","529","17","45,430","45,430","1,534","3,184","2,767","2,814","4,186","7,375","12,015","7,071","3,800","667","17","23,472","23,472","809","1,693","1,583","1,535","2,268","3,935","6,307","3,662","1,541","139","0","21,958","21,958","725","1,491","1,184","1,279","1,918","3,440","5,708","3,409","2,259","528","17","45,424","45,424","1,508","3,238","2,748","2,806","4,159","7,315","12,022","7,139","3,789","682","18","23,509","23,509","796","1,738","1,581","1,536","2,255","3,896","6,314","3,711","1,536","146","0","21,915","21,915","712","1,500","1,167","1,270","1,904","3,419","5,708","3,428","2,253","536","18","45,476","45,476","1,509","3,251","2,731","2,790","4,149","7,307","12,041","7,206","3,785","688","19","23,547","23,547","797","1,735","1,576","1,527","2,245","3,907","6,320","3,758","1,527","155","0","21,929","21,929","712","1,516","1,155","1,263","1,904","3,400","5,721","3,448","2,258","533","19","45,450","45,450","1,502","3,224","2,738","2,777","4,139","7,291","12,010","7,270","3,796","684","19","23,532","23,532","787","1,728","1,582","1,516","2,233","3,901","6,302","3,785","1,543","155","0","21,918","21,918","715","1,496","1,156","1,261","1,906","3,390","5,708","3,485","2,253","529","19","45,427","45,427","1,502","3,200","2,731","2,775","4,133","7,271","12,020","7,286","3,798","695","16","23,535","23,535","788","1,712","1,575","1,521","2,225","3,890","6,324","3,797","1,543","160","0","21,892","21,892","714","1,488","1,156","1,254","1,908","3,381","5,696","3,489","2,255","535","16"
"강원특별자치도 영월군 (5175000000)","35,858","35,858","1,187","2,393","2,366","2,250","3,549","6,241","8,796","5,507","3,072","486","11","18,601","18,601","628","1,323","1,388","1,240","1,875","3,427","4,718","2,746","1,143","109","4","17,257","17,257","559","1,070","978","1,010","1,674","2,814","4,078","2,761","1,929","377","7","35,777","35,777","1,192","2,378","2,320","2,223","3,537","6,210","8,801","5,549","3,064","491","12","18,565","18,565","639","1,312","1,361","1,226","1,869","3,410","4,714","2,776","1,139","115","4","17,212","17,212","553","1,066","959","997","1,668","2,800","4,087","2,773","1,925","376","8","35,728","35,728","1,171","2,421","2,292","2,208","3,509","6,148","8,822","5,568","3,078","499","12","18,548","18,548","623","1,345","1,345","1,216","1,859","3,375","4,723","2,792","1,149","117","4","17,180","17,180","548","1,076","947","992","1,650","2,773","4,099","2,776","1,929","382","8","35,698","35,698","1,174","2,395","2,290","2,218","3,495","6,125","8,806","5,596","3,081","505","13","18,535","18,535","627","1,331","1,348","1,221","1,851","3,357","4,714","2,811","1,153","118","4","17,163","17,163","547","1,064","942","997","1,644","2,768","4,092","2,785","1,928","387","9","35,618","35,618","1,166","2,385","2,263","2,193","3,496","6,084","8,804","5,620","3,087","508","12","18,479","18,479","623","1,319","1,331","1,210","1,849","3,326","4,715","2,829","1,154","119","4","17,139","17,139","543","1,066","932","983","1,647","2,758","4,089","2,791","1,933","389","8","35,576","35,576","1,149","2,384","2,261","2,202","3,474","6,056","8,818","5,630","3,072","519","11","18,447","18,447","611","1,322","1,326","1,213","1,832","3,315","4,729","2,827","1,145","124","3","17,129","17,129","538","1,062","935","989","1,642","2,741","4,089","2,803","1,927","395","8"
"강원특별자치도 평창군 (5176000000)","39,802","39,802","1,182","2,528","2,649","2,513","4,027","7,208","10,087","5,981","3,146","466","15","20,650","20,650","564","1,322","1,601","1,436","2,143","3,901","5,334","2,981","1,262","104","2","19,152","19,152","618","1,206","1,048","1,077","1,884","3,307","4,753","3,000","1,884","362","13","39,819","39,819","1,181","2,525","2,645","2,517","4,002","7,195","10,076","6,038","3,147","476","17","20,650","20,650","560","1,324","1,596","1,434","2,122","3,900","5,329","3,009","1,268","106","2","19,169","19,169","621","1,201","1,049","1,083","1,880","3,295","4,747","3,029","1,879","370","15","39,725","39,725","1,181","2,497","2,627","2,498","3,967","7,102","10,126","6,088","3,143","479","17","20,595","20,595","559","1,310","1,576","1,423","2,118","3,851","5,351","3,037","1,262","106","2","19,130","19,130","622","1,187","1,051","1,075","1,849","3,251","4,775","3,051","1,881","373","15","39,771","39,771","1,180","2,474","2,646","2,503","3,957","7,106","10,129","6,126","3,152","480","18","20,615","20,615","556","1,294","1,580","1,423","2,108","3,864","5,348","3,059","1,273","107","3","19,156","19,156","624","1,180","1,066","1,080","1,849","3,242","4,781","3,067","1,879","373","15","39,780","39,780","1,180","2,467","2,642","2,507","3,942","7,104","10,134","6,161","3,144","481","18","20,629","20,629","557","1,291","1,584","1,415","2,102","3,863","5,356","3,077","1,275","106","3","19,151","19,151","623","1,176","1,058","1,092","1,840","3,241","4,778","3,084","1,869","375","15","39,758","39,758","1,186","2,461","2,626","2,514","3,944","7,079","10,114","6,185","3,154","478","17","20,617","20,617","565","1,284","1,571","1,417","2,102","3,848","5,348","3,100","1,273","107","2","19,141","19,141","621","1,177","1,055","1,097","1,842","3,231","4,766","3,085","1,881","371","15"
"강원특별자치도 정선군 (5177000000)","34,877","34,877","1,065","2,118","2,358","2,291","3,942","6,579","8,379","5,042","2,684","393","26","18,299","18,299","519","1,092","1,339","1,315","2,253","3,797","4,476","2,419","998","84","7","16,578","16,578","546","1,026","1,019","976","1,689","2,782","3,903","2,623","1,686","309","19","34,900","34,900","1,041","2,112","2,356","2,293","3,923","6,610","8,380","5,067","2,696","396","26","18,315","18,315","502","1,087","1,339","1,317","2,248","3,812","4,478","2,438","1,004","83","7","16,585","16,585","539","1,025","1,017","976","1,675","2,798","3,902","2,629","1,692","313","19","34,953","34,953","1,028","2,114","2,360","2,296","3,901","6,605","8,419","5,119","2,685","399","27","18,349","18,349","495","1,092","1,334","1,326","2,236","3,808","4,498","2,470","999","84","7","16,604","16,604","533","1,022","1,026","970","1,665","2,797","3,921","2,649","1,686","315","20","34,978","34,978","1,027","2,092","2,359","2,301","3,890","6,588","8,429","5,160","2,700","403","29","18,374","18,374","495","1,081","1,332","1,334","2,228","3,804","4,504","2,500","1,002","87","7","16,604","16,604","532","1,011","1,027","967","1,662","2,784","3,925","2,660","1,698","316","22","35,015","35,015","1,019","2,085","2,372","2,297","3,885","6,598","8,447","5,176","2,703","405","28","18,413","18,413","489","1,082","1,331","1,337","2,224","3,812","4,520","2,517","1,006","88","7","16,602","16,602","530","1,003","1,041","960","1,661","2,786","3,927","2,659","1,697","317","21","35,037","35,037","1,012","2,073","2,376","2,291","3,888","6,599","8,451","5,219","2,698","404","26","18,426","18,426","483","1,079","1,331","1,328","2,222","3,809","4,533","2,545","1,000","89","7","16,611","16,611","529","994","1,045","963","1,666","2,790","3,918","2,674","1,698","315","19"
"강원특별자치도 철원군 (5178000000)","39,865","39,865","2,239","3,064","4,011","4,111","4,425","6,302","7,600","4,724","2,979","396","14","20,557","20,557","1,120","1,587","2,545","2,363","2,311","3,370","3,911","2,157","1,098","94","1","19,308","19,308","1,119","1,477","1,466","1,748","2,114","2,932","3,689","2,567","1,881","302","13","39,728","39,728","2,223","3,027","3,991","4,082","4,387","6,262","7,598","4,766","2,979","398","15","20,505","20,505","1,115","1,567","2,543","2,349","2,296","3,348","3,918","2,175","1,097","96","1","19,223","19,223","1,108","1,460","1,448","1,733","2,091","2,914","3,680","2,591","1,882","302","14","39,712","39,712","2,215","3,019","3,956","4,096","4,389","6,205","7,620","4,802","2,989","406","15","20,510","20,510","1,112","1,573","2,512","2,368","2,289","3,326","3,943","2,186","1,100","100","1","19,202","19,202","1,103","1,446","1,444","1,728","2,100","2,879","3,677","2,616","1,889","306","14","39,690","39,690","2,216","3,004","3,957","4,083","4,390","6,169","7,651","4,821","2,972","410","17","20,485","20,485","1,110","1,571","2,499","2,361","2,286","3,307","3,959","2,193","1,096","102","1","19,205","19,205","1,106","1,433","1,458","1,722","2,104","2,862","3,692","2,628","1,876","308","16","39,637","39,637","2,207","2,995","3,939","4,083","4,369","6,154","7,652","4,833","2,978","412","15","20,461","20,461","1,111","1,564","2,485","2,373","2,276","3,290","3,961","2,197","1,100","103","1","19,176","19,176","1,096","1,431","1,454","1,710","2,093","2,864","3,691","2,636","1,878","309","14","39,622","39,622","2,204","2,997","3,934","4,096","4,363","6,139","7,647","4,823","2,988","416","15","20,452","20,452","1,098","1,564","2,483","2,385","2,272","3,286","3,963","2,188","1,107","105","1","19,170","19,170","1,106","1,433","1,451","1,711","2,091","2,853","3,684","2,635","1,881","311","14"
"강원특별자치도 화천군 (5179000000)","22,279","22,279","1,183","1,596","2,731","2,400","2,205","3,311","4,434","2,496","1,643","263","17","11,938","11,938","577","808","1,805","1,480","1,183","1,766","2,390","1,250","612","59","8","10,341","10,341","606","788","926","920","1,022","1,545","2,044","1,246","1,031","204","9","22,226","22,226","1,194","1,569","2,689","2,409","2,193","3,288","4,440","2,516","1,646","264","18","11,907","11,907","579","800","1,767","1,494","1,166","1,757","2,400","1,263","613","60","8","10,319","10,319","615","769","922","915","1,027","1,531","2,040","1,253","1,033","204","10","22,234","22,234","1,198","1,562","2,677","2,428","2,173","3,269","4,452","2,540","1,651","267","17","11,915","11,915","587","789","1,757","1,503","1,158","1,749","2,413","1,277","614","61","7","10,319","10,319","611","773","920","925","1,015","1,520","2,039","1,263","1,037","206","10","22,277","22,277","1,200","1,570","2,656","2,445","2,179","3,275","4,460","2,562","1,650","264","16","11,944","11,944","587","798","1,750","1,508","1,167","1,749","2,430","1,278","614","57","6","10,333","10,333","613","772","906","937","1,012","1,526","2,030","1,284","1,036","207","10","22,271","22,271","1,194","1,575","2,632","2,459","2,167","3,268","4,466","2,571","1,651","272","16","11,942","11,942","582","796","1,741","1,514","1,159","1,749","2,431","1,288","616","60","6","10,329","10,329","612","779","891","945","1,008","1,519","2,035","1,283","1,035","212","10","22,524","22,524","1,198","1,590","2,728","2,493","2,186","3,296","4,498","2,595","1,651","273","16","12,089","12,089","582","805","1,797","1,534","1,175","1,771","2,441","1,304","616","59","5","10,435","10,435","616","785","931","959","1,011","1,525","2,057","1,291","1,035","214","11"
"강원특별자치도 양구군 (5180000000)","20,340","20,340","1,222","1,798","2,116","2,182","2,246","3,013","4,020","2,147","1,361","233","2","10,681","10,681","607","933","1,354","1,254","1,184","1,618","2,118","1,050","513","50","0","9,659","9,659","615","865","762","928","1,062","1,395","1,902","1,097","848","183","2","20,349","20,349","1,189","1,871","2,105","2,163","2,227","3,010","4,029","2,157","1,360","236","2","10,664","10,664","590","949","1,349","1,249","1,170","1,621","2,117","1,054","515","50","0","9,685","9,685","599","922","756","914","1,057","1,389","1,912","1,103","845","186","2","20,334","20,334","1,184","1,867","2,079","2,170","2,233","3,003","4,020","2,185","1,355","236","2","10,674","10,674","593","949","1,329","1,256","1,174","1,622","2,114","1,073","513","51","0","9,660","9,660","591","918","750","914","1,059","1,381","1,906","1,112","842","185","2","20,315","20,315","1,173","1,858","2,084","2,158","2,230","3,001","4,013","2,199","1,360","237","2","10,671","10,671","584","947","1,331","1,252","1,170","1,621","2,114","1,089","513","50","0","9,644","9,644","589","911","753","906","1,060","1,380","1,899","1,110","847","187","2","20,324","20,324","1,175","1,849","2,062","2,183","2,237","3,003","4,021","2,195","1,357","240","2","10,687","10,687","585","945","1,321","1,270","1,172","1,622","2,116","1,082","521","53","0","9,637","9,637","590","904","741","913","1,065","1,381","1,905","1,113","836","187","2","20,337","20,337","1,175","1,837","2,083","2,186","2,239","3,003","4,018","2,206","1,350","238","2","10,702","10,702","584","939","1,339","1,273","1,169","1,626","2,113","1,089","520","50","0","9,635","9,635","591","898","744","913","1,070","1,377","1,905","1,117","830","188","2"
"강원특별자치도 인제군 (5181000000)","30,751","30,751","1,890","2,112","3,356","3,724","3,634","4,580","6,179","3,147","1,811","303","15","16,835","16,835","993","1,109","2,267","2,236","2,009","2,566","3,295","1,599","696","62","3","13,916","13,916","897","1,003","1,089","1,488","1,625","2,014","2,884","1,548","1,115","241","12","30,680","30,680","1,870","2,101","3,323","3,706","3,631","4,568","6,194","3,165","1,807","299","16","16,813","16,813","980","1,116","2,250","2,233","1,998","2,559","3,309","1,609","693","62","4","13,867","13,867","890","985","1,073","1,473","1,633","2,009","2,885","1,556","1,114","237","12","30,695","30,695","1,869","2,093","3,289","3,734","3,600","4,578","6,205","3,207","1,796","308","16","16,812","16,812","977","1,119","2,221","2,258","1,965","2,569","3,312","1,633","689","65","4","13,883","13,883","892","974","1,068","1,476","1,635","2,009","2,893","1,574","1,107","243","12","30,708","30,708","1,875","2,103","3,283","3,735","3,592","4,577","6,189","3,229","1,795","314","16","16,810","16,810","980","1,120","2,218","2,261","1,954","2,576","3,291","1,650","689","67","4","13,898","13,898","895","983","1,065","1,474","1,638","2,001","2,898","1,579","1,106","247","12","30,689","30,689","1,884","2,095","3,273","3,728","3,589","4,551","6,189","3,249","1,799","317","15","16,810","16,810","983","1,117","2,208","2,269","1,955","2,564","3,289","1,659","696","66","4","13,879","13,879","901","978","1,065","1,459","1,634","1,987","2,900","1,590","1,103","251","11","30,708","30,708","1,878","2,107","3,277","3,737","3,597","4,540","6,176","3,265","1,801","316","14","16,839","16,839","974","1,128","2,202","2,279","1,965","2,569","3,284","1,669","700","66","3","13,869","13,869","904","979","1,075","1,458","1,632","1,971","2,892","1,596","1,101","250","11"
"강원특별자치도 고성군 (5182000000)","26,779","26,779","1,189","1,567","2,185","2,369","2,708","4,466","5,789","3,787","2,331","377","11","13,694","13,694","595","843","1,329","1,362","1,471","2,439","2,974","1,777","820","82","2","13,085","13,085","594","724","856","1,007","1,237","2,027","2,815","2,010","1,511","295","9","26,873","26,873","1,184","1,580","2,178","2,388","2,720","4,473","5,825","3,801","2,339","373","12","13,755","13,755","593","862","1,326","1,369","1,474","2,444","2,992","1,785","828","79","3","13,118","13,118","591","718","852","1,019","1,246","2,029","2,833","2,016","1,511","294","9","27,006","27,006","1,193","1,583","2,163","2,430","2,743","4,482","5,859","3,816","2,351","374","12","13,818","13,818","594","865","1,306","1,391","1,491","2,455","3,006","1,796","836","75","3","13,188","13,188","599","718","857","1,039","1,252","2,027","2,853","2,020","1,515","299","9","27,104","27,104","1,201","1,595","2,155","2,455","2,755","4,491","5,872","3,829","2,365","372","14","13,875","13,875","600","873","1,294","1,409","1,496","2,455","3,016","1,811","844","73","4","13,229","13,229","601","722","861","1,046","1,259","2,036","2,856","2,018","1,521","299","10","27,122","27,122","1,200","1,588","2,154","2,473","2,752","4,475","5,900","3,834","2,363","370","13","13,886","13,886","598","860","1,303","1,416","1,497","2,447","3,034","1,816","840","71","4","13,236","13,236","602","728","851","1,057","1,255","2,028","2,866","2,018","1,523","299","9","27,137","27,137","1,200","1,596","2,145","2,479","2,764","4,467","5,892","3,827","2,374","378","15","13,900","13,900","602","865","1,299","1,419","1,498","2,442","3,032","1,819","846","73","5","13,237","13,237","598","731","846","1,060","1,266","2,025","2,860","2,008","1,528","305","10"
"강원특별자치도 양양군 (5183000000)","27,290","27,290","1,079","1,674","1,846","2,029","3,111","4,628","6,053","4,091","2,371","394","14","13,954","13,954","538","908","1,107","1,131","1,697","2,506","3,121","1,953","902","88","3","13,336","13,336","541","766","739","898","1,414","2,122","2,932","2,138","1,469","306","11","27,331","27,331","1,100","1,672","1,827","2,032","3,121","4,618","6,080","4,095","2,371","401","14","13,959","13,959","553","915","1,090","1,122","1,692","2,504","3,121","1,965","904","90","3","13,372","13,372","547","757","737","910","1,429","2,114","2,959","2,130","1,467","311","11","27,305","27,305","1,094","1,674","1,802","2,019","3,135","4,585","6,072","4,125","2,373","412","14","13,943","13,943","552","916","1,072","1,114","1,704","2,491","3,115","1,977","908","91","3","13,362","13,362","542","758","730","905","1,431","2,094","2,957","2,148","1,465","321","11","27,348","27,348","1,092","1,681","1,794","2,024","3,127","4,597","6,084","4,139","2,371","425","14","13,976","13,976","552","918","1,073","1,112","1,699","2,502","3,123","1,991","909","94","3","13,372","13,372","540","763","721","912","1,428","2,095","2,961","2,148","1,462","331","11","27,361","27,361","1,081","1,682","1,807","2,028","3,096","4,614","6,077","4,154","2,372","436","14","13,968","13,968","550","916","1,075","1,109","1,679","2,515","3,118","1,997","907","99","3","13,393","13,393","531","766","732","919","1,417","2,099","2,959","2,157","1,465","337","11","27,271","27,271","1,074","1,674","1,788","2,033","3,073","4,562","6,087","4,149","2,378","438","15","13,935","13,935","550","913","1,067","1,110","1,664","2,501","3,119","1,995","911","101","4","13,336","13,336","524","761","721","923","1,409","2,061","2,968","2,154","1,467","337","11"
"충청북도  (4300000000)","1,592,391","1,592,391","92,734","143,074","165,971","192,671","220,367","270,172","269,187","148,499","75,477","13,933","306","811,181","811,181","47,726","73,690","91,730","106,652","114,886","138,538","136,700","70,547","27,469","3,194","49","781,210","781,210","45,008","69,384","74,241","86,019","105,481","131,634","132,487","77,952","48,008","10,739","257","1,592,472","1,592,472","92,498","142,901","165,212","192,470","220,071","270,001","269,960","149,624","75,307","14,119","309","811,250","811,250","47,616","73,594","91,272","106,554","114,843","138,431","137,087","71,118","27,444","3,242","49","781,222","781,222","44,882","69,307","73,940","85,916","105,228","131,570","132,873","78,506","47,863","10,877","260","1,593,644","1,593,644","92,009","143,198","165,105","193,041","219,209","269,327","270,676","151,069","75,359","14,341","310","812,038","812,038","47,343","73,774","91,202","106,943","114,481","138,099","137,415","71,931","27,480","3,320","50","781,606","781,606","44,666","69,424","73,903","86,098","104,728","131,228","133,261","79,138","47,879","11,021","260","1,595,059","1,595,059","91,874","143,176","165,017","193,562","218,727","269,376","271,263","151,937","75,311","14,502","314","812,842","812,842","47,252","73,731","91,213","107,239","114,234","138,129","137,757","72,373","27,527","3,337","50","782,217","782,217","44,622","69,445","73,804","86,323","104,493","131,247","133,506","79,564","47,784","11,165","264","1,595,916","1,595,916","91,516","143,122","164,973","193,895","218,599","269,213","271,475","152,796","75,350","14,662","315","813,353","813,353","47,072","73,712","91,188","107,386","114,211","138,060","137,897","72,771","27,622","3,385","49","782,563","782,563","44,444","69,410","73,785","86,509","104,388","131,153","133,578","80,025","47,728","11,277","266","1,596,489","1,596,489","91,313","143,018","164,634","194,187","218,812","268,991","271,740","153,394","75,423","14,665","312","813,711","813,711","46,929","73,635","91,055","107,603","114,307","137,946","138,059","73,079","27,664","3,386","48","782,778","782,778","44,384","69,383","73,579","86,584","104,505","131,045","133,681","80,315","47,759","11,279","264"
"충청북도 청주시 (4311000000)","854,258","854,258","58,028","84,392","101,979","122,554","129,731","141,802","120,639","61,310","28,571","5,147","105","432,000","432,000","29,657","43,316","55,252","66,995","66,788","70,578","59,467","28,397","10,326","1,206","18","422,258","422,258","28,371","41,076","46,727","55,559","62,943","71,224","61,172","32,913","18,245","3,941","87","855,060","855,060","58,009","84,476","101,776","122,484","129,695","141,883","121,078","61,799","28,547","5,211","102","432,400","432,400","29,691","43,296","55,158","66,963","66,826","70,610","59,667","28,632","10,319","1,221","17","422,660","422,660","28,318","41,180","46,618","55,521","62,869","71,273","61,411","33,167","18,228","3,990","85","855,592","855,592","57,778","84,428","101,678","122,924","129,268","141,645","121,484","62,397","28,605","5,285","100","432,645","432,645","29,548","43,260","55,077","67,202","66,673","70,507","59,817","28,946","10,350","1,249","16","422,947","422,947","28,230","41,168","46,601","55,722","62,595","71,138","61,667","33,451","18,255","4,036","84","856,316","856,316","57,707","84,440","101,600","123,218","129,057","141,741","121,712","62,808","28,572","5,358","103","432,935","432,935","29,513","43,224","55,061","67,380","66,539","70,511","59,954","29,120","10,358","1,260","15","423,381","423,381","28,194","41,216","46,539","55,838","62,518","71,230","61,758","33,688","18,214","4,098","88","857,110","857,110","57,562","84,514","101,614","123,501","129,045","141,722","121,883","63,117","28,608","5,438","106","433,395","433,395","29,456","43,272","55,066","67,534","66,576","70,511","60,030","29,232","10,419","1,284","15","423,715","423,715","28,106","41,242","46,548","55,967","62,469","71,211","61,853","33,885","18,189","4,154","91","857,242","857,242","57,485","84,451","101,395","123,647","129,136","141,613","121,961","63,336","28,678","5,435","105","433,508","433,508","29,407","43,233","54,991","67,646","66,600","70,457","60,071","29,358","10,453","1,278","14","423,734","423,734","28,078","41,218","46,404","56,001","62,536","71,156","61,890","33,978","18,225","4,157","91"
"충청북도 청주시 상당구 (4311100000)","193,991","193,991","12,825","19,682","19,988","23,794","28,664","33,598","30,376","15,944","7,731","1,362","27","96,266","96,266","6,446","10,131","10,742","12,433","14,449","16,523","15,016","7,425","2,783","313","5","97,725","97,725","6,379","9,551","9,246","11,361","14,215","17,075","15,360","8,519","4,948","1,049","22","193,757","193,757","12,772","19,555","19,921","23,742","28,565","33,511","30,466","16,091","7,726","1,381","27","96,133","96,133","6,451","10,086","10,667","12,401","14,400","16,481","15,056","7,493","2,775","318","5","97,624","97,624","6,321","9,469","9,254","11,341","14,165","17,030","15,410","8,598","4,951","1,063","22","193,356","193,356","12,649","19,476","19,719","23,771","28,398","33,400","30,522","16,254","7,738","1,402","27","95,938","95,938","6,380","10,047","10,549","12,421","14,338","16,440","15,061","7,582","2,788","327","5","97,418","97,418","6,269","9,429","9,170","11,350","14,060","16,960","15,461","8,672","4,950","1,075","22","193,248","193,248","12,606","19,474","19,567","23,765","28,308","33,372","30,623","16,367","7,720","1,418","28","95,854","95,854","6,358","10,034","10,479","12,401","14,280","16,445","15,109","7,632","2,784","327","5","97,394","97,394","6,248","9,440","9,088","11,364","14,028","16,927","15,514","8,735","4,936","1,091","23","192,946","192,946","12,532","19,450","19,452","23,735","28,252","33,283","30,620","16,432","7,728","1,434","28","95,724","95,724","6,326","10,015","10,435","12,377","14,264","16,400","15,105","7,655","2,806","336","5","97,222","97,222","6,206","9,435","9,017","11,358","13,988","16,883","15,515","8,777","4,922","1,098","23","192,603","192,603","12,449","19,446","19,297","23,665","28,235","33,204","30,626","16,467","7,745","1,440","29","95,587","95,587","6,297","10,023","10,357","12,357","14,249","16,341","15,123","7,682","2,815","338","5","97,016","97,016","6,152","9,423","8,940","11,308","13,986","16,863","15,503","8,785","4,930","1,102","24"
"충청북도 청주시 서원구 (4311200000)","182,451","182,451","9,386","16,863","23,900","21,914","24,393","32,685","29,171","15,616","7,237","1,259","27","90,958","90,958","4,841","8,686","12,880","11,988","12,251","15,926","14,261","7,100","2,708","313","4","91,493","91,493","4,545","8,177","11,020","9,926","12,142","16,759","14,910","8,516","4,529","946","23","184,309","184,309","9,657","17,078","24,041","22,324","24,644","32,929","29,361","15,737","7,243","1,269","26","91,908","91,908","4,995","8,746","12,974","12,215","12,386","16,043","14,368","7,157","2,704","317","3","92,401","92,401","4,662","8,332","11,067","10,109","12,258","16,886","14,993","8,580","4,539","952","23","185,383","185,383","9,711","17,134","24,225","22,616","24,644","33,042","29,534","15,887","7,269","1,293","28","92,417","92,417","5,025","8,756","13,061","12,404","12,382","16,081","14,442","7,228","2,710","325","3","92,966","92,966","4,686","8,378","11,164","10,212","12,262","16,961","15,092","8,659","4,559","968","25","185,802","185,802","9,744","17,117","24,271","22,751","24,634","33,105","29,587","15,995","7,257","1,313","28","92,595","92,595","5,034","8,747","13,073","12,476","12,376","16,085","14,479","7,276","2,716","330","3","93,207","93,207","4,710","8,370","11,198","10,275","12,258","17,020","15,108","8,719","4,541","983","25","186,872","186,872","9,806","17,236","24,436","22,933","24,779","33,266","29,676","16,090","7,283","1,337","30","93,100","93,100","5,076","8,806","13,149","12,554","12,470","16,148","14,518","7,309","2,734","333","3","93,772","93,772","4,730","8,430","11,287","10,379","12,309","17,118","15,158","8,781","4,549","1,004","27","187,233","187,233","9,832","17,246","24,463","23,034","24,811","33,337","29,696","16,142","7,310","1,333","29","93,240","93,240","5,081","8,802","13,153","12,613","12,486","16,180","14,511","7,339","2,741","331","3","93,993","93,993","4,751","8,444","11,310","10,421","12,325","17,157","15,185","8,803","4,569","1,002","26"
"충청북도 청주시 흥덕구 (4311300000)","291,415","291,415","23,104","27,901","36,174","50,115","45,855","46,402","36,584","16,816","7,089","1,346","29","148,671","148,671","11,758","14,368","19,499","27,392","23,836","23,093","17,997","7,868","2,534","322","4","142,744","142,744","11,346","13,533","16,675","22,723","22,019","23,309","18,587","8,948","4,555","1,024","25","290,989","290,989","23,006","27,896","35,985","49,834","45,801","46,339","36,700","16,940","7,091","1,368","29","148,452","148,452","11,719","14,351","19,417","27,229","23,858","23,032","18,039","7,930","2,546","327","4","142,537","142,537","11,287","13,545","16,568","22,605","21,943","23,307","18,661","9,010","4,545","1,041","25","290,957","290,957","22,974","27,825","35,970","49,930","45,636","46,150","36,850","17,096","7,124","1,376","26","148,414","148,414","11,684","14,314","19,412","27,246","23,799","22,949","18,093","8,018","2,562","333","4","142,543","142,543","11,290","13,511","16,558","22,684","21,837","23,201","18,757","9,078","4,562","1,043","22","291,330","291,330","22,955","27,842","35,992","50,057","45,596","46,208","36,921","17,216","7,115","1,399","29","148,608","148,608","11,681","14,293","19,451","27,349","23,768","22,952","18,146","8,064","2,564","336","4","142,722","142,722","11,274","13,549","16,541","22,708","21,828","23,256","18,775","9,152","4,551","1,063","25","291,413","291,413","22,888","27,837","35,931","50,207","45,572","46,144","36,984","17,313","7,094","1,414","29","148,739","148,739","11,646","14,304","19,447","27,453","23,765","22,947","18,165","8,109","2,559","340","4","142,674","142,674","11,242","13,533","16,484","22,754","21,807","23,197","18,819","9,204","4,535","1,074","25","291,745","291,745","22,943","27,768","35,926","50,377","45,654","46,089","37,035","17,400","7,119","1,406","28","148,932","148,932","11,652","14,253","19,462","27,574","23,802","22,937","18,184","8,152","2,576","337","3","142,813","142,813","11,291","13,515","16,464","22,803","21,852","23,152","18,851","9,248","4,543","1,069","25"
"충청북도 청주시 청원구 (4311400000)","186,401","186,401","12,713","19,946","21,917","26,731","30,819","29,117","24,508","12,934","6,514","1,180","22","96,105","96,105","6,612","10,131","12,131","15,182","16,252","15,036","12,193","6,004","2,301","258","5","90,296","90,296","6,101","9,815","9,786","11,549","14,567","14,081","12,315","6,930","4,213","922","17","186,005","186,005","12,574","19,947","21,829","26,584","30,685","29,104","24,551","13,031","6,487","1,193","20","95,907","95,907","6,526","10,113","12,100","15,118","16,182","15,054","12,204","6,052","2,294","259","5","90,098","90,098","6,048","9,834","9,729","11,466","14,503","14,050","12,347","6,979","4,193","934","15","185,896","185,896","12,444","19,993","21,764","26,607","30,590","29,053","24,578","13,160","6,474","1,214","19","95,876","95,876","6,459","10,143","12,055","15,131","16,154","15,037","12,221","6,118","2,290","264","4","90,020","90,020","5,985","9,850","9,709","11,476","14,436","14,016","12,357","7,042","4,184","950","15","185,936","185,936","12,402","20,007","21,770","26,645","30,519","29,056","24,581","13,230","6,480","1,228","18","95,878","95,878","6,440","10,150","12,058","15,154","16,115","15,029","12,220","6,148","2,294","267","3","90,058","90,058","5,962","9,857","9,712","11,491","14,404","14,027","12,361","7,082","4,186","961","15","185,879","185,879","12,336","19,991","21,795","26,626","30,442","29,029","24,603","13,282","6,503","1,253","19","95,832","95,832","6,408","10,147","12,035","15,150","16,077","15,016","12,242","6,159","2,320","275","3","90,047","90,047","5,928","9,844","9,760","11,476","14,365","14,013","12,361","7,123","4,183","978","16","185,661","185,661","12,261","19,991","21,709","26,571","30,436","28,983","24,604","13,327","6,504","1,256","19","95,749","95,749","6,377","10,155","12,019","15,102","16,063","14,999","12,253","6,185","2,321","272","3","89,912","89,912","5,884","9,836","9,690","11,469","14,373","13,984","12,351","7,142","4,183","984","16"
"충청북도 충주시 (4313000000)","205,660","205,660","10,770","17,328","19,829","22,463","27,122","35,794","37,753","21,067","11,363","2,124","47","104,264","104,264","5,575","8,914","11,264","12,728","14,029","18,161","19,094","9,840","4,167","480","12","101,396","101,396","5,195","8,414","8,565","9,735","13,093","17,633","18,659","11,227","7,196","1,644","35","205,570","205,570","10,735","17,295","19,680","22,444","27,062","35,781","37,826","21,224","11,333","2,141","49","104,172","104,172","5,546","8,899","11,128","12,717","14,016","18,147","19,150","9,908","4,161","488","12","101,398","101,398","5,189","8,396","8,552","9,727","13,046","17,634","18,676","11,316","7,172","1,653","37","205,478","205,478","10,629","17,250","19,709","22,442","26,912","35,655","37,909","21,422","11,324","2,179","47","104,168","104,168","5,505","8,890","11,145","12,739","13,947","18,076","19,182","10,021","4,155","497","11","101,310","101,310","5,124","8,360","8,564","9,703","12,965","17,579","18,727","11,401","7,169","1,682","36","205,461","205,461","10,607","17,201","19,718","22,457","26,788","35,611","37,949","21,555","11,331","2,194","50","104,221","104,221","5,500","8,871","11,167","12,752","13,894","18,062","19,208","10,099","4,162","493","13","101,240","101,240","5,107","8,330","8,551","9,705","12,894","17,549","18,741","11,456","7,169","1,701","37","205,556","205,556","10,533","17,238","19,759","22,433","26,768","35,564","37,951","21,708","11,338","2,213","51","104,270","104,270","5,475","8,887","11,199","12,707","13,883","18,038","19,222","10,176","4,164","506","13","101,286","101,286","5,058","8,351","8,560","9,726","12,885","17,526","18,729","11,532","7,174","1,707","38","205,353","205,353","10,472","17,240","19,682","22,402","26,776","35,452","37,967","21,760","11,343","2,208","51","104,187","104,187","5,441","8,880","11,164","12,709","13,895","17,976","19,237","10,193","4,168","511","13","101,166","101,166","5,031","8,360","8,518","9,693","12,881","17,476","18,730","11,567","7,175","1,697","38"
"충청북도 제천시 (4315000000)","127,502","127,502","6,030","10,679","12,618","11,297","15,060","22,331","25,287","15,228","7,719","1,218","35","64,295","64,295","3,193","5,443","7,009","6,283","7,808","11,442","12,664","7,296","2,882","272","3","63,207","63,207","2,837","5,236","5,609","5,014","7,252","10,889","12,623","7,932","4,837","946","32","127,340","127,340","5,996","10,621","12,512","11,303","14,999","22,243","25,340","15,330","7,729","1,230","37","64,255","64,255","3,174","5,437","6,958","6,279","7,801","11,383","12,693","7,354","2,892","281","3","63,085","63,085","2,822","5,184","5,554","5,024","7,198","10,860","12,647","7,976","4,837","949","34","127,968","127,968","5,939","11,035","12,679","11,325","14,914","22,125","25,410","15,522","7,705","1,277","37","64,582","64,582","3,148","5,632","7,056","6,293","7,745","11,330","12,726","7,468","2,879","302","3","63,386","63,386","2,791","5,403","5,623","5,032","7,169","10,795","12,684","8,054","4,826","975","34","128,081","128,081","5,906","11,068","12,675","11,338","14,870","22,107","25,453","15,627","7,703","1,297","37","64,638","64,638","3,117","5,653","7,051","6,287","7,738","11,331","12,747","7,515","2,889","307","3","63,443","63,443","2,789","5,415","5,624","5,051","7,132","10,776","12,706","8,112","4,814","990","34","128,008","128,008","5,875","11,022","12,674","11,342","14,828","22,062","25,413","15,729","7,720","1,305","38","64,604","64,604","3,088","5,640","7,043","6,294","7,712","11,305","12,750","7,564","2,898","307","3","63,404","63,404","2,787","5,382","5,631","5,048","7,116","10,757","12,663","8,165","4,822","998","35","127,896","127,896","5,833","10,954","12,628","11,350","14,838","22,032","25,403","15,799","7,718","1,305","36","64,552","64,552","3,055","5,608","7,028","6,308","7,711","11,291","12,748","7,596","2,897","307","3","63,344","63,344","2,778","5,346","5,600","5,042","7,127","10,741","12,655","8,203","4,821","998","33"
"충청북도 보은군 (4372000000)","30,538","30,538","974","1,759","1,798","1,796","2,650","4,838","7,775","5,131","3,071","737","9","15,547","15,547","512","930","1,060","1,004","1,456","2,664","4,168","2,523","1,061","167","2","14,991","14,991","462","829","738","792","1,194","2,174","3,607","2,608","2,010","570","7","30,538","30,538","959","1,750","1,797","1,796","2,651","4,804","7,801","5,165","3,063","742","10","15,549","15,549","503","918","1,065","1,000","1,457","2,651","4,177","2,545","1,061","170","2","14,989","14,989","456","832","732","796","1,194","2,153","3,624","2,620","2,002","572","8","30,600","30,600","949","1,758","1,795","1,811","2,653","4,782","7,807","5,199","3,080","756","10","15,575","15,575","494","924","1,068","1,009","1,454","2,631","4,183","2,566","1,072","172","2","15,025","15,025","455","834","727","802","1,199","2,151","3,624","2,633","2,008","584","8","30,642","30,642","954","1,757","1,792","1,816","2,650","4,778","7,826","5,222","3,073","763","11","15,593","15,593","497","925","1,056","1,014","1,440","2,629","4,205","2,581","1,072","172","2","15,049","15,049","457","832","736","802","1,210","2,149","3,621","2,641","2,001","591","9","30,653","30,653","947","1,762","1,784","1,812","2,643","4,754","7,841","5,262","3,063","773","12","15,602","15,602","492","926","1,049","1,013","1,440","2,611","4,214","2,607","1,077","170","3","15,051","15,051","455","836","735","799","1,203","2,143","3,627","2,655","1,986","603","9","31,121","31,121","947","1,775","1,831","1,876","2,695","4,842","7,970","5,325","3,072","776","12","15,842","15,842","493","930","1,073","1,052","1,456","2,667","4,276","2,634","1,087","171","3","15,279","15,279","454","845","758","824","1,239","2,175","3,694","2,691","1,985","605","9"
"충청북도 옥천군 (4373000000)","49,885","49,885","1,677","3,523","3,715","3,334","5,243","8,635","11,355","7,521","3,993","872","17","25,285","25,285","887","1,846","2,105","1,816","2,711","4,565","5,972","3,734","1,429","218","2","24,600","24,600","790","1,677","1,610","1,518","2,532","4,070","5,383","3,787","2,564","654","15","50,001","50,001","1,662","3,523","3,741","3,354","5,216","8,648","11,386","7,584","3,988","881","18","25,354","25,354","873","1,855","2,111","1,833","2,698","4,563","6,004","3,766","1,427","221","3","24,647","24,647","789","1,668","1,630","1,521","2,518","4,085","5,382","3,818","2,561","660","15","50,141","50,141","1,663","3,520","3,768","3,380","5,193","8,632","11,439","7,661","3,982","884","19","25,463","25,463","870","1,848","2,137","1,850","2,698","4,558","6,040","3,809","1,428","221","4","24,678","24,678","793","1,672","1,631","1,530","2,495","4,074","5,399","3,852","2,554","663","15","50,274","50,274","1,656","3,524","3,779","3,406","5,210","8,652","11,463","7,686","3,978","902","18","25,544","25,544","864","1,856","2,144","1,859","2,714","4,562","6,058","3,822","1,429","232","4","24,730","24,730","792","1,668","1,635","1,547","2,496","4,090","5,405","3,864","2,549","670","14","50,309","50,309","1,646","3,504","3,774","3,410","5,206","8,660","11,464","7,741","3,974","913","17","25,569","25,569","857","1,843","2,145","1,865","2,705","4,569","6,069","3,843","1,434","235","4","24,740","24,740","789","1,661","1,629","1,545","2,501","4,091","5,395","3,898","2,540","678","13","50,435","50,435","1,657","3,492","3,800","3,447","5,218","8,674","11,464","7,782","3,974","909","18","25,631","25,631","856","1,839","2,163","1,878","2,713","4,579","6,073","3,860","1,433","232","5","24,804","24,804","801","1,653","1,637","1,569","2,505","4,095","5,391","3,922","2,541","677","13"
"충청북도 영동군 (4374000000)","43,031","43,031","1,316","2,732","2,939","2,615","3,820","7,348","10,353","7,021","4,135","735","17","21,714","21,714","676","1,429","1,629","1,452","2,040","4,031","5,394","3,398","1,490","174","1","21,317","21,317","640","1,303","1,310","1,163","1,780","3,317","4,959","3,623","2,645","561","16","42,938","42,938","1,298","2,720","2,876","2,611","3,793","7,321","10,379","7,050","4,119","755","16","21,671","21,671","662","1,424","1,597","1,449","2,031","4,021","5,406","3,415","1,487","178","1","21,267","21,267","636","1,296","1,279","1,162","1,762","3,300","4,973","3,635","2,632","577","15","42,873","42,873","1,283","2,721","2,837","2,595","3,756","7,296","10,384","7,108","4,112","763","18","21,654","21,654","656","1,430","1,575","1,446","2,013","4,017","5,398","3,450","1,483","184","2","21,219","21,219","627","1,291","1,262","1,149","1,743","3,279","4,986","3,658","2,629","579","16","42,934","42,934","1,283","2,714","2,818","2,612","3,758","7,287","10,441","7,122","4,113","768","18","21,693","21,693","655","1,420","1,574","1,453","2,010","4,022","5,428","3,459","1,488","182","2","21,241","21,241","628","1,294","1,244","1,159","1,748","3,265","5,013","3,663","2,625","586","16","42,930","42,930","1,280","2,680","2,828","2,624","3,737","7,288","10,439","7,141","4,121","775","17","21,682","21,682","651","1,405","1,570","1,464","1,995","4,027","5,426","3,468","1,489","185","2","21,248","21,248","629","1,275","1,258","1,160","1,742","3,261","5,013","3,673","2,632","590","15","42,911","42,911","1,279","2,670","2,819","2,618","3,738","7,272","10,448","7,144","4,128","777","18","21,676","21,676","652","1,400","1,562","1,461","1,999","4,022","5,425","3,471","1,496","186","2","21,235","21,235","627","1,270","1,257","1,157","1,739","3,250","5,023","3,673","2,632","591","16"
"충청북도 증평군 (4374500000)","36,552","36,552","2,219","3,351","3,593","4,489","5,174","6,176","6,103","3,406","1,726","311","4","19,043","19,043","1,147","1,734","2,107","2,528","2,814","3,281","3,120","1,621","624","67","0","17,509","17,509","1,072","1,617","1,486","1,961","2,360","2,895","2,983","1,785","1,102","244","4","36,520","36,520","2,207","3,352","3,548","4,450","5,174","6,200","6,099","3,435","1,730","321","4","19,023","19,023","1,136","1,738","2,079","2,503","2,826","3,302","3,114","1,631","628","66","0","17,497","17,497","1,071","1,614","1,469","1,947","2,348","2,898","2,985","1,804","1,102","255","4","36,484","36,484","2,209","3,337","3,532","4,425","5,172","6,178","6,088","3,477","1,735","326","5","18,995","18,995","1,134","1,725","2,068","2,488","2,824","3,288","3,119","1,650","629","69","1","17,489","17,489","1,075","1,612","1,464","1,937","2,348","2,890","2,969","1,827","1,106","257","4","36,592","36,592","2,218","3,342","3,530","4,469","5,172","6,179","6,109","3,499","1,737","331","6","19,082","19,082","1,133","1,730","2,082","2,522","2,821","3,299","3,132","1,658","635","69","1","17,510","17,510","1,085","1,612","1,448","1,947","2,351","2,880","2,977","1,841","1,102","262","5","36,623","36,623","2,193","3,343","3,501","4,487","5,187","6,166","6,147","3,522","1,742","329","6","19,096","19,096","1,121","1,730","2,072","2,525","2,830","3,295","3,145","1,669","638","70","1","17,527","17,527","1,072","1,613","1,429","1,962","2,357","2,871","3,002","1,853","1,104","259","5","36,641","36,641","2,165","3,372","3,507","4,475","5,189","6,156","6,148","3,560","1,736","327","6","19,101","19,101","1,102","1,747","2,071","2,514","2,834","3,287","3,150","1,695","630","70","1","17,540","17,540","1,063","1,625","1,436","1,961","2,355","2,869","2,998","1,865","1,106","257","5"
"충청북도 진천군 (4375000000)","85,765","85,765","5,701","8,561","7,510","10,649","13,768","14,630","13,496","6,929","3,737","768","16","45,319","45,319","2,986","4,402","4,369","6,040","7,443","8,008","7,243","3,346","1,329","153","0","40,446","40,446","2,715","4,159","3,141","4,609","6,325","6,622","6,253","3,583","2,408","615","16","85,485","85,485","5,647","8,497","7,404","10,569","13,732","14,612","13,528","6,978","3,713","787","18","45,175","45,175","2,955","4,387","4,294","6,008","7,423","8,005","7,254","3,374","1,323","152","0","40,310","40,310","2,692","4,110","3,110","4,561","6,309","6,607","6,274","3,604","2,390","635","18","85,388","85,388","5,610","8,464","7,325","10,580","13,652","14,593","13,581","7,055","3,717","793","18","45,146","45,146","2,927","4,378","4,234","6,044","7,385","7,996","7,275","3,430","1,324","153","0","40,242","40,242","2,683","4,086","3,091","4,536","6,267","6,597","6,306","3,625","2,393","640","18","85,429","85,429","5,593","8,437","7,315","10,610","13,599","14,617","13,646","7,072","3,721","801","18","45,221","45,221","2,913","4,368","4,238","6,072","7,366","8,021","7,315","3,442","1,334","151","1","40,208","40,208","2,680","4,069","3,077","4,538","6,233","6,596","6,331","3,630","2,387","650","17","85,367","85,367","5,560","8,396","7,293","10,618","13,584","14,612","13,660","7,108","3,708","811","17","45,191","45,191","2,896","4,341","4,238","6,071","7,363","8,030","7,309","3,459","1,330","153","1","40,176","40,176","2,664","4,055","3,055","4,547","6,221","6,582","6,351","3,649","2,378","658","16","85,372","85,372","5,562","8,400","7,248","10,632","13,578","14,611","13,658","7,139","3,721","806","17","45,173","45,173","2,901","4,335","4,211","6,081","7,352","8,025","7,300","3,482","1,333","152","1","40,199","40,199","2,661","4,065","3,037","4,551","6,226","6,586","6,358","3,657","2,388","654","16"
"충청북도 괴산군 (4376000000)","38,084","38,084","1,096","1,868","2,314","2,177","3,216","6,408","10,326","6,385","3,632","646","16","19,661","19,661","573","956","1,351","1,221","1,762","3,524","5,567","3,230","1,333","143","1","18,423","18,423","523","912","963","956","1,454","2,884","4,759","3,155","2,299","503","15","37,692","37,692","1,055","1,796","2,245","2,116","3,166","6,305","10,291","6,449","3,590","663","16","19,473","19,473","552","918","1,316","1,185","1,739","3,480","5,540","3,272","1,321","149","1","18,219","18,219","503","878","929","931","1,427","2,825","4,751","3,177","2,269","514","15","37,449","37,449","1,031","1,765","2,153","2,112","3,102","6,230","10,262","6,510","3,587","681","16","19,385","19,385","546","903","1,261","1,188","1,707","3,452","5,541","3,307","1,325","154","1","18,064","18,064","485","862","892","924","1,395","2,778","4,721","3,203","2,262","527","15","37,390","37,390","1,035","1,753","2,109","2,118","3,074","6,188","10,298","6,542","3,568","691","14","19,366","19,366","546","893","1,238","1,191","1,705","3,427","5,564","3,330","1,317","154","1","18,024","18,024","489","860","871","927","1,369","2,761","4,734","3,212","2,251","537","13","37,348","37,348","1,030","1,736","2,103","2,105","3,070","6,163","10,298","6,580","3,565","684","14","19,353","19,353","539","889","1,234","1,178","1,700","3,424","5,554","3,363","1,318","153","1","17,995","17,995","491","847","869","927","1,370","2,739","4,744","3,217","2,247","531","13","37,333","37,333","1,022","1,739","2,087","2,102","3,076","6,144","10,320","6,582","3,558","689","14","19,355","19,355","535","888","1,232","1,175","1,705","3,406","5,563","3,370","1,325","155","1","17,978","17,978","487","851","855","927","1,371","2,738","4,757","3,212","2,233","534","13"
"충청북도 음성군 (4377000000)","94,386","94,386","4,177","7,347","8,119","9,715","12,217","17,599","18,913","10,064","5,197","1,007","31","50,392","50,392","2,148","3,889","4,672","5,692","6,765","9,769","10,252","4,995","1,973","228","9","43,994","43,994","2,029","3,458","3,447","4,023","5,452","7,830","8,661","5,069","3,224","779","22","94,674","94,674","4,195","7,348","8,092","9,768","12,244","17,636","19,024","10,143","5,173","1,020","31","50,550","50,550","2,157","3,903","4,652","5,728","6,768","9,781","10,315","5,030","1,976","231","9","44,124","44,124","2,038","3,445","3,440","4,040","5,476","7,855","8,709","5,113","3,197","789","22","95,083","95,083","4,197","7,400","8,110","9,883","12,262","17,657","19,096","10,229","5,190","1,028","31","50,806","50,806","2,160","3,960","4,678","5,794","6,782","9,775","10,354","5,078","1,983","233","9","44,277","44,277","2,037","3,440","3,432","4,089","5,480","7,882","8,742","5,151","3,207","795","22","95,341","95,341","4,198","7,434","8,155","9,948","12,234","17,702","19,139","10,286","5,193","1,021","31","50,929","50,929","2,162","3,974","4,702","5,814","6,759","9,807","10,364","5,120","1,989","230","8","44,412","44,412","2,036","3,460","3,453","4,134","5,475","7,895","8,775","5,166","3,204","791","23","95,446","95,446","4,177","7,434","8,131","9,994","12,219","17,722","19,156","10,363","5,178","1,043","29","50,974","50,974","2,143","3,972","4,681","5,836","6,760","9,799","10,389","5,162","1,992","234","6","44,472","44,472","2,034","3,462","3,450","4,158","5,459","7,923","8,767","5,201","3,186","809","23","95,614","95,614","4,178","7,432","8,139","10,067","12,255","17,694","19,186","10,421","5,162","1,052","28","51,083","51,083","2,135","3,969","4,679","5,885","6,796","9,784","10,426","5,188","1,978","238","5","44,531","44,531","2,043","3,463","3,460","4,182","5,459","7,910","8,760","5,233","3,184","814","23"
"충청북도 단양군 (4380000000)","26,730","26,730","746","1,534","1,557","1,582","2,366","4,611","7,187","4,437","2,333","368","9","13,661","13,661","372","831","912","893","1,270","2,515","3,759","2,167","855","86","1","13,069","13,069","374","703","645","689","1,096","2,096","3,428","2,270","1,478","282","8","26,654","26,654","735","1,523","1,541","1,575","2,339","4,568","7,208","4,467","2,322","368","8","13,628","13,628","367","819","914","889","1,258","2,488","3,767","2,191","849","85","1","13,026","13,026","368","704","627","686","1,081","2,080","3,441","2,276","1,473","283","7","26,588","26,588","721","1,520","1,519","1,564","2,325","4,534","7,216","4,489","2,322","369","9","13,619","13,619","355","824","903","890","1,253","2,469","3,780","2,206","852","86","1","12,969","12,969","366","696","616","674","1,072","2,065","3,436","2,283","1,470","283","8","26,599","26,599","717","1,506","1,526","1,570","2,315","4,514","7,227","4,518","2,322","376","8","13,620","13,620","352","817","900","895","1,248","2,458","3,782","2,227","854","87","0","12,979","12,979","365","689","626","675","1,067","2,056","3,445","2,291","1,468","289","8","26,566","26,566","713","1,493","1,512","1,569","2,312","4,500","7,223","4,525","2,333","378","8","13,617","13,617","354","807","891","899","1,247","2,451","3,789","2,228","863","88","0","12,949","12,949","359","686","621","670","1,065","2,049","3,434","2,297","1,470","290","8","26,571","26,571","713","1,493","1,498","1,571","2,313","4,501","7,215","4,546","2,333","381","7","13,603","13,603","352","806","881","894","1,246","2,452","3,790","2,232","864","86","0","12,968","12,968","361","687","617","677","1,067","2,049","3,425","2,314","1,469","295","7"
"충청남도  (4400000000)","2,129,806","2,129,806","125,709","202,489","210,664","251,363","311,572","351,614","339,074","204,980","108,770","23,116","455","1,093,022","1,093,022","64,422","104,531","116,418","138,028","166,143","186,425","173,706","97,905","39,718","5,656","70","1,036,784","1,036,784","61,287","97,958","94,246","113,335","145,429","165,189","165,368","107,075","69,052","17,460","385","2,129,710","2,129,710","125,146","202,448","209,862","250,432","311,273","352,031","339,719","206,392","108,497","23,452","458","1,093,312","1,093,312","64,195","104,591","116,129","137,486","166,101","186,614","174,058","98,631","39,693","5,742","72","1,036,398","1,036,398","60,951","97,857","93,733","112,946","145,172","165,417","165,661","107,761","68,804","17,710","386","2,130,509","2,130,509","124,464","202,604","209,313","250,903","310,308","351,759","340,286","208,108","108,460","23,841","463","1,093,592","1,093,592","63,797","104,614","115,762","137,741","165,602","186,419","174,409","99,516","39,824","5,836","72","1,036,917","1,036,917","60,667","97,990","93,551","113,162","144,706","165,340","165,877","108,592","68,636","18,005","391","2,131,416","2,131,416","124,041","202,498","208,992","251,162","309,695","352,156","340,945","209,301","108,137","24,029","460","1,094,236","1,094,236","63,596","104,583","115,566","137,954","165,334","186,523","174,852","100,079","39,780","5,893","76","1,037,180","1,037,180","60,445","97,915","93,426","113,208","144,361","165,633","166,093","109,222","68,357","18,136","384","2,132,295","2,132,295","123,513","202,491","208,603","251,377","309,554","352,258","341,290","210,373","108,196","24,177","463","1,094,703","1,094,703","63,292","104,556","115,354","138,070","165,261","186,570","175,136","100,578","39,893","5,917","76","1,037,592","1,037,592","60,221","97,935","93,249","113,307","144,293","165,688","166,154","109,795","68,303","18,260","387","2,132,564","2,132,564","123,032","202,469","208,258","251,380","309,876","352,205","341,483","210,953","108,307","24,139","462","1,094,856","1,094,856","63,072","104,532","115,119","138,128","165,374","186,542","175,290","100,832","39,989","5,904","74","1,037,708","1,037,708","59,960","97,937","93,139","113,252","144,502","165,663","166,193","110,121","68,318","18,235","388"
"충청남도 천안시 (4413000000)","661,862","661,862","43,510","67,974","84,757","97,867","108,592","110,848","86,492","40,268","18,072","3,416","66","339,158","339,158","22,342","34,804","45,112","53,142","57,155","56,305","43,847","19,051","6,610","782","8","322,704","322,704","21,168","33,170","39,645","44,725","51,437","54,543","42,645","21,217","11,462","2,634","58","662,356","662,356","43,246","68,140","84,708","97,599","108,554","111,051","86,851","40,628","18,064","3,449","66","339,475","339,475","22,232","34,857","45,173","52,929","57,228","56,397","44,027","19,225","6,612","787","8","322,881","322,881","21,014","33,283","39,535","44,670","51,326","54,654","42,824","21,403","11,452","2,662","58","662,695","662,695","43,016","68,158","84,613","97,695","108,210","111,051","87,265","41,010","18,093","3,520","64","339,608","339,608","22,114","34,847","45,120","52,979","57,061","56,357","44,252","19,411","6,652","807","8","323,087","323,087","20,902","33,311","39,493","44,716","51,149","54,694","43,013","21,599","11,441","2,713","56","663,022","663,022","42,866","68,098","84,456","97,828","107,987","111,238","87,589","41,255","18,092","3,551","62","339,890","339,890","22,020","34,833","45,071","53,120","56,994","56,417","44,436","19,518","6,664","809","8","323,132","323,132","20,846","33,265","39,385","44,708","50,993","54,821","43,153","21,737","11,428","2,742","54","663,519","663,519","42,703","68,104","84,366","97,979","107,979","111,219","87,854","41,524","18,145","3,586","60","340,064","340,064","21,923","34,821","44,987","53,182","56,988","56,439","44,580","19,633","6,685","818","8","323,455","323,455","20,780","33,283","39,379","44,797","50,991","54,780","43,274","21,891","11,460","2,768","52","663,839","663,839","42,521","68,113","84,234","98,044","108,178","111,210","87,969","41,734","18,190","3,583","63","340,145","340,145","21,830","34,836","44,893","53,225","57,078","56,421","44,614","19,731","6,697","811","9","323,694","323,694","20,691","33,277","39,341","44,819","51,100","54,789","43,355","22,003","11,493","2,772","54"
"충청남도 천안시 동남구 (4413100000)","261,351","261,351","14,480","25,004","32,087","32,982","38,886","45,799","40,455","20,455","9,340","1,826","37","132,318","132,318","7,421","12,779","16,894","17,910","20,126","23,247","20,291","9,731","3,487","427","5","129,033","129,033","7,059","12,225","15,193","15,072","18,760","22,552","20,164","10,724","5,853","1,399","32","261,732","261,732","14,389","25,170","32,134","32,869","38,783","45,883","40,643","20,645","9,334","1,845","37","132,599","132,599","7,401","12,857","17,014","17,814","20,106","23,276","20,395","9,818","3,487","426","5","129,133","129,133","6,988","12,313","15,120","15,055","18,677","22,607","20,248","10,827","5,847","1,419","32","262,231","262,231","14,354","25,180","32,232","32,972","38,610","45,887","40,853","20,863","9,359","1,886","35","132,798","132,798","7,361","12,855","17,042","17,875","20,026","23,259","20,497","9,932","3,508","438","5","129,433","129,433","6,993","12,325","15,190","15,097","18,584","22,628","20,356","10,931","5,851","1,448","30","262,403","262,403","14,307","25,117","32,259","33,011","38,503","45,976","40,951","20,965","9,365","1,914","35","132,899","132,899","7,333","12,832","17,063","17,903","19,978","23,286","20,557","9,991","3,511","440","5","129,504","129,504","6,974","12,285","15,196","15,108","18,525","22,690","20,394","10,974","5,854","1,474","30","262,592","262,592","14,249","25,111","32,302","33,043","38,482","45,904","41,074","21,081","9,391","1,923","32","132,960","132,960","7,301","12,803","17,079","17,916","19,966","23,258","20,627","10,035","3,530","440","5","129,632","129,632","6,948","12,308","15,223","15,127","18,516","22,646","20,447","11,046","5,861","1,483","27","262,696","262,696","14,217","25,035","32,318","33,070","38,479","45,947","41,114","21,163","9,405","1,913","35","132,985","132,985","7,270","12,772","17,086","17,938","19,951","23,276","20,652","10,069","3,532","433","6","129,711","129,711","6,947","12,263","15,232","15,132","18,528","22,671","20,462","11,094","5,873","1,480","29"
"충청남도 천안시 서북구 (4413300000)","400,511","400,511","29,030","42,970","52,670","64,885","69,706","65,049","46,037","19,813","8,732","1,590","29","206,840","206,840","14,921","22,025","28,218","35,232","37,029","33,058","23,556","9,320","3,123","355","3","193,671","193,671","14,109","20,945","24,452","29,653","32,677","31,991","22,481","10,493","5,609","1,235","26","400,624","400,624","28,857","42,970","52,574","64,730","69,771","65,168","46,208","19,983","8,730","1,604","29","206,876","206,876","14,831","22,000","28,159","35,115","37,122","33,121","23,632","9,407","3,125","361","3","193,748","193,748","14,026","20,970","24,415","29,615","32,649","32,047","22,576","10,576","5,605","1,243","26","400,464","400,464","28,662","42,978","52,381","64,723","69,600","65,164","46,412","20,147","8,734","1,634","29","206,810","206,810","14,753","21,992","28,078","35,104","37,035","33,098","23,755","9,479","3,144","369","3","193,654","193,654","13,909","20,986","24,303","29,619","32,565","32,066","22,657","10,668","5,590","1,265","26","400,619","400,619","28,559","42,981","52,197","64,817","69,484","65,262","46,638","20,290","8,727","1,637","27","206,991","206,991","14,687","22,001","28,008","35,217","37,016","33,131","23,879","9,527","3,153","369","3","193,628","193,628","13,872","20,980","24,189","29,600","32,468","32,131","22,759","10,763","5,574","1,268","24","400,927","400,927","28,454","42,993","52,064","64,936","69,497","65,315","46,780","20,443","8,754","1,663","28","207,104","207,104","14,622","22,018","27,908","35,266","37,022","33,181","23,953","9,598","3,155","378","3","193,823","193,823","13,832","20,975","24,156","29,670","32,475","32,134","22,827","10,845","5,599","1,285","25","401,143","401,143","28,304","43,078","51,916","64,974","69,699","65,263","46,855","20,571","8,785","1,670","28","207,160","207,160","14,560","22,064","27,807","35,287","37,127","33,145","23,962","9,662","3,165","378","3","193,983","193,983","13,744","21,014","24,109","29,687","32,572","32,118","22,893","10,909","5,620","1,292","25"
"충청남도 공주시 (4415000000)","99,468","99,468","3,568","7,617","10,092","7,988","10,881","16,147","20,551","13,503","7,380","1,704","37","49,601","49,601","1,861","3,961","5,102","4,429","5,704","8,403","10,390","6,623","2,690","431","7","49,867","49,867","1,707","3,656","4,990","3,559","5,177","7,744","10,161","6,880","4,690","1,273","30","99,290","99,290","3,531","7,597","9,979","7,937","10,857","16,124","20,558","13,592","7,342","1,736","37","49,556","49,556","1,850","3,960","5,057","4,405","5,694","8,388","10,387","6,684","2,683","441","7","49,734","49,734","1,681","3,637","4,922","3,532","5,163","7,736","10,171","6,908","4,659","1,295","30","99,583","99,583","3,494","7,872","10,052","7,904","10,791","16,106","20,527","13,714","7,318","1,767","38","49,647","49,647","1,821","4,039","5,080","4,396","5,659","8,373","10,389","6,752","2,683","447","8","49,936","49,936","1,673","3,833","4,972","3,508","5,132","7,733","10,138","6,962","4,635","1,320","30","99,626","99,626","3,492","7,867","10,063","7,900","10,756","16,100","20,532","13,798","7,298","1,779","41","49,672","49,672","1,824","4,039","5,072","4,387","5,648","8,376","10,400","6,789","2,678","450","9","49,954","49,954","1,668","3,828","4,991","3,513","5,108","7,724","10,132","7,009","4,620","1,329","32","99,582","99,582","3,450","7,903","10,020","7,903","10,709","16,095","20,505","13,886","7,289","1,781","41","49,674","49,674","1,803","4,073","5,036","4,389","5,625","8,383","10,385","6,835","2,678","457","10","49,908","49,908","1,647","3,830","4,984","3,514","5,084","7,712","10,120","7,051","4,611","1,324","31","99,498","99,498","3,433","7,868","10,017","7,886","10,712","16,085","20,474","13,916","7,298","1,768","41","49,604","49,604","1,796","4,061","5,023","4,376","5,621","8,362","10,378","6,835","2,693","449","10","49,894","49,894","1,637","3,807","4,994","3,510","5,091","7,723","10,096","7,081","4,605","1,319","31"
"충청남도 보령시 (4418000000)","91,650","91,650","3,887","7,047","6,879","7,419","10,977","15,794","18,410","13,033","6,818","1,349","37","46,418","46,418","1,974","3,605","3,935","4,190","5,978","8,526","9,331","6,063","2,519","291","6","45,232","45,232","1,913","3,442","2,944","3,229","4,999","7,268","9,079","6,970","4,299","1,058","31","91,388","91,388","3,845","6,994","6,799","7,357","10,936","15,743","18,380","13,119","6,814","1,363","38","46,294","46,294","1,954","3,588","3,881","4,168","5,959","8,502","9,326","6,093","2,519","297","7","45,094","45,094","1,891","3,406","2,918","3,189","4,977","7,241","9,054","7,026","4,295","1,066","31","91,202","91,202","3,833","6,913","6,753","7,344","10,873","15,691","18,319","13,242","6,817","1,377","40","46,193","46,193","1,945","3,572","3,833","4,156","5,921","8,461","9,316","6,152","2,529","301","7","45,009","45,009","1,888","3,341","2,920","3,188","4,952","7,230","9,003","7,090","4,288","1,076","33","91,135","91,135","3,807","6,885","6,744","7,335","10,832","15,671","18,342","13,287","6,804","1,388","40","46,166","46,166","1,939","3,552","3,833","4,150","5,895","8,446","9,336","6,165","2,533","310","7","44,969","44,969","1,868","3,333","2,911","3,185","4,937","7,225","9,006","7,122","4,271","1,078","33","91,126","91,126","3,774","6,897","6,721","7,353","10,798","15,673","18,340","13,329","6,807","1,394","40","46,176","46,176","1,929","3,549","3,826","4,163","5,879","8,443","9,348","6,185","2,537","310","7","44,950","44,950","1,845","3,348","2,895","3,190","4,919","7,230","8,992","7,144","4,270","1,084","33","91,034","91,034","3,762","6,881","6,675","7,360","10,804","15,642","18,330","13,350","6,802","1,390","38","46,141","46,141","1,927","3,538","3,800","4,159","5,881","8,429","9,355","6,199","2,540","308","5","44,893","44,893","1,835","3,343","2,875","3,201","4,923","7,213","8,975","7,151","4,262","1,082","33"
"충청남도 아산시 (4420000000)","358,955","358,955","28,663","40,641","37,552","52,219","64,069","55,911","43,050","23,171","11,447","2,200","32","187,056","187,056","14,648","20,954","20,899","27,998","34,553","30,127","22,385","10,735","4,221","530","6","171,899","171,899","14,015","19,687","16,653","24,221","29,516","25,784","20,665","12,436","7,226","1,670","26","359,810","359,810","28,666","40,810","37,485","52,141","64,284","56,102","43,257","23,354","11,440","2,238","33","187,538","187,538","14,658","21,028","20,906","27,936","34,694","30,199","22,494","10,843","4,232","542","6","172,272","172,272","14,008","19,782","16,579","24,205","29,590","25,903","20,763","12,511","7,208","1,696","27","360,552","360,552","28,580","40,888","37,398","52,376","64,272","56,256","43,432","23,592","11,455","2,268","35","187,900","187,900","14,612","21,076","20,849","28,071","34,678","30,265","22,566","10,978","4,248","551","6","172,652","172,652","13,968","19,812","16,549","24,305","29,594","25,991","20,866","12,614","7,207","1,717","29","361,388","361,388","28,509","41,026","37,448","52,522","64,293","56,437","43,640","23,729","11,445","2,305","34","188,349","188,349","14,582","21,160","20,874","28,176","34,677","30,313","22,693","11,058","4,253","556","7","173,039","173,039","13,927","19,866","16,574","24,346","29,616","26,124","20,947","12,671","7,192","1,749","27","362,200","362,200","28,432","41,098","37,486","52,613","64,442","56,653","43,777","23,871","11,465","2,328","35","188,820","188,820","14,537","21,194","20,922","28,262","34,739","30,422","22,776","11,136","4,270","555","7","173,380","173,380","13,895","19,904","16,564","24,351","29,703","26,231","21,001","12,735","7,195","1,773","28","362,657","362,657","28,405","41,146","37,442","52,644","64,530","56,773","43,896","23,967","11,493","2,325","36","189,090","189,090","14,527","21,227","20,901","28,303","34,766","30,503","22,830","11,184","4,287","555","7","173,567","173,567","13,878","19,919","16,541","24,341","29,764","26,270","21,066","12,783","7,206","1,770","29"
"충청남도 서산시 (4421000000)","171,879","171,879","10,404","16,822","15,483","19,417","24,984","29,715","27,405","16,491","8,982","2,123","53","90,032","90,032","5,369","8,734","9,404","11,270","13,391","15,854","14,101","7,992","3,391","521","5","81,847","81,847","5,035","8,088","6,079","8,147","11,593","13,861","13,304","8,499","5,591","1,602","48","171,478","171,478","10,312","16,707","15,337","19,307","24,854","29,742","27,475","16,574","8,941","2,177","52","89,860","89,860","5,322","8,714","9,312","11,218","13,307","15,884","14,145","8,032","3,380","541","5","81,618","81,618","4,990","7,993","6,025","8,089","11,547","13,858","13,330","8,542","5,561","1,636","47","171,145","171,145","10,210","16,601","15,192","19,320","24,747","29,638","27,558","16,678","8,943","2,209","49","89,645","89,645","5,251","8,652","9,206","11,241","13,242","15,855","14,160","8,091","3,392","550","5","81,500","81,500","4,959","7,949","5,986","8,079","11,505","13,783","13,398","8,587","5,551","1,659","44","170,988","170,988","10,166","16,604","15,072","19,302","24,646","29,666","27,567","16,784","8,900","2,232","49","89,535","89,535","5,219","8,665","9,110","11,230","13,173","15,884","14,161","8,141","3,390","556","6","81,453","81,453","4,947","7,939","5,962","8,072","11,473","13,782","13,406","8,643","5,510","1,676","43","170,907","170,907","10,109","16,572","15,031","19,256","24,587","29,679","27,600","16,866","8,906","2,254","47","89,459","89,459","5,187","8,648","9,060","11,184","13,161","15,873","14,184","8,198","3,399","559","6","81,448","81,448","4,922","7,924","5,971","8,072","11,426","13,806","13,416","8,668","5,507","1,695","41","170,733","170,733","10,008","16,582","15,001","19,225","24,580","29,628","27,602","16,891","8,912","2,258","46","89,386","89,386","5,137","8,638","9,056","11,182","13,133","15,853","14,194","8,213","3,411","564","5","81,347","81,347","4,871","7,944","5,945","8,043","11,447","13,775","13,408","8,678","5,501","1,694","41"
"충청남도 논산시 (4423000000)","106,314","106,314","4,634","8,295","8,346","9,027","11,985","17,908","21,360","14,620","8,280","1,823","36","53,299","53,299","2,394","4,301","4,670","4,968","6,272","9,567","10,846","6,951","2,907","416","7","53,015","53,015","2,240","3,994","3,676","4,059","5,713","8,341","10,514","7,669","5,373","1,407","29","106,223","106,223","4,600","8,298","8,291","8,956","11,933","17,927","21,352","14,723","8,257","1,847","39","53,292","53,292","2,381","4,307","4,667","4,936","6,235","9,587","10,848","6,999","2,905","420","7","52,931","52,931","2,219","3,991","3,624","4,020","5,698","8,340","10,504","7,724","5,352","1,427","32","106,002","106,002","4,576","8,224","8,250","8,942","11,879","17,819","21,317","14,869","8,219","1,867","40","53,193","53,193","2,371","4,274","4,636","4,925","6,207","9,533","10,858","7,062","2,893","426","8","52,809","52,809","2,205","3,950","3,614","4,017","5,672","8,286","10,459","7,807","5,326","1,441","32","105,907","105,907","4,563","8,185","8,238","8,923","11,873","17,772","21,320","14,940","8,173","1,880","40","53,186","53,186","2,372","4,271","4,610","4,915","6,210","9,513","10,876","7,100","2,879","432","8","52,721","52,721","2,191","3,914","3,628","4,008","5,663","8,259","10,444","7,840","5,294","1,448","32","105,807","105,807","4,544","8,156","8,201","8,937","11,810","17,742","21,297","14,995","8,191","1,894","40","53,128","53,128","2,359","4,243","4,602","4,925","6,171","9,489","10,878","7,126","2,893","435","7","52,679","52,679","2,185","3,913","3,599","4,012","5,639","8,253","10,419","7,869","5,298","1,459","33","105,695","105,695","4,534","8,140","8,184","8,934","11,802","17,714","21,245","15,037","8,192","1,874","39","53,108","53,108","2,353","4,225","4,606","4,930","6,164","9,479","10,853","7,156","2,903","432","7","52,587","52,587","2,181","3,915","3,578","4,004","5,638","8,235","10,392","7,881","5,289","1,442","32"
"충청남도 계룡시 (4425000000)","45,784","45,784","3,180","6,095","4,409","5,209","7,817","8,300","6,120","3,103","1,258","288","5","22,780","22,780","1,611","3,159","2,485","2,714","3,774","4,097","2,905","1,521","448","64","2","23,004","23,004","1,569","2,936","1,924","2,495","4,043","4,203","3,215","1,582","810","224","3","45,891","45,891","3,220","6,115","4,375","5,235","7,799","8,318","6,135","3,139","1,260","290","5","22,829","22,829","1,632","3,178","2,462","2,728","3,773","4,088","2,920","1,531","449","66","2","23,062","23,062","1,588","2,937","1,913","2,507","4,026","4,230","3,215","1,608","811","224","3","45,860","45,860","3,232","6,048","4,363","5,275","7,753","8,318","6,152","3,155","1,272","287","5","22,796","22,796","1,628","3,135","2,462","2,748","3,750","4,088","2,929","1,535","454","65","2","23,064","23,064","1,604","2,913","1,901","2,527","4,003","4,230","3,223","1,620","818","222","3","45,859","45,859","3,246","6,016","4,331","5,287","7,736","8,335","6,155","3,202","1,260","286","5","22,791","22,791","1,643","3,119","2,432","2,752","3,752","4,087","2,938","1,555","446","65","2","23,068","23,068","1,603","2,897","1,899","2,535","3,984","4,248","3,217","1,647","814","221","3","45,870","45,870","3,249","6,004","4,351","5,275","7,723","8,326","6,170","3,219","1,263","285","5","22,801","22,801","1,645","3,115","2,447","2,739","3,750","4,085","2,949","1,557","449","63","2","23,069","23,069","1,604","2,889","1,904","2,536","3,973","4,241","3,221","1,662","814","222","3","45,856","45,856","3,238","6,001","4,332","5,256","7,732","8,311","6,190","3,239","1,264","288","5","22,787","22,787","1,646","3,105","2,439","2,730","3,755","4,081","2,959","1,563","446","61","2","23,069","23,069","1,592","2,896","1,893","2,526","3,977","4,230","3,231","1,676","818","227","3"
"충청남도 당진시 (4427000000)","171,970","171,970","11,334","17,073","13,903","20,429","27,481","28,809","26,781","15,739","8,579","1,805","37","92,397","92,397","5,800","8,865","8,242","11,863","15,414","16,394","14,415","7,665","3,234","499","6","79,573","79,573","5,534","8,208","5,661","8,566","12,067","12,415","12,366","8,074","5,345","1,306","31","171,805","171,805","11,256","17,023","13,854","20,319","27,443","28,834","26,840","15,802","8,566","1,831","37","92,336","92,336","5,760","8,865","8,205","11,807","15,403","16,394","14,460","7,712","3,222","503","5","79,469","79,469","5,496","8,158","5,649","8,512","12,040","12,440","12,380","8,090","5,344","1,328","32","171,807","171,807","11,189","16,953","13,797","20,387","27,337","28,807","26,918","15,935","8,560","1,887","37","92,351","92,351","5,712","8,824","8,183","11,836","15,384","16,360","14,520","7,782","3,232","513","5","79,456","79,456","5,477","8,129","5,614","8,551","11,953","12,447","12,398","8,153","5,328","1,374","32","171,850","171,850","11,125","16,942","13,793","20,362","27,269","28,875","26,949","16,037","8,557","1,906","35","92,390","92,390","5,679","8,804","8,181","11,849","15,353","16,390","14,543","7,823","3,243","520","5","79,460","79,460","5,446","8,138","5,612","8,513","11,916","12,485","12,406","8,214","5,314","1,386","30","171,841","171,841","11,069","16,941","13,708","20,375","27,250","28,894","26,938","16,132","8,580","1,919","35","92,408","92,408","5,653","8,809","8,137","11,870","15,350","16,388","14,551","7,862","3,267","516","5","79,433","79,433","5,416","8,132","5,571","8,505","11,900","12,506","12,387","8,270","5,313","1,403","30","171,950","171,950","11,040","16,954","13,698","20,359","27,291","28,919","26,994","16,151","8,585","1,924","35","92,473","92,473","5,635","8,811","8,124","11,860","15,383","16,409","14,584","7,866","3,284","512","5","79,477","79,477","5,405","8,143","5,574","8,499","11,908","12,510","12,410","8,285","5,301","1,412","30"
"충청남도 금산군 (4471000000)","48,657","48,657","1,531","3,896","3,100","2,923","4,834","8,341","11,024","7,713","4,420","859","16","24,754","24,754","763","2,065","1,790","1,580","2,539","4,615","5,851","3,785","1,526","238","2","23,903","23,903","768","1,831","1,310","1,343","2,295","3,726","5,173","3,928","2,894","621","14","48,596","48,596","1,522","3,857","3,080","2,913","4,818","8,315","11,079","7,719","4,403","874","16","24,757","24,757","759","2,062","1,784","1,580","2,529","4,609","5,877","3,790","1,527","238","2","23,839","23,839","763","1,795","1,296","1,333","2,289","3,706","5,202","3,929","2,876","636","14","48,711","48,711","1,498","3,927","3,068","2,912","4,803","8,306","11,109","7,780","4,405","886","17","24,814","24,814","746","2,106","1,774","1,579","2,521","4,605","5,887","3,823","1,533","238","2","23,897","23,897","752","1,821","1,294","1,333","2,282","3,701","5,222","3,957","2,872","648","15","48,826","48,826","1,500","3,912","3,090","2,930","4,796","8,323","11,151","7,824","4,391","893","16","24,878","24,878","748","2,095","1,795","1,581","2,520","4,611","5,915","3,840","1,532","239","2","23,948","23,948","752","1,817","1,295","1,349","2,276","3,712","5,236","3,984","2,859","654","14","48,840","48,840","1,490","3,906","3,085","2,930","4,779","8,341","11,169","7,831","4,401","891","17","24,878","24,878","738","2,087","1,800","1,572","2,506","4,625","5,918","3,851","1,540","239","2","23,962","23,962","752","1,819","1,285","1,358","2,273","3,716","5,251","3,980","2,861","652","15","48,806","48,806","1,462","3,920","3,083","2,921","4,760","8,321","11,183","7,852","4,394","893","17","24,851","24,851","731","2,093","1,793","1,567","2,494","4,592","5,933","3,862","1,546","238","2","23,955","23,955","731","1,827","1,290","1,354","2,266","3,729","5,250","3,990","2,848","655","15"
"충청남도 부여군 (4476000000)","58,102","58,102","1,620","3,793","3,573","3,427","5,346","9,043","13,382","10,140","6,271","1,469","38","28,960","28,960","858","2,028","1,991","1,886","2,917","4,934","6,857","4,804","2,297","382","6","29,142","29,142","762","1,765","1,582","1,541","2,429","4,109","6,525","5,336","3,974","1,087","32","57,916","57,916","1,582","3,761","3,519","3,359","5,336","9,054","13,330","10,211","6,246","1,482","36","28,866","28,866","838","2,017","1,968","1,849","2,911","4,939","6,825","4,839","2,291","382","7","29,050","29,050","744","1,744","1,551","1,510","2,425","4,115","6,505","5,372","3,955","1,100","29","57,867","57,867","1,560","3,766","3,495","3,363","5,313","9,046","13,260","10,300","6,240","1,487","37","28,846","28,846","824","2,021","1,954","1,850","2,895","4,937","6,773","4,905","2,301","380","6","29,021","29,021","736","1,745","1,541","1,513","2,418","4,109","6,487","5,395","3,939","1,107","31","57,789","57,789","1,539","3,756","3,474","3,364","5,294","9,028","13,231","10,373","6,203","1,490","37","28,807","28,807","809","2,016","1,949","1,839","2,893","4,914","6,756","4,950","2,294","380","7","28,982","28,982","730","1,740","1,525","1,525","2,401","4,114","6,475","5,423","3,909","1,110","30","57,706","57,706","1,519","3,740","3,475","3,343","5,286","8,991","13,200","10,434","6,169","1,513","36","28,766","28,766","795","2,010","1,961","1,821","2,884","4,899","6,744","4,978","2,281","386","7","28,940","28,940","724","1,730","1,514","1,522","2,402","4,092","6,456","5,456","3,888","1,127","29","57,648","57,648","1,514","3,724","3,454","3,344","5,279","8,988","13,149","10,459","6,184","1,516","37","28,736","28,736","793","2,004","1,948","1,819","2,884","4,888","6,728","4,998","2,281","386","7","28,912","28,912","721","1,720","1,506","1,525","2,395","4,100","6,421","5,461","3,903","1,130","30"
"충청남도 서천군 (4477000000)","47,023","47,023","1,398","2,793","2,797","2,761","4,292","7,387","10,445","8,639","5,268","1,228","15","23,383","23,383","714","1,439","1,594","1,560","2,371","4,053","5,403","4,062","1,892","293","2","23,640","23,640","684","1,354","1,203","1,201","1,921","3,334","5,042","4,577","3,376","935","13","46,926","46,926","1,394","2,767","2,780","2,725","4,244","7,405","10,405","8,696","5,249","1,247","14","23,358","23,358","712","1,428","1,593","1,543","2,340","4,069","5,374","4,099","1,896","302","2","23,568","23,568","682","1,339","1,187","1,182","1,904","3,336","5,031","4,597","3,353","945","12","46,834","46,834","1,374","2,765","2,748","2,727","4,207","7,369","10,390","8,755","5,226","1,258","15","23,307","23,307","698","1,425","1,573","1,535","2,324","4,051","5,361","4,141","1,893","304","2","23,527","23,527","676","1,340","1,175","1,192","1,883","3,318","5,029","4,614","3,333","954","13","46,749","46,749","1,361","2,754","2,723","2,716","4,177","7,368","10,387","8,800","5,184","1,264","15","23,269","23,269","691","1,417","1,559","1,531","2,308","4,041","5,366","4,162","1,879","313","2","23,480","23,480","670","1,337","1,164","1,185","1,869","3,327","5,021","4,638","3,305","951","13","46,699","46,699","1,345","2,754","2,697","2,719","4,168","7,352","10,384","8,824","5,178","1,260","18","23,241","23,241","679","1,423","1,547","1,532","2,297","4,029","5,373","4,164","1,885","310","2","23,458","23,458","666","1,331","1,150","1,187","1,871","3,323","5,011","4,660","3,293","950","16","46,619","46,619","1,325","2,750","2,680","2,704","4,168","7,360","10,370","8,823","5,164","1,258","17","23,207","23,207","670","1,422","1,533","1,525","2,301","4,029","5,375","4,159","1,882","309","2","23,412","23,412","655","1,328","1,147","1,179","1,867","3,331","4,995","4,664","3,282","949","15"
"충청남도 청양군 (4479000000)","29,889","29,889","812","1,827","2,248","1,736","2,541","4,675","7,077","5,031","3,181","754","7","15,335","15,335","402","962","1,343","978","1,458","2,656","3,683","2,520","1,125","205","3","14,554","14,554","410","865","905","758","1,083","2,019","3,394","2,511","2,056","549","4","29,848","29,848","813","1,821","2,198","1,724","2,520","4,682","7,079","5,071","3,165","768","7","15,326","15,326","405","971","1,304","975","1,440","2,669","3,687","2,538","1,124","210","3","14,522","14,522","408","850","894","749","1,080","2,013","3,392","2,533","2,041","558","4","30,004","30,004","799","1,941","2,222","1,729","2,515","4,681","7,065","5,114","3,146","784","8","15,422","15,422","400","1,038","1,325","974","1,429","2,674","3,680","2,561","1,126","212","3","14,582","14,582","399","903","897","755","1,086","2,007","3,385","2,553","2,020","572","5","30,015","30,015","806","1,928","2,211","1,740","2,506","4,687","7,076","5,131","3,133","789","8","15,429","15,429","405","1,027","1,321","981","1,427","2,660","3,698","2,572","1,122","213","3","14,586","14,586","401","901","890","759","1,079","2,027","3,378","2,559","2,011","576","5","30,008","30,008","810","1,911","2,198","1,731","2,519","4,658","7,088","5,172","3,116","797","8","15,441","15,441","407","1,019","1,318","977","1,432","2,646","3,714","2,591","1,116","218","3","14,567","14,567","403","892","880","754","1,087","2,012","3,374","2,581","2,000","579","5","29,978","29,978","805","1,889","2,200","1,740","2,521","4,631","7,090","5,183","3,116","795","8","15,431","15,431","402","1,007","1,313","984","1,438","2,627","3,732","2,587","1,117","221","3","14,547","14,547","403","882","887","756","1,083","2,004","3,358","2,596","1,999","574","5"
"충청남도 홍성군 (4480000000)","100,598","100,598","6,007","9,440","8,285","10,490","13,158","16,165","17,118","11,766","6,646","1,499","24","50,423","50,423","3,077","4,867","4,575","5,667","6,706","8,608","8,603","5,598","2,336","383","3","50,175","50,175","2,930","4,573","3,710","4,823","6,452","7,557","8,515","6,168","4,310","1,116","21","100,803","100,803","6,043","9,431","8,281","10,509","13,203","16,196","17,118","11,857","6,610","1,532","23","50,511","50,511","3,095","4,857","4,580","5,679","6,715","8,624","8,600","5,641","2,328","389","3","50,292","50,292","2,948","4,574","3,701","4,830","6,488","7,572","8,518","6,216","4,282","1,143","20","100,904","100,904","6,028","9,441","8,201","10,572","13,186","16,200","17,146","11,929","6,595","1,583","23","50,555","50,555","3,093","4,854","4,529","5,710","6,717","8,614","8,628","5,667","2,330","410","3","50,349","50,349","2,935","4,587","3,672","4,862","6,469","7,586","8,518","6,262","4,265","1,173","20","101,100","101,100","6,016","9,457","8,231","10,610","13,187","16,232","17,175","11,989","6,592","1,588","23","50,662","50,662","3,096","4,871","4,531","5,726","6,708","8,634","8,643","5,702","2,335","413","3","50,438","50,438","2,920","4,586","3,700","4,884","6,479","7,598","8,532","6,287","4,257","1,175","20","101,201","101,201","6,012","9,455","8,231","10,627","13,214","16,257","17,166","12,045","6,581","1,588","25","50,714","50,714","3,091","4,862","4,532","5,740","6,728","8,640","8,640","5,720","2,343","414","4","50,487","50,487","2,921","4,593","3,699","4,887","6,486","7,617","8,526","6,325","4,238","1,174","21","101,323","101,323","5,998","9,464","8,233","10,650","13,238","16,260","17,213","12,063","6,590","1,589","25","50,782","50,782","3,083","4,860","4,525","5,750","6,736","8,654","8,679","5,724","2,350","417","4","50,541","50,541","2,915","4,604","3,708","4,900","6,502","7,606","8,534","6,339","4,240","1,172","21"
"충청남도 예산군 (4481000000)","78,486","78,486","3,225","5,483","5,429","6,535","8,406","12,797","16,376","11,884","6,855","1,465","31","39,468","39,468","1,617","2,894","3,050","3,530","4,505","6,972","8,306","5,717","2,500","374","3","39,018","39,018","1,608","2,589","2,379","3,005","3,901","5,825","8,070","6,167","4,355","1,091","28","78,413","78,413","3,218","5,460","5,409","6,501","8,353","12,765","16,396","11,977","6,821","1,480","33","39,440","39,440","1,622","2,875","3,042","3,513","4,496","6,951","8,302","5,765","2,492","378","4","38,973","38,973","1,596","2,585","2,367","2,988","3,857","5,814","8,094","6,212","4,329","1,102","29","78,369","78,369","3,192","5,462","5,384","6,493","8,330","12,726","16,370","12,058","6,823","1,497","34","39,423","39,423","1,612","2,885","3,033","3,504","4,470","6,930","8,300","5,801","2,504","380","4","38,946","38,946","1,580","2,577","2,351","2,989","3,860","5,796","8,070","6,257","4,319","1,117","30","78,232","78,232","3,176","5,442","5,350","6,487","8,279","12,704","16,358","12,111","6,790","1,501","34","39,338","39,338","1,608","2,862","3,023","3,490","4,445","6,925","8,289","5,825","2,490","377","4","38,894","38,894","1,568","2,580","2,327","2,997","3,834","5,779","8,069","6,286","4,300","1,124","30","78,105","78,105","3,162","5,423","5,297","6,479","8,260","12,674","16,333","12,167","6,772","1,503","35","39,270","39,270","1,604","2,848","2,991","3,479","4,435","6,908","8,289","5,849","2,487","377","3","38,835","38,835","1,558","2,575","2,306","3,000","3,825","5,766","8,044","6,318","4,285","1,126","32","78,087","78,087","3,160","5,395","5,297","6,474","8,261","12,677","16,326","12,194","6,771","1,497","35","39,267","39,267","1,603","2,845","2,984","3,480","4,432","6,920","8,282","5,853","2,484","381","3","38,820","38,820","1,557","2,550","2,313","2,994","3,829","5,757","8,044","6,341","4,287","1,116","32"
"충청남도 태안군 (4482500000)","59,169","59,169","1,936","3,693","3,811","3,916","6,209","9,774","13,483","9,879","5,313","1,134","21","29,958","29,958","992","1,893","2,226","2,253","3,406","5,314","6,783","4,818","2,022","247","4","29,211","29,211","944","1,800","1,585","1,663","2,803","4,460","6,700","5,061","3,291","887","17","58,967","58,967","1,898","3,667","3,767","3,850","6,139","9,773","13,464","9,930","5,319","1,138","22","29,874","29,874","975","1,884","2,195","2,220","3,377","5,314","6,786","4,840","2,033","246","4","29,093","29,093","923","1,783","1,572","1,630","2,762","4,459","6,678","5,090","3,286","892","18","58,974","58,974","1,883","3,645","3,777","3,864","6,092","9,745","13,458","9,977","5,348","1,164","21","29,892","29,892","970","1,866","2,205","2,237","3,344","5,316","6,790","4,855","2,054","252","3","29,082","29,082","913","1,779","1,572","1,627","2,748","4,429","6,668","5,122","3,294","912","18","58,930","58,930","1,869","3,626","3,768","3,856","6,064","9,720","13,473","10,041","5,315","1,177","21","29,874","29,874","961","1,852","2,205","2,227","3,331","5,312","6,802","4,879","2,042","260","3","29,056","29,056","908","1,774","1,563","1,629","2,733","4,408","6,671","5,162","3,273","917","18","58,884","58,884","1,845","3,627","3,736","3,857","6,030","9,704","13,469","10,078","5,333","1,184","21","29,863","29,863","942","1,855","2,188","2,235","3,316","5,301","6,807","4,893","2,063","260","3","29,021","29,021","903","1,772","1,548","1,622","2,714","4,403","6,662","5,185","3,270","924","18","58,841","58,841","1,827","3,642","3,728","3,839","6,020","9,686","13,452","10,094","5,352","1,181","20","29,848","29,848","939","1,860","2,181","2,238","3,308","5,295","6,794","4,902","2,068","260","3","28,993","28,993","888","1,782","1,547","1,601","2,712","4,391","6,658","5,192","3,284","921","17"
"전북특별자치도  (5200000000)","1,718,536","1,718,536","87,328","159,266","171,002","172,026","225,309","297,011","290,693","192,285","102,726","20,445","445","855,737","855,737","44,511","82,207","92,853","90,450","114,928","153,826","146,250","89,469","36,445","4,746","52","862,799","862,799","42,817","77,059","78,149","81,576","110,381","143,185","144,443","102,816","66,281","15,699","393","1,717,009","1,717,009","86,788","158,886","170,013","171,441","224,852","296,945","291,331","193,032","102,589","20,680","452","855,217","855,217","44,218","82,062","92,346","90,216","114,770","153,794","146,585","89,876","36,494","4,799","57","861,792","861,792","42,570","76,824","77,667","81,225","110,082","143,151","144,746","103,156","66,095","15,881","395","1,715,911","1,715,911","86,264","158,688","169,132","171,873","223,765","296,028","292,162","194,160","102,480","20,908","451","854,825","854,825","43,991","81,966","91,886","90,507","114,199","153,287","147,101","90,467","36,511","4,857","53","861,086","861,086","42,273","76,722","77,246","81,366","109,566","142,741","145,061","103,693","65,969","16,051","398","1,715,345","1,715,345","85,847","158,461","168,640","172,141","222,961","295,850","292,754","194,674","102,458","21,110","449","854,647","854,647","43,809","81,807","91,595","90,710","113,760","153,236","147,412","90,742","36,602","4,921","53","860,698","860,698","42,038","76,654","77,045","81,431","109,201","142,614","145,342","103,932","65,856","16,189","396","1,714,602","1,714,602","85,362","158,226","168,149","172,270","222,268","295,501","293,107","195,174","102,810","21,282","453","854,293","854,293","43,561","81,658","91,309","90,848","113,443","152,949","147,699","90,957","36,838","4,976","55","860,309","860,309","41,801","76,568","76,840","81,422","108,825","142,552","145,408","104,217","65,972","16,306","398","1,713,817","1,713,817","85,041","157,988","167,715","172,317","222,198","295,060","293,177","195,493","103,084","21,286","458","853,833","853,833","43,363","81,562","91,063","90,844","113,392","152,723","147,719","91,158","36,970","4,984","55","859,984","859,984","41,678","76,426","76,652","81,473","108,806","142,337","145,458","104,335","66,114","16,302","403"
"전북특별자치도 전주시 (5211000000)","622,520","622,520","36,567","66,146","76,118","74,389","91,456","107,450","88,311","53,255","24,397","4,355","76","305,113","305,113","18,687","33,872","40,028","38,575","44,901","52,754","41,950","23,907","9,280","1,150","9","317,407","317,407","17,880","32,274","36,090","35,814","46,555","54,696","46,361","29,348","15,117","3,205","67","621,725","621,725","36,256","66,084","75,788","74,064","91,318","107,354","88,521","53,486","24,403","4,373","78","304,789","304,789","18,526","33,846","39,882","38,473","44,862","52,693","42,029","24,019","9,300","1,150","9","316,936","316,936","17,730","32,238","35,906","35,591","46,456","54,661","46,492","29,467","15,103","3,223","69","621,222","621,222","36,033","66,003","75,586","74,152","90,839","107,066","88,732","53,858","24,438","4,432","83","304,590","304,590","18,414","33,795","39,800","38,571","44,657","52,544","42,121","24,192","9,330","1,156","10","316,632","316,632","17,619","32,208","35,786","35,581","46,182","54,522","46,611","29,666","15,108","3,276","73","620,566","620,566","35,835","65,894","75,289","74,193","90,510","106,936","88,849","54,025","24,488","4,465","82","304,248","304,248","18,319","33,720","39,627","38,612","44,496","52,515","42,180","24,233","9,362","1,173","11","316,318","316,318","17,516","32,174","35,662","35,581","46,014","54,421","46,669","29,792","15,126","3,292","71","620,112","620,112","35,608","65,804","75,068","74,208","90,225","106,857","88,938","54,185","24,636","4,498","85","304,000","304,000","18,190","33,667","39,525","38,607","44,381","52,460","42,236","24,302","9,435","1,185","12","316,112","316,112","17,418","32,137","35,543","35,601","45,844","54,397","46,702","29,883","15,201","3,313","73","619,235","619,235","35,490","65,644","74,750","74,081","90,169","106,644","88,855","54,249","24,761","4,507","85","303,516","303,516","18,106","33,608","39,330","38,519","44,361","52,365","42,183","24,344","9,505","1,184","11","315,719","315,719","17,384","32,036","35,420","35,562","45,808","54,279","46,672","29,905","15,256","3,323","74"
"전북특별자치도 전주시 완산구 (5211100000)","314,810","314,810","16,033","31,164","38,838","36,316","43,390","56,069","48,248","29,273","12,977","2,457","45","152,353","152,353","8,228","16,027","20,183","18,797","21,085","26,849","22,518","13,200","4,837","624","5","162,457","162,457","7,805","15,137","18,655","17,519","22,305","29,220","25,730","16,073","8,140","1,833","40","314,236","314,236","15,852","31,073","38,570","36,233","43,302","55,942","48,371","29,405","12,978","2,463","47","152,110","152,110","8,149","15,975","20,057","18,798","21,062","26,758","22,571","13,263","4,850","622","5","162,126","162,126","7,703","15,098","18,513","17,435","22,240","29,184","25,800","16,142","8,128","1,841","42","313,761","313,761","15,733","30,971","38,358","36,308","43,046","55,719","48,469","29,599","13,008","2,499","51","151,907","151,907","8,085","15,904","19,962","18,886","20,953","26,632","22,650","13,338","4,872","619","6","161,854","161,854","7,648","15,067","18,396","17,422","22,093","29,087","25,819","16,261","8,136","1,880","45","313,438","313,438","15,619","30,940","38,192","36,383","42,882","55,592","48,507","29,706","13,048","2,519","50","151,746","151,746","8,025","15,869","19,877","18,942","20,876","26,591","22,665","13,376","4,890","628","7","161,692","161,692","7,594","15,071","18,315","17,441","22,006","29,001","25,842","16,330","8,158","1,891","43","313,085","313,085","15,504","30,911","37,986","36,362","42,758","55,496","48,559","29,804","13,122","2,532","51","151,570","151,570","7,962","15,846","19,779","18,933","20,820","26,552","22,694","13,410","4,935","632","7","161,515","161,515","7,542","15,065","18,207","17,429","21,938","28,944","25,865","16,394","8,187","1,900","44","312,588","312,588","15,417","30,829","37,820","36,268","42,717","55,352","48,576","29,838","13,184","2,536","51","151,335","151,335","7,900","15,828","19,685","18,896","20,795","26,494","22,686","13,437","4,979","628","7","161,253","161,253","7,517","15,001","18,135","17,372","21,922","28,858","25,890","16,401","8,205","1,908","44"
"전북특별자치도 전주시 덕진구 (5211300000)","307,710","307,710","20,534","34,982","37,280","38,073","48,066","51,381","40,063","23,982","11,420","1,898","31","152,760","152,760","10,459","17,845","19,845","19,778","23,816","25,905","19,432","10,707","4,443","526","4","154,950","154,950","10,075","17,137","17,435","18,295","24,250","25,476","20,631","13,275","6,977","1,372","27","307,489","307,489","20,404","35,011","37,218","37,831","48,016","51,412","40,150","24,081","11,425","1,910","31","152,679","152,679","10,377","17,871","19,825","19,675","23,800","25,935","19,458","10,756","4,450","528","4","154,810","154,810","10,027","17,140","17,393","18,156","24,216","25,477","20,692","13,325","6,975","1,382","27","307,461","307,461","20,300","35,032","37,228","37,844","47,793","51,347","40,263","24,259","11,430","1,933","32","152,683","152,683","10,329","17,891","19,838","19,685","23,704","25,912","19,471","10,854","4,458","537","4","154,778","154,778","9,971","17,141","17,390","18,159","24,089","25,435","20,792","13,405","6,972","1,396","28","307,128","307,128","20,216","34,954","37,097","37,810","47,628","51,344","40,342","24,319","11,440","1,946","32","152,502","152,502","10,294","17,851","19,750","19,670","23,620","25,924","19,515","10,857","4,472","545","4","154,626","154,626","9,922","17,103","17,347","18,140","24,008","25,420","20,827","13,462","6,968","1,401","28","307,027","307,027","20,104","34,893","37,082","37,846","47,467","51,361","40,379","24,381","11,514","1,966","34","152,430","152,430","10,228","17,821","19,746","19,674","23,561","25,908","19,542","10,892","4,500","553","5","154,597","154,597","9,876","17,072","17,336","18,172","23,906","25,453","20,837","13,489","7,014","1,413","29","306,647","306,647","20,073","34,815","36,930","37,813","47,452","51,292","40,279","24,411","11,577","1,971","34","152,181","152,181","10,206","17,780","19,645","19,623","23,566","25,871","19,497","10,907","4,526","556","4","154,466","154,466","9,867","17,035","17,285","18,190","23,886","25,421","20,782","13,504","7,051","1,415","30"
"전북특별자치도 군산시 (5213000000)","255,310","255,310","13,878","25,165","23,891","25,739","37,653","45,446","41,683","27,323","12,301","2,184","47","129,483","129,483","6,993","12,970","13,361","13,783","19,626","23,938","20,938","12,831","4,526","513","4","125,827","125,827","6,885","12,195","10,530","11,956","18,027","21,508","20,745","14,492","7,775","1,671","43","255,071","255,071","13,759","25,100","23,746","25,612","37,610","45,470","41,785","27,423","12,298","2,220","48","129,403","129,403","6,935","12,954","13,294","13,714","19,635","23,932","20,992","12,876","4,537","529","5","125,668","125,668","6,824","12,146","10,452","11,898","17,975","21,538","20,793","14,547","7,761","1,691","43","254,754","254,754","13,659","25,016","23,540","25,673","37,463","45,339","41,883","27,576","12,312","2,248","45","129,236","129,236","6,896","12,908","13,162","13,781","19,535","23,855","21,068","12,945","4,548","535","3","125,518","125,518","6,763","12,108","10,378","11,892","17,928","21,484","20,815","14,631","7,764","1,713","42","254,808","254,808","13,583","24,992","23,503","25,733","37,354","45,375","41,962","27,644","12,343","2,275","44","129,285","129,285","6,847","12,891","13,172","13,804","19,468","23,897","21,090","12,982","4,583","548","3","125,523","125,523","6,736","12,101","10,331","11,929","17,886","21,478","20,872","14,662","7,760","1,727","41","254,862","254,862","13,498","24,972","23,501","25,771","37,275","45,355","42,025","27,713","12,425","2,280","47","129,359","129,359","6,799","12,877","13,190","13,865","19,431","23,855","21,153","12,998","4,644","543","4","125,503","125,503","6,699","12,095","10,311","11,906","17,844","21,500","20,872","14,715","7,781","1,737","43","254,797","254,797","13,427","24,970","23,463","25,746","37,234","45,327","42,045","27,758","12,506","2,274","47","129,293","129,293","6,758","12,877","13,168","13,839","19,403","23,831","21,155","13,033","4,675","550","4","125,504","125,504","6,669","12,093","10,295","11,907","17,831","21,496","20,890","14,725","7,831","1,724","43"
"전북특별자치도 익산시 (5214000000)","265,894","265,894","12,858","24,512","28,367","27,065","34,111","47,230","46,037","28,763","14,135","2,759","57","132,151","132,151","6,490","12,548","15,503","14,404","17,405","23,888","22,911","13,372","5,004","620","6","133,743","133,743","6,368","11,964","12,864","12,661","16,706","23,342","23,126","15,391","9,131","2,139","51","265,733","265,733","12,789","24,454","28,233","27,019","34,029","47,187","46,133","28,915","14,140","2,779","55","132,077","132,077","6,450","12,509","15,423","14,390","17,373","23,863","22,966","13,453","5,017","626","7","133,656","133,656","6,339","11,945","12,810","12,629","16,656","23,324","23,167","15,462","9,123","2,153","48","265,909","265,909","12,724","24,554","28,244","27,128","33,902","47,033","46,243","29,074","14,135","2,819","53","132,204","132,204","6,431","12,556","15,420","14,465","17,301","23,782","23,054","13,532","5,018","639","6","133,705","133,705","6,293","11,998","12,824","12,663","16,601","23,251","23,189","15,542","9,117","2,180","47","265,887","265,887","12,668","24,523","28,179","27,210","33,762","47,034","46,259","29,221","14,142","2,834","55","132,195","132,195","6,420","12,523","15,352","14,530","17,234","23,784","23,038","13,635","5,035","638","6","133,692","133,692","6,248","12,000","12,827","12,680","16,528","23,250","23,221","15,586","9,107","2,196","49","265,762","265,762","12,581","24,502","28,127","27,224","33,650","46,968","46,282","29,340","14,187","2,847","54","132,124","132,124","6,371","12,511","15,291","14,576","17,189","23,734","23,044","13,688","5,070","644","6","133,638","133,638","6,210","11,991","12,836","12,648","16,461","23,234","23,238","15,652","9,117","2,203","48","265,701","265,701","12,528","24,462","28,082","27,285","33,649","46,857","46,289","29,413","14,237","2,844","55","132,070","132,070","6,336","12,487","15,258","14,621","17,171","23,687","23,042","13,736","5,084","642","6","133,631","133,631","6,192","11,975","12,824","12,664","16,478","23,170","23,247","15,677","9,153","2,202","49"
"전북특별자치도 정읍시 (5218000000)","100,884","100,884","4,175","8,121","8,219","7,900","11,450","17,751","19,133","13,660","8,524","1,916","35","50,408","50,408","2,159","4,268","4,625","4,267","5,961","9,499","10,002","6,268","2,928","427","4","50,476","50,476","2,016","3,853","3,594","3,633","5,489","8,252","9,131","7,392","5,596","1,489","31","100,739","100,739","4,155","8,095","8,112","7,898","11,400","17,751","19,186","13,669","8,513","1,925","35","50,376","50,376","2,151","4,260","4,574","4,272","5,933","9,510","10,042","6,272","2,933","425","4","50,363","50,363","2,004","3,835","3,538","3,626","5,467","8,241","9,144","7,397","5,580","1,500","31","100,554","100,554","4,119","8,046","7,993","7,929","11,325","17,709","19,251","13,723","8,489","1,933","37","50,296","50,296","2,136","4,227","4,511","4,289","5,886","9,496","10,080","6,301","2,938","428","4","50,258","50,258","1,983","3,819","3,482","3,640","5,439","8,213","9,171","7,422","5,551","1,505","33","100,479","100,479","4,108","8,034","7,968","7,929","11,274","17,661","19,326","13,728","8,462","1,952","37","50,244","50,244","2,134","4,213","4,482","4,293","5,848","9,470","10,126","6,301","2,944","429","4","50,235","50,235","1,974","3,821","3,486","3,636","5,426","8,191","9,200","7,427","5,518","1,523","33","100,441","100,441","4,097","7,998","7,945","7,938","11,239","17,652","19,355","13,731","8,487","1,965","34","50,211","50,211","2,122","4,194","4,463","4,293","5,822","9,460","10,157","6,298","2,964","434","4","50,230","50,230","1,975","3,804","3,482","3,645","5,417","8,192","9,198","7,433","5,523","1,531","30","100,498","100,498","4,068","8,006","7,937","7,959","11,263","17,648","19,382","13,745","8,501","1,954","35","50,236","50,236","2,112","4,191","4,460","4,292","5,827","9,468","10,181","6,305","2,963","433","4","50,262","50,262","1,956","3,815","3,477","3,667","5,436","8,180","9,201","7,440","5,538","1,521","31"
"전북특별자치도 남원시 (5219000000)","74,201","74,201","3,192","6,035","5,570","5,403","8,093","13,253","14,172","10,572","6,429","1,445","37","36,431","36,431","1,637","3,192","3,084","2,822","4,068","6,945","7,289","4,949","2,139","299","7","37,770","37,770","1,555","2,843","2,486","2,581","4,025","6,308","6,883","5,623","4,290","1,146","30","74,081","74,081","3,166","5,986","5,530","5,375","8,057","13,246","14,182","10,606","6,411","1,484","38","36,387","36,387","1,617","3,181","3,057","2,812","4,043","6,960","7,287","4,974","2,137","311","8","37,694","37,694","1,549","2,805","2,473","2,563","4,014","6,286","6,895","5,632","4,274","1,173","30","73,910","73,910","3,144","5,942","5,425","5,401","8,013","13,172","14,232","10,657","6,403","1,479","42","36,332","36,332","1,605","3,167","3,005","2,825","4,029","6,921","7,325","4,998","2,142","307","8","37,578","37,578","1,539","2,775","2,420","2,576","3,984","6,251","6,907","5,659","4,261","1,172","34","73,901","73,901","3,118","5,939","5,405","5,405","7,965","13,183","14,274","10,672","6,403","1,497","40","36,345","36,345","1,595","3,168","2,996","2,838","3,998","6,931","7,351","5,001","2,148","312","7","37,556","37,556","1,523","2,771","2,409","2,567","3,967","6,252","6,923","5,671","4,255","1,185","33","73,781","73,781","3,089","5,914","5,344","5,408","7,913","13,158","14,295","10,692","6,422","1,504","42","36,276","36,276","1,581","3,157","2,962","2,837","3,976","6,910","7,368","5,014","2,152","312","7","37,505","37,505","1,508","2,757","2,382","2,571","3,937","6,248","6,927","5,678","4,270","1,192","35","73,656","73,656","3,097","5,902","5,288","5,404","7,902","13,098","14,269","10,709","6,437","1,509","41","36,217","36,217","1,582","3,149","2,940","2,836","3,974","6,877","7,363","5,008","2,164","317","7","37,439","37,439","1,515","2,753","2,348","2,568","3,928","6,221","6,906","5,701","4,273","1,192","34"
"전북특별자치도 김제시 (5221000000)","81,644","81,644","3,438","5,676","6,300","6,824","8,671","13,225","16,391","11,939","7,389","1,753","38","40,921","40,921","1,746","2,957","3,526","3,604","4,743","7,407","8,525","5,577","2,453","376","7","40,723","40,723","1,692","2,719","2,774","3,220","3,928","5,818","7,866","6,362","4,936","1,377","31","81,562","81,562","3,437","5,638","6,259","6,801","8,647","13,224","16,406","11,980","7,358","1,771","41","40,883","40,883","1,745","2,927","3,508","3,594","4,728","7,404","8,538","5,601","2,449","380","9","40,679","40,679","1,692","2,711","2,751","3,207","3,919","5,820","7,868","6,379","4,909","1,391","32","81,532","81,532","3,441","5,617","6,191","6,880","8,584","13,194","16,415","12,061","7,316","1,793","40","40,853","40,853","1,748","2,913","3,470","3,625","4,689","7,377","8,544","5,653","2,446","380","8","40,679","40,679","1,693","2,704","2,721","3,255","3,895","5,817","7,871","6,408","4,870","1,413","32","81,572","81,572","3,455","5,605","6,185","6,922","8,565","13,173","16,449","12,082","7,295","1,801","40","40,909","40,909","1,762","2,906","3,469","3,649","4,686","7,362","8,568","5,668","2,444","387","8","40,663","40,663","1,693","2,699","2,716","3,273","3,879","5,811","7,881","6,414","4,851","1,414","32","81,478","81,478","3,473","5,582","6,142","6,921","8,529","13,120","16,445","12,110","7,298","1,819","39","40,861","40,861","1,773","2,888","3,441","3,644","4,673","7,326","8,574","5,689","2,452","393","8","40,617","40,617","1,700","2,694","2,701","3,277","3,856","5,794","7,871","6,421","4,846","1,426","31","81,443","81,443","3,477","5,582","6,120","6,937","8,523","13,096","16,406","12,132","7,314","1,817","39","40,839","40,839","1,769","2,889","3,422","3,650","4,671","7,311","8,560","5,702","2,463","394","8","40,604","40,604","1,708","2,693","2,698","3,287","3,852","5,785","7,846","6,430","4,851","1,423","31"
"전북특별자치도 완주군 (5271000000)","100,146","100,146","5,736","8,684","8,687","11,280","13,120","16,862","17,528","11,145","5,836","1,237","31","51,454","51,454","2,938","4,521","4,801","5,888","6,877","9,234","9,251","5,601","2,055","286","2","48,692","48,692","2,798","4,163","3,886","5,392","6,243","7,628","8,277","5,544","3,781","951","29","100,133","100,133","5,724","8,638","8,613","11,265","13,085","16,902","17,564","11,222","5,844","1,245","31","51,477","51,477","2,932","4,500","4,766","5,884","6,870","9,251","9,268","5,651","2,065","288","2","48,656","48,656","2,792","4,138","3,847","5,381","6,215","7,651","8,296","5,571","3,779","957","29","99,899","99,899","5,692","8,597","8,495","11,247","13,009","16,824","17,631","11,286","5,836","1,251","31","51,326","51,326","2,915","4,462","4,716","5,868","6,818","9,179","9,321","5,687","2,065","293","2","48,573","48,573","2,777","4,135","3,779","5,379","6,191","7,645","8,310","5,599","3,771","958","29","99,876","99,876","5,664","8,585","8,481","11,247","12,989","16,808","17,651","11,321","5,840","1,257","33","51,333","51,333","2,897","4,456","4,721","5,875","6,794","9,164","9,345","5,709","2,074","296","2","48,543","48,543","2,767","4,129","3,760","5,372","6,195","7,644","8,306","5,612","3,766","961","31","99,815","99,815","5,617","8,604","8,433","11,262","12,959","16,773","17,658","11,365","5,833","1,278","33","51,293","51,293","2,889","4,453","4,692","5,877","6,790","9,110","9,372","5,721","2,086","301","2","48,522","48,522","2,728","4,151","3,741","5,385","6,169","7,663","8,286","5,644","3,747","977","31","99,885","99,885","5,584","8,593","8,467","11,291","12,941","16,761","17,683","11,400","5,851","1,279","35","51,306","51,306","2,873","4,445","4,724","5,892","6,774","9,090","9,370","5,733","2,107","296","2","48,579","48,579","2,711","4,148","3,743","5,399","6,167","7,671","8,313","5,667","3,744","983","33"
"전북특별자치도 진안군 (5272000000)","24,233","24,233","820","1,475","1,535","1,367","2,048","4,040","5,703","4,091","2,602","533","19","12,409","12,409","422","738","873","679","1,121","2,292","3,172","2,045","945","120","2","11,824","11,824","398","737","662","688","927","1,748","2,531","2,046","1,657","413","17","24,238","24,238","817","1,481","1,521","1,357","2,051","4,016","5,728","4,107","2,605","536","19","12,415","12,415","421","741","869","672","1,119","2,279","3,185","2,054","951","122","2","11,823","11,823","396","740","652","685","932","1,737","2,543","2,053","1,654","414","17","24,268","24,268","813","1,471","1,515","1,355","2,056","4,000","5,770","4,130","2,590","548","20","12,413","12,413","419","735","862","666","1,115","2,270","3,209","2,063","944","128","2","11,855","11,855","394","736","653","689","941","1,730","2,561","2,067","1,646","420","18","24,321","24,321","814","1,476","1,504","1,354","2,057","4,003","5,809","4,137","2,584","563","20","12,445","12,445","422","737","859","669","1,111","2,271","3,233","2,067","941","133","2","11,876","11,876","392","739","645","685","946","1,732","2,576","2,070","1,643","430","18","24,362","24,362","821","1,462","1,512","1,365","2,047","4,003","5,831","4,138","2,592","572","19","12,467","12,467","428","736","857","674","1,100","2,270","3,247","2,066","950","137","2","11,895","11,895","393","726","655","691","947","1,733","2,584","2,072","1,642","435","17","24,631","24,631","826","1,471","1,549","1,407","2,057","4,052","5,917","4,162","2,593","579","18","12,584","12,584","429","744","874","703","1,107","2,282","3,274","2,081","946","142","2","12,047","12,047","397","727","675","704","950","1,770","2,643","2,081","1,647","437","16"
"전북특별자치도 무주군 (5273000000)","22,744","22,744","698","1,649","1,442","1,421","2,212","3,851","4,974","3,556","2,442","486","13","11,433","11,433","348","859","798","787","1,190","2,152","2,678","1,671","834","114","2","11,311","11,311","350","790","644","634","1,022","1,699","2,296","1,885","1,608","372","11","22,838","22,838","701","1,651","1,443","1,432","2,205","3,873","5,009","3,572","2,444","494","14","11,473","11,473","350","855","795","788","1,185","2,167","2,693","1,684","836","118","2","11,365","11,365","351","796","648","644","1,020","1,706","2,316","1,888","1,608","376","12","23,030","23,030","694","1,655","1,462","1,473","2,214","3,891","5,085","3,606","2,431","506","13","11,592","11,592","349","854","804","808","1,190","2,189","2,741","1,703","831","122","1","11,438","11,438","345","801","658","665","1,024","1,702","2,344","1,903","1,600","384","12","23,121","23,121","690","1,655","1,470","1,496","2,218","3,892","5,141","3,601","2,426","517","15","11,638","11,638","347","857","812","811","1,195","2,186","2,774","1,701","831","123","1","11,483","11,483","343","798","658","685","1,023","1,706","2,367","1,900","1,595","394","14","23,166","23,166","686","1,652","1,480","1,504","2,221","3,892","5,161","3,603","2,427","525","15","11,669","11,669","346","856","819","814","1,196","2,190","2,776","1,707","836","128","1","11,497","11,497","340","796","661","690","1,025","1,702","2,385","1,896","1,591","397","14","23,292","23,292","682","1,648","1,488","1,531","2,229","3,937","5,199","3,619","2,421","522","16","11,751","11,751","343","857","820","833","1,204","2,218","2,798","1,717","833","126","2","11,541","11,541","339","791","668","698","1,025","1,719","2,401","1,902","1,588","396","14"
"전북특별자치도 장수군 (5274000000)","20,982","20,982","678","1,456","1,335","1,234","1,989","3,486","4,636","3,496","2,194","467","11","10,564","10,564","346","752","744","647","1,122","1,927","2,478","1,715","710","120","3","10,418","10,418","332","704","591","587","867","1,559","2,158","1,781","1,484","347","8","21,018","21,018","680","1,456","1,339","1,237","1,987","3,491","4,644","3,522","2,167","483","12","10,587","10,587","344","755","745","647","1,128","1,927","2,487","1,728","699","124","3","10,431","10,431","336","701","594","590","859","1,564","2,157","1,794","1,468","359","9","21,056","21,056","678","1,447","1,341","1,254","1,994","3,462","4,686","3,548","2,142","493","11","10,622","10,622","342","755","747","655","1,130","1,916","2,515","1,741","695","123","3","10,434","10,434","336","692","594","599","864","1,546","2,171","1,807","1,447","370","8","21,083","21,083","674","1,439","1,342","1,267","1,980","3,461","4,727","3,549","2,132","502","10","10,639","10,639","341","751","743","661","1,124","1,913","2,542","1,741","693","127","3","10,444","10,444","333","688","599","606","856","1,548","2,185","1,808","1,439","375","7","21,110","21,110","669","1,443","1,346","1,270","1,980","3,443","4,746","3,565","2,131","507","10","10,653","10,653","341","751","744","661","1,126","1,906","2,546","1,757","691","127","3","10,457","10,457","328","692","602","609","854","1,537","2,200","1,808","1,440","380","7","21,137","21,137","667","1,438","1,352","1,283","1,981","3,436","4,749","3,564","2,148","508","11","10,680","10,680","342","750","752","666","1,125","1,905","2,556","1,755","696","130","3","10,457","10,457","325","688","600","617","856","1,531","2,193","1,809","1,452","378","8"
"전북특별자치도 임실군 (5275000000)","25,258","25,258","965","1,364","1,446","1,616","2,162","3,965","5,698","4,344","3,021","660","17","13,087","13,087","489","727","855","882","1,259","2,287","3,230","2,144","1,050","162","2","12,171","12,171","476","637","591","734","903","1,678","2,468","2,200","1,971","498","15","25,269","25,269","970","1,358","1,428","1,619","2,159","3,952","5,726","4,355","3,013","672","17","13,098","13,098","493","731","840","881","1,262","2,275","3,254","2,151","1,044","165","2","12,171","12,171","477","627","588","738","897","1,677","2,472","2,204","1,969","507","15","25,259","25,259","960","1,347","1,417","1,619","2,159","3,919","5,742","4,389","3,008","682","17","13,089","13,089","486","730","836","877","1,262","2,254","3,256","2,172","1,045","169","2","12,170","12,170","474","617","581","742","897","1,665","2,486","2,217","1,963","513","15","25,291","25,291","957","1,342","1,423","1,632","2,160","3,917","5,760","4,402","2,989","692","17","13,108","13,108","491","728","834","884","1,264","2,252","3,256","2,187","1,039","171","2","12,183","12,183","466","614","589","748","896","1,665","2,504","2,215","1,950","521","15","25,308","25,308","960","1,342","1,425","1,631","2,163","3,901","5,773","4,417","2,983","695","18","13,112","13,112","496","725","831","884","1,268","2,240","3,260","2,195","1,034","177","2","12,196","12,196","464","617","594","747","895","1,661","2,513","2,222","1,949","518","16","25,304","25,304","946","1,350","1,430","1,626","2,169","3,893","5,781","4,408","2,982","701","18","13,137","13,137","495","727","834","885","1,269","2,244","3,270","2,190","1,040","181","2","12,167","12,167","451","623","596","741","900","1,649","2,511","2,218","1,942","520","16"
"전북특별자치도 순창군 (5277000000)","27,603","27,603","1,050","1,996","2,034","1,711","2,780","4,667","5,739","4,093","2,951","567","15","13,636","13,636","526","1,035","1,122","845","1,455","2,624","3,063","1,905","930","130","1","13,967","13,967","524","961","912","866","1,325","2,043","2,676","2,188","2,021","437","14","27,625","27,625","1,076","1,991","2,009","1,709","2,783","4,674","5,755","4,093","2,936","585","14","13,666","13,666","539","1,037","1,112","840","1,458","2,635","3,082","1,905","923","134","1","13,959","13,959","537","954","897","869","1,325","2,039","2,673","2,188","2,013","451","13","27,569","27,569","1,063","1,980","1,995","1,705","2,756","4,658","5,766","4,104","2,942","586","14","13,655","13,655","540","1,034","1,103","836","1,444","2,623","3,098","1,913","924","139","1","13,914","13,914","523","946","892","869","1,312","2,035","2,668","2,191","2,018","447","13","27,550","27,550","1,050","1,982","1,987","1,691","2,734","4,658","5,780","4,117","2,933","604","14","13,664","13,664","535","1,035","1,095","834","1,430","2,638","3,106","1,924","924","142","1","13,886","13,886","515","947","892","857","1,304","2,020","2,674","2,193","2,009","462","13","27,551","27,551","1,044","1,979","1,979","1,699","2,724","4,643","5,790","4,129","2,935","615","14","13,674","13,674","533","1,032","1,093","844","1,417","2,632","3,123","1,925","925","149","1","13,877","13,877","511","947","886","855","1,307","2,011","2,667","2,204","2,010","466","13","27,524","27,524","1,038","1,978","1,969","1,691","2,726","4,623","5,803","4,146","2,921","615","14","13,663","13,663","530","1,036","1,088","843","1,414","2,622","3,125","1,940","920","144","1","13,861","13,861","508","942","881","848","1,312","2,001","2,678","2,206","2,001","471","13"
"전북특별자치도 고창군 (5279000000)","50,091","50,091","1,689","3,837","3,048","3,122","4,799","8,032","10,524","8,194","5,676","1,134","36","25,091","25,091","881","2,135","1,778","1,652","2,629","4,536","5,484","3,835","1,927","231","3","25,000","25,000","808","1,702","1,270","1,470","2,170","3,496","5,040","4,359","3,749","903","33","50,046","50,046","1,683","3,830","3,026","3,109","4,786","8,038","10,531","8,207","5,645","1,154","37","25,077","25,077","868","2,139","1,767","1,640","2,623","4,544","5,476","3,853","1,931","233","3","24,969","24,969","815","1,691","1,259","1,469","2,163","3,494","5,055","4,354","3,714","921","34","50,076","50,076","1,677","3,930","2,987","3,115","4,740","8,018","10,546","8,241","5,633","1,156","33","25,128","25,128","866","2,221","1,741","1,639","2,598","4,545","5,480","3,883","1,916","236","3","24,948","24,948","811","1,709","1,246","1,476","2,142","3,473","5,066","4,358","3,717","920","30","50,017","50,017","1,679","3,910","2,975","3,126","4,701","8,007","10,561","8,252","5,608","1,167","31","25,106","25,106","869","2,211","1,724","1,647","2,580","4,530","5,495","3,894","1,914","239","3","24,911","24,911","810","1,699","1,251","1,479","2,121","3,477","5,066","4,358","3,694","928","28","49,996","49,996","1,670","3,888","2,951","3,125","4,675","8,003","10,578","8,272","5,617","1,186","31","25,110","25,110","866","2,197","1,709","1,654","2,563","4,538","5,509","3,905","1,926","240","3","24,886","24,886","804","1,691","1,242","1,471","2,112","3,465","5,069","4,367","3,691","946","28","49,919","49,919","1,661","3,868","2,940","3,133","4,687","7,977","10,573","8,280","5,586","1,182","32","25,087","25,087","858","2,195","1,705","1,655","2,571","4,516","5,518","3,915","1,914","237","3","24,832","24,832","803","1,673","1,235","1,478","2,116","3,461","5,055","4,365","3,672","945","29"
"전북특별자치도 부안군 (5280000000)","47,026","47,026","1,584","3,150","3,010","2,955","4,765","7,753","10,164","7,854","4,829","949","13","23,556","23,556","849","1,633","1,755","1,615","2,571","4,343","5,279","3,649","1,664","198","0","23,470","23,470","735","1,517","1,255","1,340","2,194","3,410","4,885","4,205","3,165","751","13","46,931","46,931","1,575","3,124","2,966","2,944","4,735","7,767","10,161","7,875","4,812","959","13","23,509","23,509","847","1,627","1,714","1,609","2,551","4,354","5,286","3,655","1,672","194","0","23,422","23,422","728","1,497","1,252","1,335","2,184","3,413","4,875","4,220","3,140","765","13","46,873","46,873","1,567","3,083","2,941","2,942","4,711","7,743","10,180","7,907","4,805","982","12","23,489","23,489","844","1,609","1,709","1,602","2,545","4,336","5,289","3,684","1,669","202","0","23,384","23,384","723","1,474","1,232","1,340","2,166","3,407","4,891","4,223","3,136","780","12","46,873","46,873","1,552","3,085","2,929","2,936","4,692","7,742","10,206","7,923","4,813","984","11","23,488","23,488","830","1,611","1,709","1,603","2,532","4,323","5,308","3,699","1,670","203","0","23,385","23,385","722","1,474","1,220","1,333","2,160","3,419","4,898","4,224","3,143","781","11","46,858","46,858","1,549","3,084","2,896","2,944","4,668","7,733","10,230","7,914","4,837","991","12","23,484","23,484","826","1,614","1,692","1,618","2,511","4,318","5,334","3,692","1,673","206","0","23,374","23,374","723","1,470","1,204","1,326","2,157","3,415","4,896","4,222","3,164","785","12","46,795","46,795","1,550","3,076","2,880","2,943","4,668","7,711","10,226","7,908","4,826","995","12","23,454","23,454","830","1,607","1,688","1,610","2,521","4,307","5,324","3,699","1,660","208","0","23,341","23,341","720","1,469","1,192","1,333","2,147","3,404","4,902","4,209","3,166","787","12"
"전라남도  (4600000000)","1,774,177","1,774,177","94,948","155,419","158,354","169,799","225,565","302,114","317,149","205,978","121,892","22,437","522","895,794","895,794","48,474","79,883","88,293","90,290","119,015","162,370","164,464","97,086","41,167","4,682","70","878,383","878,383","46,474","75,536","70,061","79,509","106,550","139,744","152,685","108,892","80,725","17,755","452","1,772,581","1,772,581","94,503","154,869","157,176","169,280","225,508","301,813","317,928","206,646","121,558","22,770","530","895,192","895,192","48,298","79,665","87,579","90,051","118,994","162,145","164,973","97,477","41,193","4,747","70","877,389","877,389","46,205","75,204","69,597","79,229","106,514","139,668","152,955","109,169","80,365","18,023","460","1,771,180","1,771,180","94,149","154,460","155,908","169,743","224,558","300,465","319,290","207,539","121,425","23,087","556","894,783","894,783","48,129","79,541","86,891","90,291","118,548","161,364","165,800","98,096","41,231","4,822","70","876,397","876,397","46,020","74,919","69,017","79,452","106,010","139,101","153,490","109,443","80,194","18,265","486","1,771,083","1,771,083","93,786","154,364","155,300","170,042","224,076","299,980","320,376","208,029","121,211","23,356","563","894,742","894,742","47,941","79,461","86,526","90,482","118,269","161,048","166,465","98,320","41,260","4,898","72","876,341","876,341","45,845","74,903","68,774","79,560","105,807","138,932","153,911","109,709","79,951","18,458","491","1,770,188","1,770,188","93,475","154,051","154,369","170,286","223,616","299,358","320,987","208,466","121,420","23,596","564","894,323","894,323","47,759","79,302","86,017","90,636","117,980","160,680","166,888","98,621","41,425","4,944","71","875,865","875,865","45,716","74,749","68,352","79,650","105,636","138,678","154,099","109,845","79,995","18,652","493","1,769,753","1,769,753","93,184","153,936","153,723","170,474","223,419","298,934","321,513","208,849","121,538","23,619","564","894,204","894,204","47,660","79,161","85,624","90,792","117,860","160,452","167,247","98,813","41,560","4,967","68","875,549","875,549","45,524","74,775","68,099","79,682","105,559","138,482","154,266","110,036","79,978","18,652","496"
"전라남도 목포시 (4611000000)","200,946","200,946","10,154","21,352","20,878","19,345","30,511","35,990","31,912","20,069","9,395","1,307","33","99,846","99,846","5,190","10,967","11,349","10,178","15,629","18,610","15,217","8,965","3,433","303","5","101,100","101,100","4,964","10,385","9,529","9,167","14,882","17,380","16,695","11,104","5,962","1,004","28","200,425","200,425","10,043","21,248","20,668","19,185","30,430","35,989","31,938","20,151","9,432","1,311","30","99,582","99,582","5,127","10,925","11,249","10,087","15,575","18,613","15,248","8,994","3,457","303","4","100,843","100,843","4,916","10,323","9,419","9,098","14,855","17,376","16,690","11,157","5,975","1,008","26","199,837","199,837","9,891","21,111","20,526","19,153","30,255","35,874","31,993","20,189","9,494","1,318","33","99,302","99,302","5,045","10,882","11,162","10,084","15,482","18,569","15,279","9,017","3,479","299","4","100,535","100,535","4,846","10,229","9,364","9,069","14,773","17,305","16,714","11,172","6,015","1,019","29","199,516","199,516","9,782","21,079","20,378","19,183","30,106","35,808","32,053","20,242","9,514","1,338","33","99,109","99,109","4,990","10,866","11,078","10,108","15,391","18,548","15,298","9,020","3,502","305","3","100,407","100,407","4,792","10,213","9,300","9,075","14,715","17,260","16,755","11,222","6,012","1,033","30","199,224","199,224","9,685","21,021","20,329","19,144","30,013","35,768","32,030","20,276","9,582","1,343","33","98,979","98,979","4,929","10,853","11,069","10,078","15,361","18,513","15,300","9,039","3,529","305","3","100,245","100,245","4,756","10,168","9,260","9,066","14,652","17,255","16,730","11,237","6,053","1,038","30","198,938","198,938","9,593","21,002","20,266","19,147","29,937","35,687","32,010","20,273","9,637","1,353","33","98,849","98,849","4,896","10,836","11,018","10,091","15,324","18,473","15,327","9,022","3,553","305","4","100,089","100,089","4,697","10,166","9,248","9,056","14,613","17,214","16,683","11,251","6,084","1,048","29"
"전라남도 여수시 (4613000000)","262,166","262,166","14,387","23,828","25,527","27,048","35,562","45,594","45,351","29,518","13,207","2,087","57","133,190","133,190","7,384","12,125","14,375","14,863","18,641","23,916","22,666","13,944","4,835","436","5","128,976","128,976","7,003","11,703","11,152","12,185","16,921","21,678","22,685","15,574","8,372","1,651","52","261,559","261,559","14,249","23,722","25,213","26,929","35,502","45,528","45,407","29,629","13,202","2,123","55","132,847","132,847","7,315","12,080","14,177","14,795","18,628","23,866","22,702","13,987","4,850","443","4","128,712","128,712","6,934","11,642","11,036","12,134","16,874","21,662","22,705","15,642","8,352","1,680","51","261,002","261,002","14,151","23,634","24,883","26,956","35,348","45,315","45,546","29,730","13,234","2,147","58","132,562","132,562","7,257","12,056","13,981","14,804","18,548","23,781","22,763","14,038","4,872","458","4","128,440","128,440","6,894","11,578","10,902","12,152","16,800","21,534","22,783","15,692","8,362","1,689","54","260,570","260,570","14,039","23,611","24,697","26,919","35,241","45,223","45,628","29,756","13,250","2,149","57","132,332","132,332","7,201","12,050","13,880","14,773","18,494","23,728","22,814","14,030","4,900","457","5","128,238","128,238","6,838","11,561","10,817","12,146","16,747","21,495","22,814","15,726","8,350","1,692","52","260,285","260,285","14,020","23,553","24,462","26,983","35,144","45,079","45,726","29,806","13,288","2,166","58","132,189","132,189","7,196","12,010","13,759","14,805","18,440","23,641","22,895","14,051","4,925","462","5","128,096","128,096","6,824","11,543","10,703","12,178","16,704","21,438","22,831","15,755","8,363","1,704","53","259,881","259,881","13,960","23,514","24,205","27,017","35,054","44,983","45,729","29,835","13,350","2,176","58","131,976","131,976","7,179","11,978","13,608","14,821","18,387","23,620","22,887","14,059","4,965","467","5","127,905","127,905","6,781","11,536","10,597","12,196","16,667","21,363","22,842","15,776","8,385","1,709","53"
"전라남도 순천시 (4615000000)","274,501","274,501","17,924","28,037","29,732","32,525","38,333","47,823","43,259","22,929","11,542","2,349","48","136,982","136,982","9,187","14,447","16,271","16,983","19,107","23,851","21,644","10,944","4,026","514","8","137,519","137,519","8,737","13,590","13,461","15,542","19,226","23,972","21,615","11,985","7,516","1,835","40","274,259","274,259","17,841","27,918","29,544","32,480","38,330","47,756","43,407","23,059","11,484","2,391","49","136,850","136,850","9,178","14,389","16,131","16,979","19,116","23,774","21,727","11,023","4,009","516","8","137,409","137,409","8,663","13,529","13,413","15,501","19,214","23,982","21,680","12,036","7,475","1,875","41","274,024","274,024","17,808","27,803","29,354","32,516","38,178","47,575","43,617","23,202","11,481","2,438","52","136,767","136,767","9,165","14,334","16,045","17,011","19,068","23,638","21,836","11,119","4,021","522","8","137,257","137,257","8,643","13,469","13,309","15,505","19,110","23,937","21,781","12,083","7,460","1,916","44","274,408","274,408","17,763","27,824","29,380","32,601","38,163","47,579","43,784","23,312","11,482","2,470","50","136,916","136,916","9,160","14,320","16,030","17,072","19,056","23,633","21,931","11,155","4,022","529","8","137,492","137,492","8,603","13,504","13,350","15,529","19,107","23,946","21,853","12,157","7,460","1,941","42","274,188","274,188","17,685","27,764","29,238","32,618","38,091","47,463","43,896","23,387","11,491","2,505","50","136,807","136,807","9,118","14,284","15,954","17,073","19,034","23,555","22,021","11,181","4,040","539","8","137,381","137,381","8,567","13,480","13,284","15,545","19,057","23,908","21,875","12,206","7,451","1,966","42","273,621","273,621","17,642","27,711","29,026","32,580","38,020","47,270","43,883","23,434","11,508","2,494","53","136,484","136,484","9,100","14,253","15,813","17,057","19,022","23,446","22,011","11,188","4,051","535","8","137,137","137,137","8,542","13,458","13,213","15,523","18,998","23,824","21,872","12,246","7,457","1,959","45"
"전라남도 나주시 (4617000000)","116,773","116,773","8,423","10,501","10,008","14,504","16,503","17,350","18,676","11,998","7,404","1,373","33","59,075","59,075","4,319","5,432","5,300","7,354","8,753","9,588","9,839","5,682","2,496","305","7","57,698","57,698","4,104","5,069","4,708","7,150","7,750","7,762","8,837","6,316","4,908","1,068","26","116,685","116,685","8,384","10,501","9,958","14,478","16,479","17,338","18,736","11,998","7,403","1,374","36","59,053","59,053","4,306","5,420","5,268","7,360","8,727","9,582","9,878","5,693","2,509","302","8","57,632","57,632","4,078","5,081","4,690","7,118","7,752","7,756","8,858","6,305","4,894","1,072","28","116,580","116,580","8,388","10,470","9,867","14,514","16,407","17,270","18,800","12,066","7,375","1,385","38","59,016","59,016","4,313","5,406","5,232","7,372","8,688","9,526","9,929","5,723","2,513","306","8","57,564","57,564","4,075","5,064","4,635","7,142","7,719","7,744","8,871","6,343","4,862","1,079","30","116,564","116,564","8,395","10,475","9,786","14,521","16,356","17,260","18,850","12,133","7,363","1,388","37","59,015","59,015","4,319","5,405","5,191","7,371","8,660","9,529","9,962","5,752","2,509","308","9","57,549","57,549","4,076","5,070","4,595","7,150","7,696","7,731","8,888","6,381","4,854","1,080","28","116,542","116,542","8,345","10,484","9,769","14,551","16,296","17,240","18,889","12,163","7,366","1,402","37","58,981","58,981","4,295","5,409","5,183","7,380","8,610","9,531","9,977","5,767","2,512","308","9","57,561","57,561","4,050","5,075","4,586","7,171","7,686","7,709","8,912","6,396","4,854","1,094","28","116,443","116,443","8,311","10,514","9,715","14,572","16,277","17,173","18,887","12,199","7,362","1,397","36","58,924","58,924","4,277","5,428","5,164","7,393","8,587","9,495","9,982","5,787","2,497","305","9","57,519","57,519","4,034","5,086","4,551","7,179","7,690","7,678","8,905","6,412","4,865","1,092","27"
"전라남도 광양시 (4623000000)","155,202","155,202","10,775","15,874","15,946","20,003","22,408","29,695","23,630","10,813","4,995","1,041","22","81,394","81,394","5,496","8,105","9,227","11,122","11,922","15,527","12,732","5,354","1,700","209","0","73,808","73,808","5,279","7,769","6,719","8,881","10,486","14,168","10,898","5,459","3,295","832","22","155,377","155,377","10,754","15,896","15,875","20,042","22,409","29,695","23,766","10,873","4,986","1,059","22","81,504","81,504","5,491","8,129","9,186","11,133","11,919","15,525","12,820","5,380","1,704","216","1","73,873","73,873","5,263","7,767","6,689","8,909","10,490","14,170","10,946","5,493","3,282","843","21","155,409","155,409","10,731","15,888","15,792","20,121","22,325","29,533","24,001","10,939","4,968","1,091","20","81,540","81,540","5,482","8,132","9,149","11,159","11,882","15,424","12,973","5,409","1,699","230","1","73,869","73,869","5,249","7,756","6,643","8,962","10,443","14,109","11,028","5,530","3,269","861","19","155,509","155,509","10,732","15,885","15,712","20,179","22,309","29,461","24,158","10,995","4,955","1,102","21","81,597","81,597","5,475","8,131","9,101","11,197","11,882","15,374","13,069","5,437","1,692","238","1","73,912","73,912","5,257","7,754","6,611","8,982","10,427","14,087","11,089","5,558","3,263","864","20","155,600","155,600","10,728","15,874","15,600","20,248","22,287","29,388","24,308","11,073","4,956","1,118","20","81,618","81,618","5,473","8,126","9,026","11,249","11,867","15,312","13,163","5,467","1,692","242","1","73,982","73,982","5,255","7,748","6,574","8,999","10,420","14,076","11,145","5,606","3,264","876","19","155,660","155,660","10,707","15,869","15,523","20,287","22,310","29,334","24,402","11,137","4,949","1,122","20","81,665","81,665","5,472","8,114","8,966","11,295","11,879","15,274","13,222","5,499","1,696","247","1","73,995","73,995","5,235","7,755","6,557","8,992","10,431","14,060","11,180","5,638","3,253","875","19"
"전라남도 담양군 (4671000000)","44,023","44,023","1,636","2,830","3,179","3,156","4,308","7,495","9,771","6,553","4,288","787","20","22,231","22,231","846","1,484","1,823","1,630","2,317","4,091","5,270","3,162","1,440","165","3","21,792","21,792","790","1,346","1,356","1,526","1,991","3,404","4,501","3,391","2,848","622","17","43,995","43,995","1,624","2,818","3,153","3,139","4,316","7,473","9,804","6,575","4,279","793","21","22,238","22,238","841","1,479","1,820","1,627","2,309","4,081","5,290","3,174","1,452","162","3","21,757","21,757","783","1,339","1,333","1,512","2,007","3,392","4,514","3,401","2,827","631","18","43,987","43,987","1,627","2,801","3,093","3,174","4,280","7,452","9,854","6,620","4,264","798","24","22,261","22,261","844","1,474","1,791","1,643","2,305","4,067","5,316","3,207","1,450","161","3","21,726","21,726","783","1,327","1,302","1,531","1,975","3,385","4,538","3,413","2,814","637","21","44,042","44,042","1,626","2,794","3,085","3,176","4,278","7,444","9,887","6,643","4,266","817","26","22,253","22,253","835","1,471","1,778","1,646","2,296","4,056","5,318","3,232","1,452","166","3","21,789","21,789","791","1,323","1,307","1,530","1,982","3,388","4,569","3,411","2,814","651","23","43,999","43,999","1,618","2,787","3,060","3,164","4,282","7,409","9,909","6,636","4,288","821","25","22,249","22,249","828","1,476","1,772","1,643","2,291","4,046","5,323","3,228","1,473","167","2","21,750","21,750","790","1,311","1,288","1,521","1,991","3,363","4,586","3,408","2,815","654","23","43,919","43,919","1,622","2,772","3,046","3,151","4,265","7,376","9,907","6,646","4,282","828","24","22,211","22,211","833","1,464","1,765","1,640","2,278","4,026","5,328","3,241","1,466","168","2","21,708","21,708","789","1,308","1,281","1,511","1,987","3,350","4,579","3,405","2,816","660","22"
"전라남도 곡성군 (4672000000)","27,372","27,372","750","1,584","1,842","1,745","2,414","4,646","6,197","4,284","3,114","774","22","13,611","13,611","367","847","1,020","901","1,318","2,549","3,385","2,064","991","165","4","13,761","13,761","383","737","822","844","1,096","2,097","2,812","2,220","2,123","609","18","27,446","27,446","761","1,582","1,820","1,767","2,417","4,667","6,230","4,305","3,094","779","24","13,667","13,667","371","845","1,025","909","1,318","2,554","3,410","2,074","990","167","4","13,779","13,779","390","737","795","858","1,099","2,113","2,820","2,231","2,104","612","20","27,531","27,531","758","1,596","1,813","1,786","2,410","4,642","6,293","4,321","3,097","787","28","13,722","13,722","370","862","1,019","925","1,306","2,551","3,435","2,091","991","168","4","13,809","13,809","388","734","794","861","1,104","2,091","2,858","2,230","2,106","619","24","27,594","27,594","758","1,609","1,814","1,797","2,396","4,643","6,348","4,326","3,078","795","30","13,755","13,755","365","869","1,027","926","1,293","2,554","3,462","2,093","990","172","4","13,839","13,839","393","740","787","871","1,103","2,089","2,886","2,233","2,088","623","26","27,594","27,594","759","1,600","1,804","1,806","2,372","4,645","6,368","4,335","3,073","802","30","13,763","13,763","368","863","1,021","933","1,277","2,561","3,466","2,101","994","174","5","13,831","13,831","391","737","783","873","1,095","2,084","2,902","2,234","2,079","628","25","27,607","27,607","755","1,594","1,792","1,803","2,371","4,641","6,396","4,338","3,085","801","31","13,787","13,787","367","862","1,020","934","1,274","2,565","3,476","2,106","1,001","178","4","13,820","13,820","388","732","772","869","1,097","2,076","2,920","2,232","2,084","623","27"
"전라남도 구례군 (4673000000)","23,811","23,811","706","1,528","1,502","1,264","2,163","4,088","5,421","3,829","2,779","520","11","11,645","11,645","351","791","825","648","1,117","2,240","2,880","1,787","889","115","2","12,166","12,166","355","737","677","616","1,046","1,848","2,541","2,042","1,890","405","9","23,850","23,850","719","1,523","1,492","1,251","2,179","4,102","5,443","3,828","2,766","534","13","11,661","11,661","354","786","823","643","1,118","2,254","2,890","1,785","889","117","2","12,189","12,189","365","737","669","608","1,061","1,848","2,553","2,043","1,877","417","11","23,887","23,887","714","1,525","1,499","1,256","2,156","4,103","5,471","3,835","2,763","552","13","11,683","11,683","351","788","826","647","1,110","2,250","2,907","1,790","889","123","2","12,204","12,204","363","737","673","609","1,046","1,853","2,564","2,045","1,874","429","11","23,901","23,901","700","1,525","1,488","1,256","2,154","4,095","5,511","3,843","2,762","555","12","11,689","11,689","343","792","811","652","1,102","2,242","2,935","1,794","893","123","2","12,212","12,212","357","733","677","604","1,052","1,853","2,576","2,049","1,869","432","10","23,941","23,941","698","1,519","1,493","1,258","2,167","4,088","5,537","3,843","2,762","564","12","11,716","11,716","344","787","814","655","1,110","2,232","2,958","1,791","898","125","2","12,225","12,225","354","732","679","603","1,057","1,856","2,579","2,052","1,864","439","10","24,283","24,283","691","1,528","1,543","1,289","2,206","4,172","5,665","3,842","2,769","566","12","11,885","11,885","337","790","848","669","1,128","2,274","3,022","1,786","902","127","2","12,398","12,398","354","738","695","620","1,078","1,898","2,643","2,056","1,867","439","10"
"전라남도 고흥군 (4677000000)","59,238","59,238","1,791","3,103","3,059","3,039","4,916","8,974","13,401","11,400","7,815","1,697","43","29,333","29,333","889","1,640","1,798","1,657","2,762","5,229","7,101","5,330","2,558","364","5","29,905","29,905","902","1,463","1,261","1,382","2,154","3,745","6,300","6,070","5,257","1,333","38","59,159","59,159","1,784","3,086","3,038","3,017","4,911","8,938","13,434","11,415","7,776","1,716","44","29,302","29,302","881","1,635","1,783","1,653","2,758","5,213","7,111","5,351","2,543","369","5","29,857","29,857","903","1,451","1,255","1,364","2,153","3,725","6,323","6,064","5,233","1,347","39","59,040","59,040","1,781","3,066","2,969","3,033","4,895","8,867","13,469","11,438","7,733","1,744","45","29,274","29,274","880","1,624","1,751","1,655","2,750","5,186","7,130","5,384","2,535","374","5","29,766","29,766","901","1,442","1,218","1,378","2,145","3,681","6,339","6,054","5,198","1,370","40","58,977","58,977","1,760","3,060","2,946","3,038","4,884","8,842","13,486","11,450","7,692","1,770","49","29,275","29,275","868","1,624","1,738","1,664","2,751","5,172","7,161","5,384","2,526","382","5","29,702","29,702","892","1,436","1,208","1,374","2,133","3,670","6,325","6,066","5,166","1,388","44","58,901","58,901","1,744","3,055","2,912","3,032","4,872","8,832","13,446","11,459","7,711","1,787","51","29,241","29,241","864","1,625","1,714","1,660","2,747","5,173","7,132","5,398","2,539","384","5","29,660","29,660","880","1,430","1,198","1,372","2,125","3,659","6,314","6,061","5,172","1,403","46","58,831","58,831","1,730","3,046","2,900","3,051","4,848","8,799","13,449","11,466","7,695","1,796","51","29,207","29,207","856","1,624","1,708","1,666","2,734","5,147","7,135","5,404","2,542","387","4","29,624","29,624","874","1,422","1,192","1,385","2,114","3,652","6,314","6,062","5,153","1,409","47"
"전라남도 보성군 (4678000000)","36,880","36,880","1,114","2,195","2,178","1,986","3,160","5,768","8,124","6,549","4,752","1,035","19","18,127","18,127","562","1,123","1,220","1,091","1,718","3,297","4,294","3,080","1,541","200","1","18,753","18,753","552","1,072","958","895","1,442","2,471","3,830","3,469","3,211","835","18","36,748","36,748","1,102","2,140","2,169","1,954","3,148","5,738","8,147","6,562","4,718","1,052","18","18,076","18,076","557","1,102","1,209","1,083","1,709","3,276","4,315","3,082","1,536","206","1","18,672","18,672","545","1,038","960","871","1,439","2,462","3,832","3,480","3,182","846","17","36,658","36,658","1,083","2,132","2,129","1,951","3,113","5,714","8,160","6,586","4,711","1,061","18","18,027","18,027","550","1,096","1,187","1,074","1,692","3,261","4,323","3,091","1,543","209","1","18,631","18,631","533","1,036","942","877","1,421","2,453","3,837","3,495","3,168","852","17","36,616","36,616","1,077","2,124","2,123","1,943","3,117","5,677","8,182","6,606","4,678","1,071","18","18,005","18,005","550","1,091","1,174","1,069","1,701","3,229","4,345","3,099","1,537","209","1","18,611","18,611","527","1,033","949","874","1,416","2,448","3,837","3,507","3,141","862","17","36,623","36,623","1,087","2,108","2,115","1,941","3,103","5,658","8,215","6,614","4,684","1,079","19","18,016","18,016","554","1,085","1,162","1,077","1,692","3,219","4,363","3,110","1,540","212","2","18,607","18,607","533","1,023","953","864","1,411","2,439","3,852","3,504","3,144","867","17","37,488","37,488","1,132","2,172","2,226","2,030","3,204","5,851","8,406","6,682","4,694","1,072","19","18,430","18,430","581","1,113","1,212","1,117","1,736","3,301","4,471","3,140","1,547","211","1","19,058","19,058","551","1,059","1,014","913","1,468","2,550","3,935","3,542","3,147","861","18"
"전라남도 화순군 (4679000000)","60,039","60,039","2,433","4,708","5,547","4,760","6,270","10,824","11,850","7,436","5,248","942","21","29,763","29,763","1,275","2,450","2,906","2,461","3,172","5,756","6,361","3,536","1,638","204","4","30,276","30,276","1,158","2,258","2,641","2,299","3,098","5,068","5,489","3,900","3,610","738","17","59,996","59,996","2,438","4,679","5,498","4,744","6,269","10,799","11,903","7,465","5,213","966","22","29,735","29,735","1,269","2,428","2,876","2,457","3,164","5,742","6,386","3,563","1,637","209","4","30,261","30,261","1,169","2,251","2,622","2,287","3,105","5,057","5,517","3,902","3,576","757","18","59,962","59,962","2,437","4,652","5,437","4,786","6,236","10,738","11,937","7,524","5,221","971","23","29,725","29,725","1,275","2,416","2,840","2,479","3,154","5,697","6,416","3,590","1,644","210","4","30,237","30,237","1,162","2,236","2,597","2,307","3,082","5,041","5,521","3,934","3,577","761","19","59,911","59,911","2,426","4,624","5,407","4,802","6,212","10,708","11,985","7,545","5,192","986","24","29,681","29,681","1,270","2,402","2,815","2,482","3,143","5,666","6,440","3,607","1,639","214","3","30,230","30,230","1,156","2,222","2,592","2,320","3,069","5,042","5,545","3,938","3,553","772","21","59,849","59,849","2,426","4,595","5,366","4,814","6,185","10,670","12,021","7,571","5,174","1,003","24","29,632","29,632","1,264","2,376","2,805","2,478","3,136","5,640","6,457","3,624","1,631","219","2","30,217","30,217","1,162","2,219","2,561","2,336","3,049","5,030","5,564","3,947","3,543","784","22","59,756","59,756","2,417","4,563","5,333","4,825","6,163","10,620","12,057","7,563","5,179","1,014","22","29,595","29,595","1,258","2,359","2,795","2,482","3,134","5,602","6,474","3,634","1,631","224","2","30,161","30,161","1,159","2,204","2,538","2,343","3,029","5,018","5,583","3,929","3,548","790","20"
"전라남도 장흥군 (4680000000)","34,052","34,052","1,252","2,283","2,276","2,207","3,250","5,515","7,194","5,381","3,838","844","12","16,779","16,779","630","1,195","1,295","1,202","1,781","3,069","3,708","2,481","1,251","164","3","17,273","17,273","622","1,088","981","1,005","1,469","2,446","3,486","2,900","2,587","680","9","34,013","34,013","1,249","2,254","2,250","2,207","3,258","5,508","7,191","5,406","3,819","857","14","16,772","16,772","626","1,179","1,278","1,216","1,782","3,068","3,706","2,499","1,244","171","3","17,241","17,241","623","1,075","972","991","1,476","2,440","3,485","2,907","2,575","686","11","33,987","33,987","1,243","2,252","2,228","2,202","3,257","5,466","7,232","5,433","3,796","863","15","16,770","16,770","626","1,175","1,261","1,220","1,772","3,049","3,737","2,521","1,235","171","3","17,217","17,217","617","1,077","967","982","1,485","2,417","3,495","2,912","2,561","692","12","33,962","33,962","1,243","2,246","2,215","2,215","3,248","5,443","7,249","5,439","3,774","876","14","16,756","16,756","626","1,168","1,251","1,231","1,773","3,021","3,751","2,528","1,231","173","3","17,206","17,206","617","1,078","964","984","1,475","2,422","3,498","2,911","2,543","703","11","33,919","33,919","1,234","2,246","2,201","2,212","3,248","5,411","7,253","5,426","3,783","892","13","16,747","16,747","621","1,168","1,242","1,234","1,774","3,007","3,756","2,532","1,240","170","3","17,172","17,172","613","1,078","959","978","1,474","2,404","3,497","2,894","2,543","722","10","33,865","33,865","1,230","2,241","2,177","2,201","3,242","5,390","7,263","5,433","3,783","892","13","16,740","16,740","617","1,163","1,234","1,230","1,777","3,005","3,756","2,537","1,247","171","3","17,125","17,125","613","1,078","943","971","1,465","2,385","3,507","2,896","2,536","721","10"
"전라남도 강진군 (4681000000)","31,764","31,764","1,375","2,086","2,132","2,134","2,950","4,921","6,820","5,007","3,616","706","17","15,594","15,594","672","1,081","1,212","1,142","1,586","2,719","3,535","2,319","1,193","133","2","16,170","16,170","703","1,005","920","992","1,364","2,202","3,285","2,688","2,423","573","15","31,719","31,719","1,376","2,083","2,115","2,103","2,973","4,918","6,801","5,008","3,611","715","16","15,577","15,577","669","1,088","1,200","1,122","1,603","2,713","3,535","2,312","1,202","131","2","16,142","16,142","707","995","915","981","1,370","2,205","3,266","2,696","2,409","584","14","31,736","31,736","1,381","2,073","2,108","2,121","2,964","4,874","6,849","5,031","3,596","721","18","15,584","15,584","667","1,084","1,193","1,131","1,598","2,696","3,551","2,340","1,193","129","2","16,152","16,152","714","989","915","990","1,366","2,178","3,298","2,691","2,403","592","16","31,747","31,747","1,385","2,064","2,093","2,154","2,950","4,856","6,884","5,027","3,587","729","18","15,600","15,600","672","1,079","1,192","1,150","1,589","2,681","3,570","2,344","1,189","132","2","16,147","16,147","713","985","901","1,004","1,361","2,175","3,314","2,683","2,398","597","16","31,707","31,707","1,375","2,060","2,064","2,163","2,938","4,841","6,886","5,041","3,595","725","19","15,595","15,595","668","1,077","1,175","1,156","1,579","2,672","3,578","2,367","1,192","129","2","16,112","16,112","707","983","889","1,007","1,359","2,169","3,308","2,674","2,403","596","17","31,627","31,627","1,372","2,039","2,066","2,135","2,935","4,829","6,882","5,044","3,575","730","20","15,575","15,575","671","1,058","1,175","1,147","1,573","2,674","3,578","2,373","1,190","134","2","16,052","16,052","701","981","891","988","1,362","2,155","3,304","2,671","2,385","596","18"
"전라남도 해남군 (4682000000)","62,053","62,053","2,447","4,343","4,164","3,938","6,253","10,259","13,345","9,717","6,481","1,083","23","31,198","31,198","1,275","2,194","2,393","2,182","3,401","5,790","7,076","4,510","2,180","196","1","30,855","30,855","1,172","2,149","1,771","1,756","2,852","4,469","6,269","5,207","4,301","887","22","62,027","62,027","2,437","4,312","4,153","3,922","6,258","10,232","13,377","9,743","6,462","1,108","23","31,190","31,190","1,276","2,187","2,376","2,169","3,402","5,774","7,104","4,519","2,183","199","1","30,837","30,837","1,161","2,125","1,777","1,753","2,856","4,458","6,273","5,224","4,279","909","22","61,995","61,995","2,428","4,287","4,133","3,961","6,242","10,185","13,401","9,775","6,435","1,122","26","31,186","31,186","1,273","2,184","2,352","2,198","3,396","5,734","7,129","4,539","2,174","206","1","30,809","30,809","1,155","2,103","1,781","1,763","2,846","4,451","6,272","5,236","4,261","916","25","62,013","62,013","2,428","4,269","4,122","3,975","6,224","10,190","13,426","9,795","6,408","1,150","26","31,214","31,214","1,277","2,172","2,346","2,202","3,390","5,737","7,147","4,547","2,181","213","2","30,799","30,799","1,151","2,097","1,776","1,773","2,834","4,453","6,279","5,248","4,227","937","24","61,967","61,967","2,408","4,254","4,109","3,956","6,208","10,164","13,453","9,816","6,415","1,158","26","31,197","31,197","1,262","2,166","2,335","2,191","3,381","5,733","7,152","4,572","2,184","219","2","30,770","30,770","1,146","2,088","1,774","1,765","2,827","4,431","6,301","5,244","4,231","939","24","61,908","61,908","2,412","4,248","4,081","3,962","6,210","10,142","13,420","9,840","6,407","1,159","27","31,193","31,193","1,263","2,160","2,335","2,188","3,383","5,728","7,141","4,575","2,198","220","2","30,715","30,715","1,149","2,088","1,746","1,774","2,827","4,414","6,279","5,265","4,209","939","25"
"전라남도 영암군 (4683000000)","49,920","49,920","2,014","3,802","3,962","3,663","6,171","9,086","9,824","6,314","4,224","839","21","26,240","26,240","1,016","1,972","2,373","2,022","3,626","5,309","5,406","2,973","1,363","174","6","23,680","23,680","998","1,830","1,589","1,641","2,545","3,777","4,418","3,341","2,861","665","15","49,929","49,929","1,997","3,785","3,925","3,675","6,161","9,101","9,872","6,350","4,201","842","20","26,279","26,279","1,008","1,959","2,362","2,030","3,633","5,313","5,446","2,993","1,356","173","6","23,650","23,650","989","1,826","1,563","1,645","2,528","3,788","4,426","3,357","2,845","669","14","49,909","49,909","1,972","3,778","3,941","3,680","6,121","9,052","9,924","6,364","4,198","857","22","26,297","26,297","992","1,951","2,384","2,043","3,610","5,282","5,480","3,016","1,353","180","6","23,612","23,612","980","1,827","1,557","1,637","2,511","3,770","4,444","3,348","2,845","677","16","49,935","49,935","1,961","3,773","3,922","3,700","6,119","9,040","9,954","6,384","4,187","872","23","26,306","26,306","986","1,938","2,382","2,052","3,610","5,259","5,516","3,024","1,352","181","6","23,629","23,629","975","1,835","1,540","1,648","2,509","3,781","4,438","3,360","2,835","691","17","49,938","49,938","1,954","3,758","3,891","3,703","6,109","9,063","9,961","6,400","4,198","878","23","26,345","26,345","988","1,935","2,366","2,065","3,600","5,278","5,530","3,036","1,358","183","6","23,593","23,593","966","1,823","1,525","1,638","2,509","3,785","4,431","3,364","2,840","695","17","49,946","49,946","1,944","3,755","3,919","3,679","6,115","9,056","9,962","6,414","4,209","870","23","26,357","26,357","981","1,930","2,389","2,052","3,603","5,276","5,532","3,035","1,368","185","6","23,589","23,589","963","1,825","1,530","1,627","2,512","3,780","4,430","3,379","2,841","685","17"
"전라남도 무안군 (4684000000)","95,543","95,543","7,292","10,965","9,270","11,330","15,143","14,310","13,167","8,456","4,778","812","20","48,063","48,063","3,734","5,554","5,037","5,649","7,764","7,713","6,872","3,999","1,583","157","1","47,480","47,480","3,558","5,411","4,233","5,681","7,379","6,597","6,295","4,457","3,195","655","19","95,530","95,530","7,279","10,969","9,206","11,295","15,146","14,300","13,230","8,483","4,776","825","21","48,043","48,043","3,735","5,560","4,990","5,621","7,767","7,704","6,900","4,013","1,590","162","1","47,487","47,487","3,544","5,409","4,216","5,674","7,379","6,596","6,330","4,470","3,186","663","20","95,567","95,567","7,266","10,970","9,186","11,324","15,120","14,271","13,270","8,517","4,783","840","20","48,088","48,088","3,731","5,557","4,986","5,645","7,750","7,677","6,930","4,048","1,599","164","1","47,479","47,479","3,535","5,413","4,200","5,679","7,370","6,594","6,340","4,469","3,184","676","19","95,648","95,648","7,249","10,986","9,218","11,348","15,111","14,278","13,288","8,517","4,787","846","20","48,137","48,137","3,712","5,561","5,012","5,662","7,745","7,691","6,937","4,040","1,611","165","1","47,511","47,511","3,537","5,425","4,206","5,686","7,366","6,587","6,351","4,477","3,176","681","19","95,651","95,651","7,233","11,011","9,173","11,366","15,110","14,274","13,292","8,517","4,802","852","21","48,111","48,111","3,697","5,569","4,973","5,686","7,729","7,691","6,941","4,033","1,625","166","1","47,540","47,540","3,536","5,442","4,200","5,680","7,381","6,583","6,351","4,484","3,177","686","20","95,505","95,505","7,233","10,994","9,111","11,344","15,065","14,266","13,292","8,541","4,791","847","21","48,019","48,019","3,688","5,556","4,943","5,665","7,699","7,688","6,937","4,050","1,628","164","1","47,486","47,486","3,545","5,438","4,168","5,679","7,366","6,578","6,355","4,491","3,163","683","20"
"전라남도 함평군 (4686000000)","29,325","29,325","898","1,699","1,805","1,755","2,580","4,878","6,518","4,884","3,612","678","18","14,983","14,983","470","881","1,053","975","1,480","2,913","3,632","2,288","1,145","146","0","14,342","14,342","428","818","752","780","1,100","1,965","2,886","2,596","2,467","532","18","29,255","29,255","900","1,686","1,779","1,750","2,584","4,852","6,511","4,896","3,587","691","19","14,955","14,955","475","875","1,028","972","1,488","2,896","3,628","2,307","1,137","149","0","14,300","14,300","425","811","751","778","1,096","1,956","2,883","2,589","2,450","542","19","29,250","29,250","907","1,678","1,765","1,771","2,569","4,812","6,550","4,904","3,572","703","19","14,957","14,957","479","869","1,014","980","1,485","2,875","3,648","2,330","1,128","149","0","14,293","14,293","428","809","751","791","1,084","1,937","2,902","2,574","2,444","554","19","29,319","29,319","903","1,688","1,772","1,774","2,577","4,804","6,609","4,900","3,561","713","18","14,996","14,996","474","876","1,016","986","1,486","2,873","3,680","2,329","1,124","152","0","14,323","14,323","429","812","756","788","1,091","1,931","2,929","2,571","2,437","561","18","29,417","29,417","900","1,688","1,769","1,812","2,581","4,826","6,626","4,914","3,568","715","18","15,036","15,036","467","882","1,019","997","1,492","2,867","3,691","2,343","1,126","152","0","14,381","14,381","433","806","750","815","1,089","1,959","2,935","2,571","2,442","563","18","29,529","29,529","904","1,693","1,794","1,839","2,599","4,829","6,651","4,919","3,572","712","17","15,090","15,090","469","884","1,028","1,015","1,493","2,861","3,715","2,344","1,131","150","0","14,439","14,439","435","809","766","824","1,106","1,968","2,936","2,575","2,441","562","17"
"전라남도 영광군 (4687000000)","53,618","53,618","3,303","3,895","4,512","5,046","6,006","8,640","9,696","7,134","4,588","780","18","26,861","26,861","1,641","1,990","2,513","2,560","3,304","4,863","5,094","3,231","1,505","158","2","26,757","26,757","1,662","1,905","1,999","2,486","2,702","3,777","4,602","3,903","3,083","622","16","53,711","53,711","3,308","3,901","4,515","5,036","6,027","8,664","9,712","7,151","4,584","796","17","26,919","26,919","1,646","1,997","2,508","2,558","3,316","4,881","5,090","3,257","1,501","163","2","26,792","26,792","1,662","1,904","2,007","2,478","2,711","3,783","4,622","3,894","3,083","633","15","53,862","53,862","3,324","3,945","4,496","5,078","6,032","8,647","9,756","7,196","4,570","801","17","27,007","27,007","1,657","2,026","2,495","2,563","3,328","4,865","5,126","3,284","1,500","161","2","26,855","26,855","1,667","1,919","2,001","2,515","2,704","3,782","4,630","3,912","3,070","640","15","53,872","53,872","3,334","3,941","4,493","5,080","6,013","8,618","9,806","7,202","4,565","802","18","26,997","26,997","1,660","2,024","2,488","2,559","3,313","4,854","5,148","3,295","1,490","164","2","26,875","26,875","1,674","1,917","2,005","2,521","2,700","3,764","4,658","3,907","3,075","638","16","53,835","53,835","3,335","3,919","4,446","5,108","5,982","8,609","9,845","7,203","4,562","808","18","26,968","26,968","1,659","2,008","2,455","2,579","3,286","4,849","5,178","3,303","1,485","164","2","26,867","26,867","1,676","1,911","1,991","2,529","2,696","3,760","4,667","3,900","3,077","644","16","53,806","53,806","3,325","3,911","4,419","5,122","5,984","8,593","9,870","7,189","4,571","804","18","26,959","26,959","1,653","2,006","2,426","2,592","3,288","4,845","5,188","3,304","1,494","161","2","26,847","26,847","1,672","1,905","1,993","2,530","2,696","3,748","4,682","3,885","3,077","643","16"
"전라남도 장성군 (4688000000)","42,894","42,894","1,853","3,045","3,394","3,383","4,552","7,303","8,619","6,031","3,944","752","18","21,990","21,990","940","1,556","1,995","1,757","2,471","4,139","4,726","2,886","1,348","168","4","20,904","20,904","913","1,489","1,399","1,626","2,081","3,164","3,893","3,145","2,596","584","14","42,921","42,921","1,878","3,040","3,383","3,385","4,548","7,275","8,643","6,061","3,923","767","18","22,030","22,030","957","1,559","1,987","1,757","2,476","4,126","4,748","2,905","1,339","172","4","20,891","20,891","921","1,481","1,396","1,628","2,072","3,149","3,895","3,156","2,584","595","14","42,903","42,903","1,873","3,035","3,312","3,413","4,519","7,264","8,678","6,093","3,924","774","18","22,034","22,034","954","1,554","1,952","1,776","2,459","4,115","4,764","2,934","1,346","176","4","20,869","20,869","919","1,481","1,360","1,637","2,060","3,149","3,914","3,159","2,578","598","14","42,909","42,909","1,862","3,025","3,303","3,419","4,503","7,241","8,716","6,115","3,921","787","17","22,045","22,045","947","1,553","1,951","1,780","2,441","4,095","4,789","2,952","1,351","182","4","20,864","20,864","915","1,472","1,352","1,639","2,062","3,146","3,927","3,163","2,570","605","13","42,926","42,926","1,878","3,007","3,275","3,435","4,509","7,211","8,745","6,126","3,929","796","15","22,042","22,042","950","1,545","1,930","1,787","2,447","4,074","4,800","2,969","1,357","180","3","20,884","20,884","928","1,462","1,345","1,648","2,062","3,137","3,945","3,157","2,572","616","12","43,013","43,013","1,868","3,014","3,309","3,448","4,498","7,232","8,740","6,160","3,925","803","16","22,109","22,109","951","1,540","1,959","1,801","2,435","4,083","4,809","2,988","1,357","183","3","20,904","20,904","917","1,474","1,350","1,647","2,063","3,149","3,931","3,172","2,568","620","13"
"전라남도 완도군 (4689000000)","44,435","44,435","1,947","3,188","2,731","2,744","5,047","7,106","9,033","6,983","4,878","762","16","22,541","22,541","1,002","1,699","1,582","1,512","2,899","4,126","4,642","3,269","1,645","163","2","21,894","21,894","945","1,489","1,149","1,232","2,148","2,980","4,391","3,714","3,233","599","14","44,319","44,319","1,926","3,162","2,699","2,706","5,064","7,096","9,026","6,990","4,867","767","16","22,502","22,502","998","1,687","1,569","1,495","2,907","4,111","4,642","3,278","1,652","161","2","21,817","21,817","928","1,475","1,130","1,211","2,157","2,985","4,384","3,712","3,215","606","14","44,240","44,240","1,918","3,154","2,663","2,711","5,044","7,029","9,049","7,050","4,827","779","16","22,481","22,481","990","1,689","1,542","1,503","2,905","4,068","4,665","3,312","1,640","165","2","21,759","21,759","928","1,465","1,121","1,208","2,139","2,961","4,384","3,738","3,187","614","14","44,178","44,178","1,904","3,145","2,649","2,714","5,035","6,996","9,053","7,058","4,811","796","17","22,461","22,461","983","1,680","1,541","1,505","2,896","4,055","4,664","3,324","1,641","170","2","21,717","21,717","921","1,465","1,108","1,209","2,139","2,941","4,389","3,734","3,170","626","15","44,141","44,141","1,898","3,140","2,630","2,705","5,032","6,980","9,033","7,070","4,812","823","18","22,449","22,449","983","1,670","1,535","1,497","2,888","4,050","4,659","3,342","1,646","177","2","21,692","21,692","915","1,470","1,095","1,208","2,144","2,930","4,374","3,728","3,166","646","16","44,079","44,079","1,875","3,138","2,626","2,699","5,021","6,969","9,013","7,081","4,809","829","19","22,429","22,429","975","1,662","1,525","1,507","2,879","4,040","4,654","3,356","1,649","179","3","21,650","21,650","900","1,476","1,101","1,192","2,142","2,929","4,359","3,725","3,160","650","16"
"전라남도 진도군 (4690000000)","27,854","27,854","1,093","1,921","1,908","1,774","2,749","4,524","5,894","4,247","3,199","534","11","13,974","13,974","513","994","1,098","944","1,587","2,610","3,115","2,024","984","103","2","13,880","13,880","580","927","810","830","1,162","1,914","2,779","2,223","2,215","431","9","27,851","27,851","1,085","1,919","1,902","1,764","2,765","4,515","5,902","4,244","3,187","557","11","13,994","13,994","507","1,003","1,105","930","1,607","2,599","3,125","2,017","986","113","2","13,857","13,857","578","916","797","834","1,158","1,916","2,777","2,227","2,201","444","9","27,851","27,851","1,083","1,928","1,881","1,756","2,765","4,489","5,923","4,266","3,178","571","11","14,004","14,004","505","1,006","1,098","919","1,600","2,596","3,146","2,035","980","117","2","13,847","13,847","578","922","783","837","1,165","1,893","2,777","2,231","2,198","454","9","27,850","27,850","1,077","1,934","1,850","1,761","2,766","4,476","5,951","4,283","3,166","574","12","14,027","14,027","503","1,012","1,078","927","1,596","2,590","3,172","2,048","982","117","2","13,823","13,823","574","922","772","834","1,170","1,886","2,779","2,235","2,184","457","10","27,814","27,814","1,069","1,921","1,835","1,767","2,757","4,449","5,955","4,314","3,150","585","12","14,010","14,010","500","1,000","1,075","939","1,578","2,581","3,166","2,071","980","118","2","13,804","13,804","569","921","760","828","1,179","1,868","2,789","2,243","2,170","467","10","27,812","27,812","1,061","1,919","1,827","1,768","2,755","4,451","5,971","4,311","3,159","579","11","14,031","14,031","500","994","1,069","943","1,580","2,584","3,179","2,073","988","119","2","13,781","13,781","561","925","758","825","1,175","1,867","2,792","2,238","2,171","460","9"
"전라남도 신안군 (4691000000)","41,768","41,768","1,381","2,652","2,802","2,450","4,316","7,325","9,447","6,446","4,195","735","19","22,374","22,374","715","1,356","1,628","1,457","2,660","4,465","5,269","3,258","1,423","140","3","19,394","19,394","666","1,296","1,174","993","1,656","2,860","4,178","3,188","2,772","595","16","41,807","41,807","1,369","2,645","2,821","2,451","4,334","7,329","9,448","6,454","4,188","747","21","22,416","22,416","711","1,353","1,629","1,455","2,672","4,480","5,272","3,271","1,427","143","3","19,391","19,391","658","1,292","1,192","996","1,662","2,849","4,176","3,183","2,761","604","18","41,963","41,963","1,385","2,682","2,833","2,480","4,322","7,293","9,517","6,460","4,205","764","22","22,496","22,496","723","1,376","1,631","1,460","2,660","4,457","5,317","3,278","1,447","144","3","19,467","19,467","662","1,306","1,202","1,020","1,662","2,836","4,200","3,182","2,758","620","19","42,042","42,042","1,382","2,683","2,847","2,487","4,314","7,298","9,568","6,458","4,212","770","23","22,576","22,576","725","1,377","1,646","1,468","2,661","4,461","5,356","3,286","1,446","146","4","19,466","19,466","657","1,306","1,201","1,019","1,653","2,837","4,212","3,172","2,766","624","19","42,127","42,127","1,396","2,687","2,828","2,500","4,330","7,290","9,593","6,476","4,231","774","22","22,632","22,632","731","1,388","1,633","1,474","2,661","4,455","5,382","3,296","1,459","149","4","19,495","19,495","665","1,299","1,195","1,026","1,669","2,835","4,211","3,180","2,772","625","18","42,236","42,236","1,400","2,699","2,819","2,525","4,340","7,271","9,658","6,502","4,227","775","20","22,689","22,689","736","1,387","1,624","1,487","2,667","4,445","5,423","3,312","1,459","147","2","19,547","19,547","664","1,312","1,195","1,038","1,673","2,826","4,235","3,190","2,768","628","18"
"경상북도  (4700000000)","2,496,968","2,496,968","127,725","214,854","218,408","251,134","330,351","431,869","460,618","287,580","146,140","27,727","562","1,262,901","1,262,901","65,564","112,231","125,017","138,466","172,400","223,867","233,439","135,316","50,390","6,140","71","1,234,067","1,234,067","62,161","102,623","93,391","112,668","157,951","208,002","227,179","152,264","95,750","21,587","491","2,493,977","2,493,977","126,674","214,260","216,590","250,315","329,605","431,343","461,364","289,467","145,689","28,100","570","1,261,556","1,261,556","65,009","112,082","123,938","138,074","172,021","223,496","234,019","136,271","50,352","6,220","74","1,232,421","1,232,421","61,665","102,178","92,652","112,241","157,584","207,847","227,345","153,196","95,337","21,880","496","2,492,899","2,492,899","125,794","214,754","215,332","250,322","328,233","429,511","462,296","292,137","145,428","28,525","567","1,261,662","1,261,662","64,549","112,477","123,418","138,179","171,413","222,461","234,667","137,633","50,463","6,327","75","1,231,237","1,231,237","61,245","102,277","91,914","112,143","156,820","207,050","227,629","154,504","94,965","22,198","492","2,491,969","2,491,969","125,022","214,887","214,559","250,392","327,285","428,912","462,820","293,735","144,897","28,884","576","1,261,277","1,261,277","64,190","112,519","122,937","138,261","170,922","222,054","235,084","138,364","50,457","6,411","78","1,230,692","1,230,692","60,832","102,368","91,622","112,131","156,363","206,858","227,736","155,371","94,440","22,473","498","2,490,352","2,490,352","124,254","214,597","213,832","250,302","326,619","428,049","463,028","295,298","144,701","29,095","577","1,260,576","1,260,576","63,810","112,331","122,508","138,280","170,648","221,569","235,320","139,109","50,478","6,440","83","1,229,776","1,229,776","60,444","102,266","91,324","112,022","155,971","206,480","227,708","156,189","94,223","22,655","494","2,489,564","2,489,564","123,598","214,484","213,135","250,317","326,598","427,378","463,236","296,550","144,614","29,081","573","1,260,348","1,260,348","63,495","112,277","122,069","138,342","170,720","221,119","235,555","139,742","50,496","6,450","83","1,229,216","1,229,216","60,103","102,207","91,066","111,975","155,878","206,259","227,681","156,808","94,118","22,631","490"
"경상북도 포항시 (4711000000)","487,444","487,444","28,131","46,133","43,979","54,057","69,909","84,328","86,849","51,461","19,535","3,005","57","246,996","246,996","14,617","23,992","25,526","30,080","35,762","42,391","42,080","24,758","7,179","602","9","240,448","240,448","13,514","22,141","18,453","23,977","34,147","41,937","44,769","26,703","12,356","2,403","48","487,209","487,209","28,021","46,073","43,598","54,049","69,882","84,158","86,940","51,874","19,517","3,038","59","246,859","246,859","14,537","24,031","25,277","30,098","35,735","42,262","42,138","24,949","7,204","619","9","240,350","240,350","13,484","22,042","18,321","23,951","34,147","41,896","44,802","26,925","12,313","2,419","50","486,573","486,573","27,873","45,865","43,108","54,160","69,652","83,747","87,077","52,390","19,558","3,085","58","246,509","246,509","14,437","23,966","24,973","30,166","35,636","42,059","42,215","25,155","7,252","641","9","240,064","240,064","13,436","21,899","18,135","23,994","34,016","41,688","44,862","27,235","12,306","2,444","49","486,196","486,196","27,754","45,841","42,694","54,227","69,488","83,595","87,128","52,702","19,575","3,134","58","246,236","246,236","14,382","23,966","24,655","30,231","35,558","41,978","42,242","25,287","7,274","653","10","239,960","239,960","13,372","21,875","18,039","23,996","33,930","41,617","44,886","27,415","12,301","2,481","48","485,872","485,872","27,587","45,828","42,470","54,244","69,397","83,420","87,089","52,983","19,630","3,164","60","246,018","246,018","14,305","23,946","24,504","30,254","35,512","41,886","42,224","25,410","7,310","656","11","239,854","239,854","13,282","21,882","17,966","23,990","33,885","41,534","44,865","27,573","12,320","2,508","49","485,813","485,813","27,479","45,851","42,254","54,385","69,411","83,242","87,035","53,241","19,678","3,180","57","245,985","245,985","14,263","23,948","24,344","30,372","35,529","41,762","42,245","25,517","7,331","664","10","239,828","239,828","13,216","21,903","17,910","24,013","33,882","41,480","44,790","27,724","12,347","2,516","47"
"경상북도 포항시 남구 (4711100000)","214,282","214,282","11,101","20,179","19,938","22,118","31,114","37,307","38,562","23,894","8,790","1,258","21","111,089","111,089","5,777","10,516","12,086","12,696","16,371","19,599","18,892","11,581","3,326","242","3","103,193","103,193","5,324","9,663","7,852","9,422","14,743","17,708","19,670","12,313","5,464","1,016","18","213,912","213,912","10,989","20,153","19,748","22,035","31,039","37,198","38,597","24,074","8,776","1,281","22","110,903","110,903","5,712","10,520","11,984","12,659","16,321","19,525","18,929","11,663","3,333","254","3","103,009","103,009","5,277","9,633","7,764","9,376","14,718","17,673","19,668","12,411","5,443","1,027","19","213,391","213,391","10,882","20,048","19,511","22,036","30,885","36,974","38,638","24,285","8,810","1,302","20","110,662","110,662","5,641","10,499","11,852","12,660","16,248","19,431","18,944","11,757","3,360","268","2","102,729","102,729","5,241","9,549","7,659","9,376","14,637","17,543","19,694","12,528","5,450","1,034","18","213,009","213,009","10,796","20,041","19,312","22,005","30,791","36,895","38,597","24,423","8,814","1,316","19","110,413","110,413","5,594","10,503","11,695","12,657","16,189","19,400","18,925","11,809","3,366","273","2","102,596","102,596","5,202","9,538","7,617","9,348","14,602","17,495","19,672","12,614","5,448","1,043","17","212,776","212,776","10,694","20,024","19,243","22,005","30,739","36,820","38,533","24,536","8,832","1,330","20","110,297","110,297","5,538","10,505","11,658","12,670","16,149","19,357","18,916","11,847","3,384","271","2","102,479","102,479","5,156","9,519","7,585","9,335","14,590","17,463","19,617","12,689","5,448","1,059","18","211,736","211,736","10,453","19,961","19,084","21,692","30,592","36,663","38,450","24,615","8,867","1,339","20","109,769","109,769","5,429","10,452","11,556","12,529","16,068","19,250","18,932","11,878","3,398","275","2","101,967","101,967","5,024","9,509","7,528","9,163","14,524","17,413","19,518","12,737","5,469","1,064","18"
"경상북도 포항시 북구 (4711300000)","273,162","273,162","17,030","25,954","24,041","31,939","38,795","47,021","48,287","27,567","10,745","1,747","36","135,907","135,907","8,840","13,476","13,440","17,384","19,391","22,792","23,188","13,177","3,853","360","6","137,255","137,255","8,190","12,478","10,601","14,555","19,404","24,229","25,099","14,390","6,892","1,387","30","273,297","273,297","17,032","25,920","23,850","32,014","38,843","46,960","48,343","27,800","10,741","1,757","37","135,956","135,956","8,825","13,511","13,293","17,439","19,414","22,737","23,209","13,286","3,871","365","6","137,341","137,341","8,207","12,409","10,557","14,575","19,429","24,223","25,134","14,514","6,870","1,392","31","273,182","273,182","16,991","25,817","23,597","32,124","38,767","46,773","48,439","28,105","10,748","1,783","38","135,847","135,847","8,796","13,467","13,121","17,506","19,388","22,628","23,271","13,398","3,892","373","7","137,335","137,335","8,195","12,350","10,476","14,618","19,379","24,145","25,168","14,707","6,856","1,410","31","273,187","273,187","16,958","25,800","23,382","32,222","38,697","46,700","48,531","28,279","10,761","1,818","39","135,823","135,823","8,788","13,463","12,960","17,574","19,369","22,578","23,317","13,478","3,908","380","8","137,364","137,364","8,170","12,337","10,422","14,648","19,328","24,122","25,214","14,801","6,853","1,438","31","273,096","273,096","16,893","25,804","23,227","32,239","38,658","46,600","48,556","28,447","10,798","1,834","40","135,721","135,721","8,767","13,441","12,846","17,584","19,363","22,529","23,308","13,563","3,926","385","9","137,375","137,375","8,126","12,363","10,381","14,655","19,295","24,071","25,248","14,884","6,872","1,449","31","274,077","274,077","17,026","25,890","23,170","32,693","38,819","46,579","48,585","28,626","10,811","1,841","37","136,216","136,216","8,834","13,496","12,788","17,843","19,461","22,512","23,313","13,639","3,933","389","8","137,861","137,861","8,192","12,394","10,382","14,850","19,358","24,067","25,272","14,987","6,878","1,452","29"
"경상북도 경주시 (4713000000)","242,990","242,990","11,471","18,841","20,119","22,933","30,042","44,751","47,520","29,753","14,840","2,669","51","121,569","121,569","5,910","9,730","11,313","12,581","15,644","22,958","23,970","13,791","5,091","571","10","121,421","121,421","5,561","9,111","8,806","10,352","14,398","21,793","23,550","15,962","9,749","2,098","41","242,686","242,686","11,331","18,734","19,996","22,845","29,947","44,700","47,585","29,963","14,829","2,703","53","121,467","121,467","5,829","9,718","11,227","12,556","15,612","22,898","24,049","13,891","5,101","575","11","121,219","121,219","5,502","9,016","8,769","10,289","14,335","21,802","23,536","16,072","9,728","2,128","42","242,510","242,510","11,269","18,665","19,844","22,897","29,804","44,466","47,696","30,255","14,797","2,766","51","121,408","121,408","5,787","9,670","11,168","12,573","15,573","22,788","24,104","14,042","5,103","589","11","121,102","121,102","5,482","8,995","8,676","10,324","14,231","21,678","23,592","16,213","9,694","2,177","40","242,421","242,421","11,225","18,617","19,796","22,956","29,714","44,376","47,789","30,361","14,745","2,792","50","121,355","121,355","5,771","9,633","11,137","12,602","15,529","22,715","24,164","14,100","5,103","590","11","121,066","121,066","5,454","8,984","8,659","10,354","14,185","21,661","23,625","16,261","9,642","2,202","39","242,387","242,387","11,198","18,587","19,749","22,998","29,628","44,235","47,870","30,537","14,709","2,826","50","121,348","121,348","5,759","9,634","11,107","12,618","15,507","22,632","24,202","14,183","5,095","600","11","121,039","121,039","5,439","8,953","8,642","10,380","14,121","21,603","23,668","16,354","9,614","2,226","39","242,311","242,311","11,165","18,575","19,680","23,034","29,602","44,101","47,929","30,650","14,702","2,824","49","121,323","121,323","5,752","9,636","11,049","12,651","15,492","22,552","24,240","14,243","5,089","608","11","120,988","120,988","5,413","8,939","8,631","10,383","14,110","21,549","23,689","16,407","9,613","2,216","38"
"경상북도 김천시 (4715000000)","133,140","133,140","7,199","11,912","10,514","12,949","17,090","22,209","24,812","16,158","8,481","1,787","29","67,002","67,002","3,738","6,453","5,941","7,071","8,936","11,470","12,596","7,514","2,855","425","3","66,138","66,138","3,461","5,459","4,573","5,878","8,154","10,739","12,216","8,644","5,626","1,362","26","132,778","132,778","7,154","11,775","10,386","12,888","17,031","22,168","24,861","16,226","8,455","1,803","31","66,812","66,812","3,715","6,357","5,861","7,034","8,918","11,463","12,630","7,554","2,845","432","3","65,966","65,966","3,439","5,418","4,525","5,854","8,113","10,705","12,231","8,672","5,610","1,371","28","132,848","132,848","7,111","12,017","10,282","12,864","16,971","22,098","24,862","16,320","8,454","1,835","34","66,978","66,978","3,691","6,575","5,809","7,033","8,901","11,413","12,653","7,599","2,861","440","3","65,870","65,870","3,420","5,442","4,473","5,831","8,070","10,685","12,209","8,721","5,593","1,395","31","132,758","132,758","7,080","12,011","10,227","12,865","16,913","22,038","24,908","16,397","8,426","1,859","34","66,924","66,924","3,683","6,570","5,777","7,029","8,870","11,369","12,690","7,627","2,856","450","3","65,834","65,834","3,397","5,441","4,450","5,836","8,043","10,669","12,218","8,770","5,570","1,409","31","132,548","132,548","7,041","11,983","10,136","12,828","16,866","21,987","24,875","16,504","8,430","1,862","36","66,829","66,829","3,660","6,547","5,732","7,023","8,826","11,348","12,699","7,678","2,864","448","4","65,719","65,719","3,381","5,436","4,404","5,805","8,040","10,639","12,176","8,826","5,566","1,414","32","132,450","132,450","6,980","11,977","10,099","12,837","16,835","21,957","24,865","16,572","8,424","1,868","36","66,776","66,776","3,628","6,546","5,714","7,029","8,810","11,336","12,687","7,714","2,863","445","4","65,674","65,674","3,352","5,431","4,385","5,808","8,025","10,621","12,178","8,858","5,561","1,423","32"
"경상북도 안동시 (4717000000)","151,860","151,860","7,227","12,823","15,022","14,041","18,358","25,338","27,555","18,889","10,573","1,993","41","75,159","75,159","3,711","6,746","8,062","7,573","9,372","13,191","13,682","8,652","3,711","453","6","76,701","76,701","3,516","6,077","6,960","6,468","8,986","12,147","13,873","10,237","6,862","1,540","35","151,460","151,460","7,165","12,748","14,776","13,981","18,301","25,304","27,611","18,978","10,530","2,024","42","74,936","74,936","3,680","6,708","7,926","7,544","9,339","13,161","13,717","8,696","3,692","467","6","76,524","76,524","3,485","6,040","6,850","6,437","8,962","12,143","13,894","10,282","6,838","1,557","36","151,808","151,808","7,125","13,045","14,875","13,983","18,188","25,231","27,650","19,117","10,512","2,038","44","75,214","75,214","3,671","6,895","8,006","7,562","9,280","13,106","13,751","8,765","3,696","476","6","76,594","76,594","3,454","6,150","6,869","6,421","8,908","12,125","13,899","10,352","6,816","1,562","38","152,190","152,190","7,092","13,277","14,985","14,006","18,151","25,221","27,666","19,220","10,457","2,073","42","75,470","75,470","3,660","7,025","8,093","7,570","9,254","13,106","13,754","8,821","3,700","482","5","76,720","76,720","3,432","6,252","6,892","6,436","8,897","12,115","13,912","10,399","6,757","1,591","37","151,967","151,967","7,045","13,195","14,930","14,001","18,056","25,204","27,638","19,307","10,453","2,092","46","75,364","75,364","3,638","6,972","8,063","7,574","9,210","13,095","13,743","8,869","3,709","484","7","76,603","76,603","3,407","6,223","6,867","6,427","8,846","12,109","13,895","10,438","6,744","1,608","39","151,585","151,585","7,011","13,095","14,886","13,950","18,030","25,095","27,580","19,375","10,433","2,087","43","75,154","75,154","3,631","6,908","8,034","7,547","9,198","13,016","13,732","8,893","3,705","483","7","76,431","76,431","3,380","6,187","6,852","6,403","8,832","12,079","13,848","10,482","6,728","1,604","36"
"경상북도 구미시 (4719000000)","402,503","402,503","27,367","44,594","43,669","57,261","69,488","71,553","54,762","22,630","9,266","1,865","48","207,790","207,790","14,011","23,166","25,585","31,379","35,815","35,477","28,216","10,691","3,035","410","5","194,713","194,713","13,356","21,428","18,084","25,882","33,673","36,076","26,546","11,939","6,231","1,455","43","402,103","402,103","27,134","44,474","43,373","57,010","69,429","71,600","55,046","22,838","9,276","1,876","47","207,598","207,598","13,890","23,166","25,373","31,252","35,809","35,490","28,354","10,803","3,045","412","4","194,505","194,505","13,244","21,308","18,000","25,758","33,620","36,110","26,692","12,035","6,231","1,464","43","402,112","402,112","26,970","44,621","43,070","57,075","69,228","71,462","55,330","23,122","9,280","1,908","46","207,774","207,774","13,787","23,288","25,295","31,341","35,716","35,386","28,518","10,956","3,065","418","4","194,338","194,338","13,183","21,333","17,775","25,734","33,512","36,076","26,812","12,166","6,215","1,490","42","401,993","401,993","26,783","44,613","42,880","57,069","69,131","71,478","55,504","23,297","9,272","1,920","46","207,729","207,729","13,690","23,304","25,225","31,330","35,660","35,385","28,594","11,043","3,073","421","4","194,264","194,264","13,093","21,309","17,655","25,739","33,471","36,093","26,910","12,254","6,199","1,499","42","401,766","401,766","26,593","44,614","42,620","57,019","69,091","71,453","55,684","23,456","9,264","1,929","43","207,683","207,683","13,595","23,307","25,083","31,323","35,681","35,378","28,682","11,126","3,081","423","4","194,083","194,083","12,998","21,307","17,537","25,696","33,410","36,075","27,002","12,330","6,183","1,506","39","401,620","401,620","26,426","44,665","42,442","56,885","69,150","71,445","55,750","23,629","9,241","1,944","43","207,669","207,669","13,503","23,339","24,993","31,283","35,762","35,354","28,688","11,235","3,086","422","4","193,951","193,951","12,923","21,326","17,449","25,602","33,388","36,091","27,062","12,394","6,155","1,522","39"
"경상북도 영주시 (4721000000)","96,823","96,823","4,099","8,535","7,765","7,400","10,914","16,478","18,907","13,735","7,530","1,423","37","48,134","48,134","2,098","4,624","4,464","4,114","5,587","8,575","9,331","6,284","2,706","347","4","48,689","48,689","2,001","3,911","3,301","3,286","5,327","7,903","9,576","7,451","4,824","1,076","33","96,593","96,593","4,079","8,448","7,660","7,377","10,881","16,423","18,934","13,803","7,503","1,446","39","48,017","48,017","2,088","4,582","4,393","4,099","5,587","8,538","9,363","6,313","2,699","351","4","48,576","48,576","1,991","3,866","3,267","3,278","5,294","7,885","9,571","7,490","4,804","1,095","35","96,478","96,478","4,034","8,460","7,617","7,367","10,797","16,345","18,922","13,955","7,471","1,472","38","48,006","48,006","2,072","4,582","4,403","4,092","5,549","8,478","9,375","6,399","2,690","362","4","48,472","48,472","1,962","3,878","3,214","3,275","5,248","7,867","9,547","7,556","4,781","1,110","34","96,358","96,358","3,995","8,433","7,610","7,351","10,751","16,336","18,905","14,028","7,415","1,494","40","47,951","47,951","2,043","4,571","4,402","4,088","5,533","8,469","9,372","6,416","2,676","377","4","48,407","48,407","1,952","3,862","3,208","3,263","5,218","7,867","9,533","7,612","4,739","1,117","36","96,313","96,313","3,969","8,441","7,569","7,376","10,701","16,313","18,914","14,096","7,386","1,513","35","47,926","47,926","2,037","4,563","4,372","4,103","5,512","8,456","9,387","6,444","2,664","384","4","48,387","48,387","1,932","3,878","3,197","3,273","5,189","7,857","9,527","7,652","4,722","1,129","31","96,237","96,237","3,949","8,431","7,530","7,381","10,682","16,275","18,907","14,147","7,390","1,508","37","47,874","47,874","2,023","4,554","4,365","4,096","5,498","8,440","9,387","6,461","2,669","376","5","48,363","48,363","1,926","3,877","3,165","3,285","5,184","7,835","9,520","7,686","4,721","1,132","32"
"경상북도 영천시 (4723000000)","94,754","94,754","4,112","5,933","6,339","7,701","10,038","16,467","20,651","14,520","7,635","1,343","15","48,450","48,450","2,112","3,124","3,729","4,231","5,592","8,927","10,836","6,953","2,637","306","3","46,304","46,304","2,000","2,809","2,610","3,470","4,446","7,540","9,815","7,567","4,998","1,037","12","94,568","94,568","4,058","6,018","6,193","7,663","9,985","16,396","20,668","14,610","7,603","1,358","16","48,352","48,352","2,081","3,182","3,650","4,211","5,556","8,879","10,838","7,017","2,627","308","3","46,216","46,216","1,977","2,836","2,543","3,452","4,429","7,517","9,830","7,593","4,976","1,050","13","94,446","94,446","4,025","6,032","6,143","7,644","9,927","16,268","20,693","14,745","7,579","1,373","17","48,307","48,307","2,070","3,183","3,638","4,191","5,515","8,818","10,857","7,088","2,636","308","3","46,139","46,139","1,955","2,849","2,505","3,453","4,412","7,450","9,836","7,657","4,943","1,065","14","94,296","94,296","3,997","6,035","6,077","7,611","9,861","16,218","20,690","14,829","7,560","1,401","17","48,206","48,206","2,057","3,179","3,599","4,174","5,462","8,775","10,872","7,126","2,648","311","3","46,090","46,090","1,940","2,856","2,478","3,437","4,399","7,443","9,818","7,703","4,912","1,090","14","94,140","94,140","3,996","6,007","6,013","7,607","9,832","16,143","20,701","14,861","7,550","1,414","16","48,100","48,100","2,055","3,162","3,565","4,160","5,446","8,731","10,882","7,137","2,645","315","2","46,040","46,040","1,941","2,845","2,448","3,447","4,386","7,412","9,819","7,724","4,905","1,099","14","93,916","93,916","3,973","6,006","5,963","7,576","9,795","16,101","20,638","14,895","7,542","1,413","14","47,987","47,987","2,045","3,163","3,532","4,135","5,423","8,710","10,869","7,156","2,638","314","2","45,929","45,929","1,928","2,843","2,431","3,441","4,372","7,391","9,769","7,739","4,904","1,099","12"
"경상북도 상주시 (4725000000)","89,627","89,627","3,402","6,822","5,886","5,906","9,070","14,506","19,714","13,979","8,477","1,828","37","44,223","44,223","1,748","3,637","3,351","3,216","4,811","7,747","10,069","6,491","2,749","402","2","45,404","45,404","1,654","3,185","2,535","2,690","4,259","6,759","9,645","7,488","5,728","1,426","35","89,432","89,432","3,387","6,760","5,799","5,899","9,053","14,472","19,695","14,046","8,433","1,853","35","44,131","44,131","1,743","3,613","3,306","3,203","4,804","7,721","10,065","6,525","2,736","412","3","45,301","45,301","1,644","3,147","2,493","2,696","4,249","6,751","9,630","7,521","5,697","1,441","32","89,407","89,407","3,367","6,819","5,790","5,862","9,021","14,361","19,722","14,154","8,388","1,884","39","44,201","44,201","1,736","3,682","3,324","3,179","4,791","7,656","10,099","6,582","2,726","422","4","45,206","45,206","1,631","3,137","2,466","2,683","4,230","6,705","9,623","7,572","5,662","1,462","35","89,296","89,296","3,329","6,802","5,767","5,866","8,988","14,319","19,707","14,231","8,346","1,898","43","44,136","44,136","1,719","3,665","3,317","3,179","4,776","7,618","10,106","6,612","2,715","424","5","45,160","45,160","1,610","3,137","2,450","2,687","4,212","6,701","9,601","7,619","5,631","1,474","38","89,217","89,217","3,312","6,785","5,730","5,871","8,970","14,308","19,695","14,278","8,319","1,906","43","44,109","44,109","1,711","3,664","3,297","3,184","4,777","7,605","10,109","6,633","2,703","421","5","45,108","45,108","1,601","3,121","2,433","2,687","4,193","6,703","9,586","7,645","5,616","1,485","38","89,061","89,061","3,291","6,766","5,711","5,833","8,947","14,245","19,693","14,347","8,294","1,887","47","44,046","44,046","1,702","3,652","3,291","3,164","4,766","7,566","10,120","6,654","2,704","422","5","45,015","45,015","1,589","3,114","2,420","2,669","4,181","6,679","9,573","7,693","5,590","1,465","42"
"경상북도 문경시 (4728000000)","64,967","64,967","2,475","4,783","4,453","4,297","6,797","10,671","14,142","10,215","5,944","1,160","30","31,976","31,976","1,267","2,560","2,540","2,319","3,560","5,664","7,159","4,668","2,022","215","2","32,991","32,991","1,208","2,223","1,913","1,978","3,237","5,007","6,983","5,547","3,922","945","28","64,767","64,767","2,431","4,730","4,383","4,299","6,752","10,632","14,127","10,273","5,931","1,179","30","31,867","31,867","1,240","2,518","2,511","2,312","3,534","5,638","7,167","4,708","2,020","216","3","32,900","32,900","1,191","2,212","1,872","1,987","3,218","4,994","6,960","5,565","3,911","963","27","64,681","64,681","2,408","4,768","4,318","4,282","6,705","10,563","14,104","10,401","5,911","1,190","31","31,812","31,812","1,239","2,528","2,465","2,303","3,507","5,607","7,141","4,780","2,022","217","3","32,869","32,869","1,169","2,240","1,853","1,979","3,198","4,956","6,963","5,621","3,889","973","28","64,650","64,650","2,386","4,772","4,320","4,289","6,673","10,532","14,098","10,462","5,876","1,211","31","31,794","31,794","1,230","2,533","2,461","2,308","3,482","5,575","7,145","4,815","2,024","218","3","32,856","32,856","1,156","2,239","1,859","1,981","3,191","4,957","6,953","5,647","3,852","993","28","64,570","64,570","2,374","4,764","4,270","4,305","6,636","10,517","14,070","10,537","5,853","1,214","30","31,768","31,768","1,224","2,519","2,439","2,328","3,461","5,585","7,140","4,841","2,012","216","3","32,802","32,802","1,150","2,245","1,831","1,977","3,175","4,932","6,930","5,696","3,841","998","27","64,552","64,552","2,357","4,751","4,257","4,323","6,644","10,486","14,080","10,556","5,857","1,211","30","31,773","31,773","1,221","2,508","2,437","2,339","3,468","5,566","7,147","4,859","2,005","220","3","32,779","32,779","1,136","2,243","1,820","1,984","3,176","4,920","6,933","5,697","3,852","991","27"
"경상북도 경산시 (4729000000)","262,566","262,566","14,316","22,936","32,599","30,344","36,289","45,896","42,049","24,773","11,460","1,876","28","131,654","131,654","7,219","11,644","17,857","16,669","18,737","22,940","20,710","11,325","4,113","435","5","130,912","130,912","7,097","11,292","14,742","13,675","17,552","22,956","21,339","13,448","7,347","1,441","23","262,519","262,519","14,164","23,083","32,572","30,243","36,155","45,874","42,120","24,951","11,416","1,913","28","131,624","131,624","7,140","11,696","17,867","16,605","18,660","22,925","20,775","11,390","4,120","440","6","130,895","130,895","7,024","11,387","14,705","13,638","17,495","22,949","21,345","13,561","7,296","1,473","22","262,690","262,690","14,066","23,215","32,682","30,181","36,001","45,731","42,241","25,170","11,433","1,941","29","131,722","131,722","7,103","11,701","17,960","16,583","18,591","22,854","20,841","11,506","4,134","442","7","130,968","130,968","6,963","11,514","14,722","13,598","17,410","22,877","21,400","13,664","7,299","1,499","22","262,740","262,740","13,948","23,293","32,820","30,143","35,867","45,673","42,262","25,319","11,411","1,974","30","131,776","131,776","7,059","11,721","18,035","16,565","18,539","22,825","20,872","11,559","4,145","449","7","130,964","130,964","6,889","11,572","14,785","13,578","17,328","22,848","21,390","13,760","7,266","1,525","23","262,860","262,860","13,828","23,316","33,094","30,129","35,773","45,566","42,255","25,467","11,420","1,983","29","131,865","131,865","6,989","11,735","18,200","16,563","18,490","22,758","20,887","11,621","4,172","443","7","130,995","130,995","6,839","11,581","14,894","13,566","17,283","22,808","21,368","13,846","7,248","1,540","22","262,628","262,628","13,752","23,260","33,009","30,099","35,717","45,500","42,294","25,558","11,422","1,988","29","131,763","131,763","6,944","11,727","18,135","16,529","18,463","22,737","20,928","11,664","4,182","446","8","130,865","130,865","6,808","11,533","14,874","13,570","17,254","22,763","21,366","13,894","7,240","1,542","21"
"경상북도 의성군 (4773000000)","47,773","47,773","1,257","2,034","1,923","2,612","3,690","7,002","12,276","9,650","6,055","1,254","20","23,991","23,991","660","1,127","1,123","1,520","2,134","4,067","6,454","4,558","2,053","294","1","23,782","23,782","597","907","800","1,092","1,556","2,935","5,822","5,092","4,002","960","19","47,763","47,763","1,250","2,030","1,886","2,609","3,691","6,993","12,286","9,701","6,015","1,282","20","24,011","24,011","663","1,130","1,107","1,515","2,134","4,053","6,476","4,587","2,044","301","1","23,752","23,752","587","900","779","1,094","1,557","2,940","5,810","5,114","3,971","981","19","47,717","47,717","1,245","2,032","1,869","2,598","3,690","6,932","12,278","9,780","5,980","1,293","20","24,003","24,003","658","1,136","1,086","1,511","2,134","4,010","6,483","4,638","2,042","304","1","23,714","23,714","587","896","783","1,087","1,556","2,922","5,795","5,142","3,938","989","19","47,726","47,726","1,249","2,038","1,870","2,571","3,685","6,922","12,273","9,843","5,937","1,319","19","24,004","24,004","655","1,137","1,083","1,495","2,127","4,002","6,486","4,674","2,029","315","1","23,722","23,722","594","901","787","1,076","1,558","2,920","5,787","5,169","3,908","1,004","18","47,790","47,790","1,254","2,034","1,864","2,575","3,698","6,919","12,262","9,915","5,920","1,329","20","24,029","24,029","661","1,137","1,071","1,492","2,133","3,985","6,489","4,717","2,022","320","2","23,761","23,761","593","897","793","1,083","1,565","2,934","5,773","5,198","3,898","1,009","18","47,850","47,850","1,264","2,027","1,875","2,587","3,718","6,904","12,275","9,946","5,915","1,319","20","24,088","24,088","672","1,133","1,087","1,485","2,144","3,978","6,503","4,732","2,034","318","2","23,762","23,762","592","894","788","1,102","1,574","2,926","5,772","5,214","3,881","1,001","18"
"경상북도 청송군 (4775000000)","23,290","23,290","692","985","1,159","1,437","1,858","3,707","5,920","4,301","2,721","499","11","11,763","11,763","361","512","662","887","1,067","2,075","3,070","2,077","928","123","1","11,527","11,527","331","473","497","550","791","1,632","2,850","2,224","1,793","376","10","23,279","23,279","688","989","1,138","1,432","1,871","3,688","5,917","4,329","2,706","509","12","11,764","11,764","359","515","651","886","1,071","2,068","3,077","2,089","925","122","1","11,515","11,515","329","474","487","546","800","1,620","2,840","2,240","1,781","387","11","23,249","23,249","692","969","1,126","1,432","1,858","3,661","5,939","4,346","2,692","523","11","11,744","11,744","360","493","650","885","1,063","2,052","3,088","2,109","924","119","1","11,505","11,505","332","476","476","547","795","1,609","2,851","2,237","1,768","404","10","23,221","23,221","695","962","1,116","1,428","1,849","3,659","5,927","4,367","2,678","529","11","11,709","11,709","360","489","636","881","1,054","2,045","3,087","2,117","921","118","1","11,512","11,512","335","473","480","547","795","1,614","2,840","2,250","1,757","411","10","23,246","23,246","694","958","1,116","1,449","1,861","3,641","5,936","4,381","2,668","532","10","11,729","11,729","360","489","639","891","1,058","2,041","3,093","2,125","914","118","1","11,517","11,517","334","469","477","558","803","1,600","2,843","2,256","1,754","414","9","23,984","23,984","709","1,002","1,236","1,562","1,979","3,804","6,035","4,440","2,675","531","11","12,138","12,138","363","513","702","974","1,137","2,123","3,143","2,153","909","120","1","11,846","11,846","346","489","534","588","842","1,681","2,892","2,287","1,766","411","10"
"경상북도 영양군 (4776000000)","15,980","15,980","420","900","917","946","1,356","2,644","3,877","2,716","1,862","328","14","8,014","8,014","213","477","513","528","776","1,545","2,011","1,270","616","65","0","7,966","7,966","207","423","404","418","580","1,099","1,866","1,446","1,246","263","14","15,969","15,969","414","898","911","942","1,342","2,637","3,889","2,737","1,850","334","15","8,023","8,023","210","478","514","530","765","1,544","2,019","1,287","610","66","0","7,946","7,946","204","420","397","412","577","1,093","1,870","1,450","1,240","268","15","15,988","15,988","407","902","909","951","1,336","2,629","3,911","2,745","1,846","339","13","8,054","8,054","207","478","512","540","762","1,533","2,044","1,298","612","68","0","7,934","7,934","200","424","397","411","574","1,096","1,867","1,447","1,234","271","13","15,973","15,973","411","883","908","944","1,344","2,601","3,926","2,767","1,829","347","13","8,060","8,060","211","471","515","539","767","1,512","2,067","1,305","604","69","0","7,913","7,913","200","412","393","405","577","1,089","1,859","1,462","1,225","278","13","15,950","15,950","407","873","901","946","1,337","2,589","3,924","2,786","1,823","351","13","8,050","8,050","209","468","510","538","762","1,507","2,066","1,315","607","68","0","7,900","7,900","198","405","391","408","575","1,082","1,858","1,471","1,216","283","13","15,953","15,953","402","868","895","945","1,348","2,571","3,950","2,788","1,824","349","13","8,054","8,054","207","467","508","531","768","1,498","2,079","1,320","607","69","0","7,899","7,899","195","401","387","414","580","1,073","1,871","1,468","1,217","280","13"
"경상북도 영덕군 (4777000000)","32,553","32,553","934","1,740","1,562","1,810","2,930","5,263","7,530","5,944","4,072","756","12","15,628","15,628","456","917","910","1,002","1,520","2,935","3,794","2,665","1,270","157","2","16,925","16,925","478","823","652","808","1,410","2,328","3,736","3,279","2,802","599","10","32,516","32,516","917","1,731","1,561","1,799","2,913","5,239","7,552","5,979","4,052","760","13","15,609","15,609","449","920","902","996","1,506","2,922","3,801","2,691","1,265","155","2","16,907","16,907","468","811","659","803","1,407","2,317","3,751","3,288","2,787","605","11","32,468","32,468","906","1,714","1,539","1,783","2,899","5,203","7,574","6,032","4,024","784","10","15,600","15,600","442","910","891","986","1,510","2,902","3,815","2,718","1,264","161","1","16,868","16,868","464","804","648","797","1,389","2,301","3,759","3,314","2,760","623","9","32,462","32,462","896","1,717","1,527","1,787","2,908","5,194","7,591","6,056","3,984","790","12","15,611","15,611","435","909","877","989","1,516","2,897","3,845","2,724","1,251","167","1","16,851","16,851","461","808","650","798","1,392","2,297","3,746","3,332","2,733","623","11","32,449","32,449","896","1,717","1,520","1,783","2,917","5,172","7,612","6,059","3,964","797","12","15,617","15,617","436","907","867","992","1,526","2,885","3,863","2,725","1,246","169","1","16,832","16,832","460","810","653","791","1,391","2,287","3,749","3,334","2,718","628","11","32,484","32,484","890","1,712","1,517","1,778","2,927","5,169","7,647","6,083","3,950","800","11","15,624","15,624","427","907","860","994","1,536","2,866","3,881","2,740","1,245","167","1","16,860","16,860","463","805","657","784","1,391","2,303","3,766","3,343","2,705","633","10"
"경상북도 청도군 (4782000000)","40,028","40,028","1,004","1,980","1,725","2,124","3,509","6,255","10,304","7,924","4,233","951","19","19,989","19,989","512","1,007","988","1,168","1,933","3,423","5,452","3,817","1,480","207","2","20,039","20,039","492","973","737","956","1,576","2,832","4,852","4,107","2,753","744","17","40,033","40,033","992","2,006","1,704","2,110","3,506","6,253","10,293","7,966","4,229","955","19","20,000","20,000","507","1,017","974","1,166","1,922","3,422","5,461","3,839","1,483","207","2","20,033","20,033","485","989","730","944","1,584","2,831","4,832","4,127","2,746","748","17","40,038","40,038","987","2,001","1,663","2,113","3,505","6,212","10,316","8,052","4,205","965","19","20,034","20,034","505","1,027","942","1,174","1,925","3,396","5,493","3,884","1,478","207","3","20,004","20,004","482","974","721","939","1,580","2,816","4,823","4,168","2,727","758","16","40,049","40,049","994","1,985","1,648","2,100","3,496","6,222","10,342","8,065","4,205","972","20","20,070","20,070","507","1,020","939","1,167","1,920","3,402","5,524","3,889","1,488","211","3","19,979","19,979","487","965","709","933","1,576","2,820","4,818","4,176","2,717","761","17","39,973","39,973","979","1,970","1,635","2,090","3,486","6,179","10,347","8,100","4,182","984","21","20,031","20,031","497","1,009","926","1,167","1,907","3,384","5,530","3,916","1,477","215","3","19,942","19,942","482","961","709","923","1,579","2,795","4,817","4,184","2,705","769","18","39,935","39,935","975","1,962","1,625","2,082","3,468","6,158","10,360","8,125","4,186","973","21","20,020","20,020","491","1,012","919","1,161","1,898","3,367","5,536","3,945","1,473","215","3","19,915","19,915","484","950","706","921","1,570","2,791","4,824","4,180","2,713","758","18"
"경상북도 고령군 (4783000000)","29,584","29,584","859","1,663","1,721","1,841","2,886","5,228","7,206","4,904","2,732","531","13","15,300","15,300","442","899","1,024","1,015","1,589","2,988","3,879","2,417","923","120","4","14,284","14,284","417","764","697","826","1,297","2,240","3,327","2,487","1,809","411","9","29,560","29,560","859","1,630","1,707","1,851","2,875","5,192","7,233","4,935","2,729","536","13","15,298","15,298","444","879","1,015","1,014","1,581","2,973","3,903","2,439","925","121","4","14,262","14,262","415","751","692","837","1,294","2,219","3,330","2,496","1,804","415","9","29,543","29,543","851","1,624","1,698","1,850","2,847","5,192","7,258","4,954","2,709","547","13","15,292","15,292","438","874","1,003","1,019","1,570","2,980","3,916","2,443","920","125","4","14,251","14,251","413","750","695","831","1,277","2,212","3,342","2,511","1,789","422","9","29,586","29,586","855","1,624","1,674","1,878","2,842","5,196","7,277","4,986","2,680","561","13","15,315","15,315","439","873","991","1,038","1,569","2,981","3,923","2,461","909","127","4","14,271","14,271","416","751","683","840","1,273","2,215","3,354","2,525","1,771","434","9","29,519","29,519","839","1,611","1,667","1,866","2,812","5,181","7,286","5,005","2,679","561","12","15,269","15,269","432","862","987","1,031","1,557","2,963","3,932","2,466","910","125","4","14,250","14,250","407","749","680","835","1,255","2,218","3,354","2,539","1,769","436","8","29,485","29,485","841","1,609","1,644","1,863","2,799","5,166","7,274","5,037","2,671","569","12","15,258","15,258","435","860","975","1,030","1,547","2,954","3,932","2,482","911","128","4","14,227","14,227","406","749","669","833","1,252","2,212","3,342","2,555","1,760","441","8"
"경상북도 성주군 (4784000000)","40,545","40,545","1,254","1,961","1,958","2,729","3,797","6,828","10,627","7,163","3,481","736","11","21,215","21,215","619","1,008","1,167","1,606","2,227","3,879","5,785","3,520","1,257","146","1","19,330","19,330","635","953","791","1,123","1,570","2,949","4,842","3,643","2,224","590","10","40,480","40,480","1,246","1,962","1,930","2,723","3,783","6,793","10,631","7,206","3,446","750","10","21,189","21,189","616","1,008","1,149","1,604","2,219","3,864","5,790","3,545","1,245","148","1","19,291","19,291","630","954","781","1,119","1,564","2,929","4,841","3,661","2,201","602","9","40,465","40,465","1,234","1,955","1,904","2,718","3,769","6,747","10,664","7,248","3,460","755","11","21,177","21,177","605","1,022","1,124","1,592","2,217","3,829","5,808","3,575","1,256","148","1","19,288","19,288","629","933","780","1,126","1,552","2,918","4,856","3,673","2,204","607","10","40,452","40,452","1,230","1,958","1,885","2,734","3,763","6,726","10,683","7,281","3,423","758","11","21,177","21,177","605","1,018","1,107","1,607","2,215","3,817","5,818","3,595","1,246","148","1","19,275","19,275","625","940","778","1,127","1,548","2,909","4,865","3,686","2,177","610","10","40,462","40,462","1,229","1,962","1,853","2,720","3,771","6,701","10,688","7,335","3,436","756","11","21,199","21,199","598","1,021","1,101","1,604","2,217","3,808","5,818","3,626","1,258","147","1","19,263","19,263","631","941","752","1,116","1,554","2,893","4,870","3,709","2,178","609","10","40,373","40,373","1,212","1,952","1,835","2,712","3,760","6,654","10,702","7,356","3,426","754","10","21,161","21,161","589","1,013","1,091","1,593","2,214","3,786","5,839","3,636","1,253","146","1","19,212","19,212","623","939","744","1,119","1,546","2,868","4,863","3,720","2,173","608","9"
"경상북도 칠곡군 (4785000000)","104,228","104,228","4,940","10,363","8,491","9,730","17,259","21,049","17,463","9,150","4,809","948","26","54,857","54,857","2,505","5,441","5,129","5,400","9,347","11,378","9,426","4,431","1,565","230","5","49,371","49,371","2,435","4,922","3,362","4,330","7,912","9,671","8,037","4,719","3,244","718","21","103,986","103,986","4,861","10,305","8,393","9,615","17,192","21,093","17,515","9,225","4,793","969","25","54,762","54,762","2,466","5,423","5,087","5,351","9,306","11,409","9,453","4,467","1,565","230","5","49,224","49,224","2,395","4,882","3,306","4,264","7,886","9,684","8,062","4,758","3,228","739","20","103,637","103,637","4,753","10,216","8,287","9,537","17,100","21,026","17,594","9,322","4,788","990","24","54,567","54,567","2,416","5,367","5,018","5,324","9,242","11,377","9,507","4,505","1,573","233","5","49,070","49,070","2,337","4,849","3,269","4,213","7,858","9,649","8,087","4,817","3,215","757","19","103,458","103,458","4,676","10,202","8,225","9,529","16,979","21,020","17,654","9,387","4,767","994","25","54,485","54,485","2,373","5,358","4,975","5,336","9,175","11,377","9,546","4,534","1,576","229","6","48,973","48,973","2,303","4,844","3,250","4,193","7,804","9,643","8,108","4,853","3,191","765","19","103,271","103,271","4,603","10,164","8,168","9,464","16,922","21,009","17,683","9,456","4,768","1,009","25","54,396","54,396","2,338","5,336","4,944","5,301","9,164","11,363","9,563","4,573","1,579","229","6","48,875","48,875","2,265","4,828","3,224","4,163","7,758","9,646","8,120","4,883","3,189","780","19","103,193","103,193","4,538","10,172","8,118","9,465","16,888","20,989","17,724","9,506","4,760","1,007","26","54,357","54,357","2,300","5,346","4,911","5,318","9,133","11,348","9,581","4,600","1,582","232","6","48,836","48,836","2,238","4,826","3,207","4,147","7,755","9,641","8,143","4,906","3,178","775","20"
"경상북도 예천군 (4790000000)","53,770","53,770","3,521","4,731","3,185","4,935","6,738","7,451","9,835","7,457","4,810","1,091","16","26,601","26,601","1,761","2,455","1,817","2,538","3,439","4,082","5,070","3,499","1,690","248","2","27,169","27,169","1,760","2,276","1,368","2,397","3,299","3,369","4,765","3,958","3,120","843","14","53,700","53,700","3,485","4,729","3,189","4,903","6,728","7,459","9,792","7,513","4,770","1,116","16","26,595","26,595","1,741","2,459","1,821","2,535","3,422","4,094","5,056","3,527","1,683","255","2","27,105","27,105","1,744","2,270","1,368","2,368","3,306","3,365","4,736","3,986","3,087","861","14","53,563","53,563","3,480","4,704","3,154","4,902","6,685","7,406","9,770","7,592","4,740","1,115","15","26,530","26,530","1,736","2,441","1,807","2,525","3,404","4,062","5,047","3,569","1,682","255","2","27,033","27,033","1,744","2,263","1,347","2,377","3,281","3,344","4,723","4,023","3,058","860","13","53,425","53,425","3,452","4,699","3,110","4,888","6,647","7,377","9,747","7,640","4,713","1,135","17","26,468","26,468","1,728","2,429","1,779","2,514","3,384","4,058","5,033","3,603","1,679","259","2","26,957","26,957","1,724","2,270","1,331","2,374","3,263","3,319","4,714","4,037","3,034","876","15","53,362","53,362","3,438","4,690","3,105","4,884","6,627","7,350","9,739","7,685","4,684","1,142","18","26,439","26,439","1,724","2,420","1,774","2,517","3,362","4,048","5,038","3,620","1,672","262","2","26,923","26,923","1,714","2,270","1,331","2,367","3,265","3,302","4,701","4,065","3,012","880","16","53,317","53,317","3,417","4,702","3,114","4,859","6,629","7,355","9,716","7,702","4,668","1,137","18","26,411","26,411","1,720","2,416","1,782","2,498","3,371","4,044","5,026","3,630","1,664","259","1","26,906","26,906","1,697","2,286","1,332","2,361","3,258","3,311","4,690","4,072","3,004","878","17"
"경상북도 봉화군 (4792000000)","28,114","28,114","740","1,651","1,274","1,332","2,263","4,531","7,271","5,130","3,185","714","23","14,358","14,358","394","841","777","767","1,263","2,598","3,894","2,546","1,089","186","3","13,756","13,756","346","810","497","565","1,000","1,933","3,377","2,584","2,096","528","20","28,021","28,021","732","1,615","1,260","1,324","2,244","4,496","7,295","5,142","3,169","720","24","14,332","14,332","395","828","766","765","1,258","2,583","3,912","2,550","1,090","182","3","13,689","13,689","337","787","494","559","986","1,913","3,383","2,592","2,079","538","21","28,036","28,036","724","1,632","1,260","1,325","2,249","4,453","7,294","5,198","3,152","726","23","14,330","14,330","389","828","764","761","1,262","2,562","3,913","2,578","1,088","183","2","13,706","13,706","335","804","496","564","987","1,891","3,381","2,620","2,064","543","21","28,023","28,023","723","1,637","1,241","1,322","2,247","4,428","7,312","5,229","3,136","726","22","14,331","14,331","384","828","750","761","1,264","2,543","3,925","2,605","1,086","183","2","13,692","13,692","339","809","491","561","983","1,885","3,387","2,624","2,050","543","20","27,971","27,971","716","1,620","1,258","1,321","2,238","4,405","7,295","5,248","3,111","735","24","14,314","14,314","380","824","757","760","1,259","2,527","3,918","2,619","1,083","185","2","13,657","13,657","336","796","501","561","979","1,878","3,377","2,629","2,028","550","22","27,986","27,986","708","1,619","1,260","1,326","2,243","4,400","7,288","5,273","3,111","734","24","14,334","14,334","375","823","762","761","1,259","2,536","3,908","2,636","1,088","184","2","13,652","13,652","333","796","498","565","984","1,864","3,380","2,637","2,023","550","22"
"경상북도 울진군 (4793000000)","45,751","45,751","2,067","3,114","3,500","3,982","5,017","7,973","9,343","5,963","3,906","863","23","23,359","23,359","1,088","1,657","2,108","2,307","2,654","4,491","4,849","2,813","1,221","170","1","22,392","22,392","979","1,457","1,392","1,675","2,363","3,482","4,494","3,150","2,685","693","22","45,860","45,860","2,064","3,102","3,527","3,987","4,993","8,031","9,362","5,998","3,904","871","21","23,415","23,415","1,092","1,638","2,124","2,303","2,647","4,519","4,868","2,823","1,228","172","1","22,445","22,445","972","1,464","1,403","1,684","2,346","3,512","4,494","3,175","2,676","699","20","45,927","45,927","2,032","3,078","3,553","4,023","4,959","8,029","9,369","6,060","3,918","887","19","23,495","23,495","1,081","1,619","2,151","2,337","2,635","4,520","4,880","2,855","1,238","178","1","22,432","22,432","951","1,459","1,402","1,686","2,324","3,509","4,489","3,205","2,680","709","18","45,978","45,978","2,022","3,075","3,541","4,045","4,947","8,041","9,392","6,082","3,925","888","20","23,556","23,556","1,084","1,612","2,156","2,347","2,638","4,533","4,900","2,854","1,252","178","2","22,422","22,422","938","1,463","1,385","1,698","2,309","3,508","4,492","3,228","2,673","710","18","45,991","45,991","2,022","3,065","3,531","4,051","4,953","8,015","9,420","6,112","3,916","885","21","23,581","23,581","1,087","1,602","2,145","2,355","2,646","4,513","4,930","2,867","1,255","178","3","22,410","22,410","935","1,463","1,386","1,696","2,307","3,502","4,490","3,245","2,661","707","18","46,090","46,090","2,017","3,067","3,555","4,055","4,972","8,008","9,455","6,142","3,910","889","20","23,631","23,631","1,085","1,599","2,152","2,349","2,663","4,501","4,959","2,881","1,259","180","3","22,459","22,459","932","1,468","1,403","1,706","2,309","3,507","4,496","3,261","2,651","709","17"
"경상북도 울릉군 (4794000000)","8,678","8,678","238","420","648","767","1,053","1,741","2,005","1,165","533","107","1","4,873","4,873","122","214","431","495","635","1,066","1,106","576","200","28","0","3,805","3,805","116","206","217","272","418","675","899","589","333","79","1","8,695","8,695","242","420","648","766","1,051","1,742","2,012","1,174","533","105","2","4,895","4,895","124","216","437","495","636","1,070","1,107","581","200","29","0","3,800","3,800","118","204","211","271","415","672","905","593","333","76","2","8,715","8,715","235","420","641","775","1,042","1,749","2,032","1,179","531","109","2","4,905","4,905","119","212","429","502","630","1,073","1,119","589","201","31","0","3,810","3,810","116","208","212","273","412","676","913","590","330","78","2","8,718","8,718","230","413","638","783","1,041","1,740","2,039","1,186","537","109","2","4,914","4,914","115","208","428","511","630","1,072","1,119","597","202","32","0","3,804","3,804","115","205","210","272","411","668","920","589","335","77","2","8,728","8,728","234","413","633","775","1,047","1,742","2,045","1,190","536","111","2","4,912","4,912","115","207","425","502","635","1,071","1,125","598","200","34","0","3,816","3,816","119","206","208","273","412","671","920","592","336","77","2","8,741","8,741","242","415","630","780","1,054","1,753","2,039","1,182","535","109","2","4,922","4,922","119","207","426","503","641","1,079","1,125","591","199","32","0","3,819","3,819","123","208","204","277","413","674","914","591","336","77","2"
"경상남도  (4800000000)","3,196,772","3,196,772","177,623","314,321","286,956","340,829","471,990","576,671","546,821","312,548","142,916","25,591","506","1,611,331","1,611,331","91,374","162,891","161,991","182,823","243,020","294,396","274,171","146,351","49,164","5,094","56","1,585,441","1,585,441","86,249","151,430","124,965","158,006","228,970","282,275","272,650","166,197","93,752","20,497","450","3,192,413","3,192,413","176,235","313,000","284,809","339,668","470,567","575,988","548,420","314,575","142,712","25,934","505","1,609,289","1,609,289","90,637","162,374","160,809","182,245","242,411","293,992","275,010","147,347","49,221","5,186","57","1,583,124","1,583,124","85,598","150,626","124,000","157,423","228,156","281,996","273,410","167,228","93,491","20,748","448","3,189,867","3,189,867","175,120","312,252","282,940","340,020","468,590","574,150","550,130","316,984","142,949","26,230","502","1,608,211","1,608,211","90,097","162,104","159,740","182,533","241,484","292,971","276,026","148,497","49,453","5,253","53","1,581,656","1,581,656","85,023","150,148","123,200","157,487","227,106","281,179","274,104","168,487","93,496","20,977","449","3,189,203","3,189,203","174,035","312,211","281,963","340,268","467,456","573,799","550,914","318,953","142,697","26,401","506","1,607,809","1,607,809","89,543","161,999","159,080","182,775","240,915","292,665","276,638","149,428","49,399","5,317","50","1,581,394","1,581,394","84,492","150,212","122,883","157,493","226,541","281,134","274,276","169,525","93,298","21,084","456","3,188,222","3,188,222","172,872","312,016","280,968","340,305","466,578","573,211","551,493","320,836","142,839","26,599","505","1,607,499","1,607,499","88,914","161,840","158,576","182,920","240,477","292,366","277,043","150,371","49,553","5,387","52","1,580,723","1,580,723","83,958","150,176","122,392","157,385","226,101","280,845","274,450","170,465","93,286","21,212","453","3,187,041","3,187,041","172,046","311,883","280,119","340,302","466,339","572,690","551,566","322,089","142,877","26,627","503","1,606,949","1,606,949","88,526","161,651","158,161","182,976","240,358","292,078","277,187","150,936","49,631","5,393","52","1,580,092","1,580,092","83,520","150,232","121,958","157,326","225,981","280,612","274,379","171,153","93,246","21,234","451"
"경상남도 창원시 (4812000000)","987,445","987,445","57,012","95,514","97,529","118,403","150,005","176,125","166,419","88,282","32,897","5,175","84","499,288","499,288","29,180","49,499","55,310","64,047","77,506","87,447","81,615","41,453","12,151","1,072","8","488,157","488,157","27,832","46,015","42,219","54,356","72,499","88,678","84,804","46,829","20,746","4,103","76","985,971","985,971","56,604","95,067","96,754","118,108","149,556","175,869","166,822","88,961","32,901","5,242","87","498,598","498,598","28,938","49,351","54,893","63,897","77,299","87,339","81,806","41,794","12,172","1,099","10","487,373","487,373","27,666","45,716","41,861","54,211","72,257","88,530","85,016","47,167","20,729","4,143","77","984,791","984,791","56,264","94,733","96,002","118,228","148,964","175,195","167,253","89,719","33,029","5,320","84","498,012","498,012","28,807","49,125","54,516","64,032","76,990","87,041","82,036","42,074","12,266","1,117","8","486,779","486,779","27,457","45,608","41,486","54,196","71,974","88,154","85,217","47,645","20,763","4,203","76","984,384","984,384","55,974","94,672","95,573","118,342","148,644","174,996","167,372","90,358","33,016","5,349","88","497,745","497,745","28,647","49,099","54,226","64,132","76,862","86,884","82,174","42,336","12,249","1,128","8","486,639","486,639","27,327","45,573","41,347","54,210","71,782","88,112","85,198","48,022","20,767","4,221","80","983,949","983,949","55,670","94,576","95,230","118,356","148,368","174,692","167,526","90,907","33,154","5,383","87","497,526","497,526","28,473","49,031","54,015","64,199","76,694","86,787","82,248","42,601","12,329","1,141","8","486,423","486,423","27,197","45,545","41,215","54,157","71,674","87,905","85,278","48,306","20,825","4,242","79","983,490","983,490","55,522","94,495","94,844","118,406","148,265","174,558","167,403","91,322","33,229","5,360","86","497,253","497,253","28,411","48,941","53,854","64,242","76,644","86,725","82,177","42,746","12,375","1,130","8","486,237","486,237","27,111","45,554","40,990","54,164","71,621","87,833","85,226","48,576","20,854","4,230","78"
"경상남도 창원시 의창구 (4812100000)","206,517","206,517","11,968","18,973","21,154","25,223","30,379","37,640","36,773","17,357","6,033","1,001","16","104,917","104,917","6,103","9,778","11,995","13,641","15,699","18,442","18,456","8,439","2,172","189","3","101,600","101,600","5,865","9,195","9,159","11,582","14,680","19,198","18,317","8,918","3,861","812","13","206,466","206,466","11,904","18,887","21,038","25,275","30,292","37,599","36,878","17,527","6,043","1,007","16","104,945","104,945","6,075","9,759","11,961","13,668","15,659","18,435","18,481","8,540","2,170","194","3","101,521","101,521","5,829","9,128","9,077","11,607","14,633","19,164","18,397","8,987","3,873","813","13","207,369","207,369","11,981","18,957","20,996","25,532","30,365","37,574","37,105","17,762","6,051","1,030","16","105,394","105,394","6,132","9,775","11,946","13,814","15,682","18,429","18,597","8,637","2,180","199","3","101,975","101,975","5,849","9,182","9,050","11,718","14,683","19,145","18,508","9,125","3,871","831","13","207,639","207,639","11,957","18,973","20,935","25,635","30,342","37,555","37,222","17,912","6,049","1,043","16","105,538","105,538","6,137","9,774","11,900","13,899","15,655","18,403","18,680","8,701","2,182","204","3","102,101","102,101","5,820","9,199","9,035","11,736","14,687","19,152","18,542","9,211","3,867","839","13","207,914","207,914","11,925","18,992","20,870","25,702","30,359","37,538","37,323","18,074","6,059","1,056","16","105,667","105,667","6,116","9,791","11,858","13,935","15,667","18,406","18,707","8,778","2,199","207","3","102,247","102,247","5,809","9,201","9,012","11,767","14,692","19,132","18,616","9,296","3,860","849","13","208,869","208,869","12,040","19,047","20,838","25,963","30,528","37,673","37,420","18,222","6,064","1,057","17","106,140","106,140","6,179","9,805","11,828","14,095","15,748","18,475","18,756","8,844","2,201","206","3","102,729","102,729","5,861","9,242","9,010","11,868","14,780","19,198","18,664","9,378","3,863","851","14"
"경상남도 창원시 성산구 (4812300000)","246,480","246,480","15,875","24,132","28,189","36,175","36,789","46,482","40,326","13,663","4,083","753","13","125,671","125,671","8,070","12,535","16,051","19,720","18,603","21,772","20,423","6,858","1,503","135","1","120,809","120,809","7,805","11,597","12,138","16,455","18,186","24,710","19,903","6,805","2,580","618","12","246,425","246,425","15,868","24,057","27,991","36,171","36,796","46,338","40,517","13,830","4,070","773","14","125,699","125,699","8,057","12,536","15,962","19,727","18,630","21,677","20,519","6,949","1,495","146","1","120,726","120,726","7,811","11,521","12,029","16,444","18,166","24,661","19,998","6,881","2,575","627","13","245,581","245,581","15,724","23,872","27,764","36,111","36,621","46,007","40,629","13,971","4,086","783","13","125,249","125,249","7,972","12,428","15,857","19,695","18,558","21,516","20,555","7,007","1,513","148","0","120,332","120,332","7,752","11,444","11,907","16,416","18,063","24,491","20,074","6,964","2,573","635","13","245,426","245,426","15,679","23,860","27,590","36,194","36,529","45,884","40,682","14,136","4,090","769","13","125,163","125,163","7,942","12,426","15,755","19,738","18,538","21,448","20,575","7,086","1,507","148","0","120,263","120,263","7,737","11,434","11,835","16,456","17,991","24,436","20,107","7,050","2,583","621","13","245,275","245,275","15,641","23,791","27,522","36,201","36,485","45,682","40,809","14,252","4,111","769","12","125,113","125,113","7,923","12,387","15,723","19,753","18,511","21,372","20,621","7,157","1,518","148","0","120,162","120,162","7,718","11,404","11,799","16,448","17,974","24,310","20,188","7,095","2,593","621","12","244,656","244,656","15,601","23,713","27,328","36,161","36,409","45,472","40,747","14,324","4,133","755","13","124,805","124,805","7,912","12,329","15,646","19,728","18,490","21,286","20,559","7,180","1,529","146","0","119,851","119,851","7,689","11,384","11,682","16,433","17,919","24,186","20,188","7,144","2,604","609","13"
"경상남도 창원시 마산합포구 (4812500000)","175,063","175,063","9,462","15,200","14,981","18,384","25,617","28,176","31,284","21,560","8,976","1,397","26","86,642","86,642","4,874","7,794","8,375","9,686","13,503","14,299","14,793","9,750","3,259","307","2","88,421","88,421","4,588","7,406","6,606","8,698","12,114","13,877","16,491","11,810","5,717","1,090","24","174,811","174,811","9,360","15,221","14,848","18,283","25,541","28,160","31,266","21,715","8,970","1,423","24","86,512","86,512","4,821","7,817","8,281","9,623","13,477","14,297","14,789","9,820","3,268","317","2","88,299","88,299","4,539","7,404","6,567","8,660","12,064","13,863","16,477","11,895","5,702","1,106","22","174,570","174,570","9,297","15,208","14,698","18,272","25,466","28,070","31,237","21,861","8,989","1,449","23","86,371","86,371","4,787","7,813","8,200","9,634","13,426","14,258","14,780","9,871","3,279","322","1","88,199","88,199","4,510","7,395","6,498","8,638","12,040","13,812","16,457","11,990","5,710","1,127","22","174,431","174,431","9,236","15,228","14,626","18,255","25,423","28,028","31,224","21,962","8,967","1,456","26","86,276","86,276","4,747","7,847","8,145","9,615","13,414","14,217","14,798","9,895","3,269","328","1","88,155","88,155","4,489","7,381","6,481","8,640","12,009","13,811","16,426","12,067","5,698","1,128","25","174,240","174,240","9,148","15,251","14,546","18,260","25,337","27,991","31,187","22,016","9,017","1,462","25","86,162","86,162","4,708","7,850","8,084","9,622","13,353","14,205","14,793","9,932","3,283","331","1","88,078","88,078","4,440","7,401","6,462","8,638","11,984","13,786","16,394","12,084","5,734","1,131","24","173,966","173,966","9,087","15,242","14,493","18,149","25,294","27,980","31,098","22,085","9,054","1,460","24","85,989","85,989","4,665","7,857","8,055","9,556","13,318","14,208","14,747","9,953","3,301","328","1","87,977","87,977","4,422","7,385","6,438","8,593","11,976","13,772","16,351","12,132","5,753","1,132","23"
"경상남도 창원시 마산회원구 (4812700000)","175,356","175,356","8,436","16,258","15,846","18,089","25,078","31,824","31,675","19,931","7,253","956","10","87,203","87,203","4,319","8,502","8,755","9,666","12,915","15,930","15,050","9,054","2,809","202","1","88,153","88,153","4,117","7,756","7,091","8,423","12,163","15,894","16,625","10,877","4,444","754","9","174,896","174,896","8,383","16,139","15,627","18,022","24,993","31,711","31,756","20,018","7,270","966","11","86,981","86,981","4,297","8,456","8,627","9,633","12,863","15,877","15,107","9,083","2,833","203","2","87,915","87,915","4,086","7,683","7,000","8,389","12,130","15,834","16,649","10,935","4,437","763","9","174,273","174,273","8,299","16,030","15,441","17,990","24,787","31,512","31,777","20,125","7,327","974","11","86,688","86,688","4,277","8,377","8,529","9,640","12,768","15,778","15,134","9,112","2,865","206","2","87,585","87,585","4,022","7,653","6,912","8,350","12,019","15,734","16,643","11,013","4,462","768","9","174,078","174,078","8,259","15,970","15,389","17,962","24,736","31,450","31,738","20,223","7,351","987","13","86,577","86,577","4,245","8,345","8,507","9,614","12,769","15,736","15,132","9,145","2,879","203","2","87,501","87,501","4,014","7,625","6,882","8,348","11,967","15,714","16,606","11,078","4,472","784","11","173,870","173,870","8,180","15,920","15,326","17,916","24,689","31,388","31,706","20,356","7,386","990","13","86,455","86,455","4,191","8,303","8,455","9,600","12,752","15,723","15,123","9,197","2,900","209","2","87,415","87,415","3,989","7,617","6,871","8,316","11,937","15,665","16,583","11,159","4,486","781","11","173,562","173,562","8,140","15,884","15,241","17,895","24,609","31,318","31,636","20,453","7,383","991","12","86,274","86,274","4,170","8,284","8,401","9,595","12,707","15,679","15,100","9,226","2,905","205","2","87,288","87,288","3,970","7,600","6,840","8,300","11,902","15,639","16,536","11,227","4,478","786","10"
"경상남도 창원시 진해구 (4812900000)","184,029","184,029","11,271","20,951","17,359","20,532","32,142","32,003","26,361","15,771","6,552","1,068","19","94,855","94,855","5,814","10,890","10,134","11,334","16,786","17,004","12,893","7,352","2,408","239","1","89,174","89,174","5,457","10,061","7,225","9,198","15,356","14,999","13,468","8,419","4,144","829","18","183,373","183,373","11,089","20,763","17,250","20,357","31,934","32,061","26,405","15,871","6,548","1,073","22","94,461","94,461","5,688","10,783","10,062","11,246","16,670","17,053","12,910","7,402","2,406","239","2","88,912","88,912","5,401","9,980","7,188","9,111","15,264","15,008","13,495","8,469","4,142","834","20","182,998","182,998","10,963","20,666","17,103","20,323","31,725","32,032","26,505","16,000","6,576","1,084","21","94,310","94,310","5,639","10,732","9,984","11,249","16,556","17,060","12,970","7,447","2,429","242","2","88,688","88,688","5,324","9,934","7,119","9,074","15,169","14,972","13,535","8,553","4,147","842","19","182,810","182,810","10,843","20,641","17,033","20,296","31,614","32,079","26,506","16,125","6,559","1,094","20","94,191","94,191","5,576","10,707","9,919","11,266","16,486","17,080","12,989","7,509","2,412","245","2","88,619","88,619","5,267","9,934","7,114","9,030","15,128","14,999","13,517","8,616","4,147","849","18","182,650","182,650","10,776","20,622","16,966","20,277","31,498","32,093","26,501","16,209","6,581","1,106","21","94,129","94,129","5,535","10,700","9,895","11,289","16,411","17,081","13,004","7,537","2,429","246","2","88,521","88,521","5,241","9,922","7,071","8,988","15,087","15,012","13,497","8,672","4,152","860","19","182,437","182,437","10,654","20,609","16,944","20,238","31,425","32,115","26,502","16,238","6,595","1,097","20","94,045","94,045","5,485","10,666","9,924","11,268","16,381","17,077","13,015","7,543","2,439","245","2","88,392","88,392","5,169","9,943","7,020","8,970","15,044","15,038","13,487","8,695","4,156","852","18"
"경상남도 진주시 (4817000000)","334,649","334,649","20,423","33,309","37,120","38,978","46,811","57,105","52,168","31,464","14,640","2,570","61","165,272","165,272","10,532","17,341","20,504","20,682","23,069","28,307","25,118","14,120","5,087","505","7","169,377","169,377","9,891","15,968","16,616","18,296","23,742","28,798","27,050","17,344","9,553","2,065","54","334,425","334,425","20,282","33,424","37,010","38,851","46,615","57,008","52,310","31,619","14,660","2,589","57","165,167","165,167","10,463","17,408","20,454","20,601","23,006","28,252","25,180","14,182","5,105","510","6","169,258","169,258","9,819","16,016","16,556","18,250","23,609","28,756","27,130","17,437","9,555","2,079","51","334,640","334,640","20,216","33,494","37,155","38,887","46,457","56,810","52,404","31,872","14,672","2,616","57","165,275","165,275","10,401","17,465","20,520","20,625","22,960","28,129","25,232","14,298","5,125","515","5","169,365","169,365","9,815","16,029","16,635","18,262","23,497","28,681","27,172","17,574","9,547","2,101","52","334,403","334,403","20,109","33,485","37,106","38,827","46,330","56,725","52,414","32,051","14,666","2,638","52","165,134","165,134","10,360","17,417","20,490","20,599","22,917","28,057","25,255","14,384","5,127","524","4","169,269","169,269","9,749","16,068","16,616","18,228","23,413","28,668","27,159","17,667","9,539","2,114","48","334,405","334,405","19,994","33,493","37,149","38,847","46,235","56,700","52,361","32,225","14,688","2,662","51","165,173","165,173","10,295","17,405","20,554","20,611","22,866","28,039","25,242","14,473","5,150","534","4","169,232","169,232","9,699","16,088","16,595","18,236","23,369","28,661","27,119","17,752","9,538","2,128","47","334,082","334,082","19,939","33,384","37,049","38,786","46,237","56,627","52,308","32,293","14,715","2,694","50","165,075","165,075","10,294","17,352","20,512","20,581","22,879","28,014","25,217","14,499","5,178","545","4","169,007","169,007","9,645","16,032","16,537","18,205","23,358","28,613","27,091","17,794","9,537","2,149","46"
"경상남도 통영시 (4822000000)","116,136","116,136","4,855","12,163","8,516","8,771","17,309","21,661","22,156","13,910","5,877","901","17","58,307","58,307","2,467","6,195","4,892","4,576","9,004","11,529","10,863","6,555","2,049","174","3","57,829","57,829","2,388","5,968","3,624","4,195","8,305","10,132","11,293","7,355","3,828","727","14","115,921","115,921","4,787","12,130","8,460","8,704","17,210","21,620","22,182","14,023","5,866","923","16","58,210","58,210","2,431","6,190","4,871","4,548","8,934","11,519","10,887","6,593","2,058","176","3","57,711","57,711","2,356","5,940","3,589","4,156","8,276","10,101","11,295","7,430","3,808","747","13","115,687","115,687","4,742","12,077","8,379","8,688","17,098","21,565","22,173","14,146","5,867","936","16","58,097","58,097","2,412","6,162","4,825","4,549","8,883","11,483","10,897","6,640","2,060","183","3","57,590","57,590","2,330","5,915","3,554","4,139","8,215","10,082","11,276","7,506","3,807","753","13","115,550","115,550","4,697","12,052","8,352","8,662","17,016","21,560","22,183","14,230","5,849","935","14","58,014","58,014","2,385","6,155","4,802","4,531","8,834","11,490","10,907","6,667","2,055","185","3","57,536","57,536","2,312","5,897","3,550","4,131","8,182","10,070","11,276","7,563","3,794","750","11","115,548","115,548","4,648","12,038","8,338","8,651","16,955","21,615","22,154","14,354","5,846","935","14","57,991","57,991","2,361","6,145","4,789","4,507","8,805","11,511","10,915","6,719","2,052","184","3","57,557","57,557","2,287","5,893","3,549","4,144","8,150","10,104","11,239","7,635","3,794","751","11","115,623","115,623","4,603","12,044","8,393","8,639","16,959","21,596","22,200","14,392","5,846","936","15","58,041","58,041","2,344","6,147","4,810","4,501","8,801","11,513","10,955","6,727","2,052","188","3","57,582","57,582","2,259","5,897","3,583","4,138","8,158","10,083","11,245","7,665","3,794","748","12"
"경상남도 사천시 (4824000000)","107,640","107,640","5,295","10,132","8,852","10,324","15,151","19,414","18,311","12,481","6,498","1,163","19","54,627","54,627","2,757","5,288","5,313","5,895","7,868","10,322","9,158","5,679","2,125","222","0","53,013","53,013","2,538","4,844","3,539","4,429","7,283","9,092","9,153","6,802","4,373","941","19","107,577","107,577","5,259","10,073","8,786","10,317","15,119","19,433","18,367","12,521","6,499","1,185","18","54,602","54,602","2,748","5,252","5,273","5,876","7,865","10,341","9,182","5,691","2,145","229","0","52,975","52,975","2,511","4,821","3,513","4,441","7,254","9,092","9,185","6,830","4,354","956","18","107,470","107,470","5,244","9,957","8,763","10,348","15,036","19,357","18,456","12,569","6,517","1,205","18","54,559","54,559","2,733","5,191","5,265","5,896","7,827","10,292","9,235","5,735","2,149","236","0","52,911","52,911","2,511","4,766","3,498","4,452","7,209","9,065","9,221","6,834","4,368","969","18","107,491","107,491","5,209","9,954","8,746","10,353","15,001","19,377","18,513","12,616","6,492","1,210","20","54,601","54,601","2,707","5,200","5,250","5,921","7,803","10,310","9,268","5,756","2,148","238","0","52,890","52,890","2,502","4,754","3,496","4,432","7,198","9,067","9,245","6,860","4,344","972","20","107,509","107,509","5,172","9,944","8,723","10,382","14,954","19,377","18,530","12,673","6,506","1,228","20","54,610","54,610","2,686","5,181","5,244","5,936","7,782","10,303","9,291","5,789","2,154","244","0","52,899","52,899","2,486","4,763","3,479","4,446","7,172","9,074","9,239","6,884","4,352","984","20","107,583","107,583","5,151","9,960","8,745","10,388","14,977","19,370","18,536","12,709","6,495","1,233","19","54,645","54,645","2,666","5,184","5,248","5,951","7,790","10,296","9,297","5,814","2,153","246","0","52,938","52,938","2,485","4,776","3,497","4,437","7,187","9,074","9,239","6,895","4,342","987","19"
"경상남도 사천남양출장소 (4824500000)","0","0","0","0","0","0","0","0","0","0","0","0","0","0","0","0","0","0","0","0","0","0","0","0","0","0","0","0","0","0","0","0","0","0","0","0","0","0","0","0","0","0","0","0","0","0","0","0","0","0","0","0","0","0","0","0","0","0","0","0","0","0","0","0","0","0","0","0","0","0","0","0","0","0","0","0","0","0","0","0","0","0","0","0","0","0","0","0","0","0","0","0","0","0","0","0","0","0","0","0","0","0","0","0","0","0","0","0","0","0","0","0","0","0","0","0","0","0","0","0","0","0","0","0","0","0","0","0","0","0","0","0","0","0","0","0","0","0","0","0","0","0","0","0","0","0","0","0","0","0","0","0","0","0","0","0","0","0","0","0","0","0","0","0","0","0","0","0","0","0","0","0","0","0","0","0","0","0","0","0","0","0","0","0","0","0","0","0","0","0","0","0","0","0","0","0","0","0","0","0","0","0","0","0","0","0","0","0","0","0","0","0","0","0","0","0","0","0","0","0","0","0","0","0","0","0","0","0","0","0","0","0","0","0"
"경상남도 김해시 (4825000000)","531,853","531,853","34,115","59,004","53,686","64,345","85,785","104,316","78,103","35,661","14,531","2,267","40","268,875","268,875","17,580","30,159","29,754","34,044","43,212","52,055","40,051","16,508","5,038","469","5","262,978","262,978","16,535","28,845","23,932","30,301","42,573","52,261","38,052","19,153","9,493","1,798","35","531,305","531,305","33,889","58,654","53,329","64,267","85,544","104,347","78,478","35,938","14,516","2,303","40","268,611","268,611","17,462","29,977","29,552","34,052","43,156","52,000","40,224","16,666","5,041","476","5","262,694","262,694","16,427","28,677","23,777","30,215","42,388","52,347","38,254","19,272","9,475","1,827","35","531,001","531,001","33,700","58,375","52,985","64,463","85,177","104,133","79,075","36,175","14,558","2,324","36","268,419","268,419","17,362","29,879","29,320","34,154","42,988","51,842","40,553","16,776","5,060","480","5","262,582","262,582","16,338","28,496","23,665","30,309","42,189","52,291","38,522","19,399","9,498","1,844","31","531,292","531,292","33,493","58,412","52,804","64,647","84,982","104,228","79,394","36,378","14,566","2,350","38","268,531","268,531","17,259","29,862","29,218","34,254","42,928","51,853","40,710","16,896","5,059","487","5","262,761","262,761","16,234","28,550","23,586","30,393","42,054","52,375","38,684","19,482","9,507","1,863","33","531,299","531,299","33,272","58,385","52,592","64,671","84,864","104,166","79,698","36,663","14,591","2,359","38","268,522","268,522","17,160","29,816","29,122","34,286","42,894","51,792","40,838","17,051","5,065","494","4","262,777","262,777","16,112","28,569","23,470","30,385","41,970","52,374","38,860","19,612","9,526","1,865","34","531,436","531,436","33,113","58,419","52,448","64,786","84,843","104,093","79,839","36,881","14,608","2,368","38","268,618","268,618","17,086","29,805","29,019","34,362","42,899","51,781","40,939","17,155","5,073","495","4","262,818","262,818","16,027","28,614","23,429","30,424","41,944","52,312","38,900","19,726","9,535","1,873","34"
"경상남도 장유출장소 (4825200000)","0","0","0","0","0","0","0","0","0","0","0","0","0","0","0","0","0","0","0","0","0","0","0","0","0","0","0","0","0","0","0","0","0","0","0","0","0","0","0","0","0","0","0","0","0","0","0","0","0","0","0","0","0","0","0","0","0","0","0","0","0","0","0","0","0","0","0","0","0","0","0","0","0","0","0","0","0","0","0","0","0","0","0","0","0","0","0","0","0","0","0","0","0","0","0","0","0","0","0","0","0","0","0","0","0","0","0","0","0","0","0","0","0","0","0","0","0","0","0","0","0","0","0","0","0","0","0","0","0","0","0","0","0","0","0","0","0","0","0","0","0","0","0","0","0","0","0","0","0","0","0","0","0","0","0","0","0","0","0","0","0","0","0","0","0","0","0","0","0","0","0","0","0","0","0","0","0","0","0","0","0","0","0","0","0","0","0","0","0","0","0","0","0","0","0","0","0","0","0","0","0","0","0","0","0","0","0","0","0","0","0","0","0","0","0","0","0","0","0","0","0","0","0","0","0","0","0","0","0","0","0","0","0","0"
"경상남도 밀양시 (4827000000)","98,735","98,735","3,593","6,896","6,534","7,470","10,847","16,419","22,608","15,414","7,561","1,371","22","49,013","49,013","1,817","3,621","3,832","4,196","5,743","8,467","11,258","7,205","2,586","284","4","49,722","49,722","1,776","3,275","2,702","3,274","5,104","7,952","11,350","8,209","4,975","1,087","18","98,547","98,547","3,560","6,854","6,478","7,420","10,865","16,307","22,609","15,496","7,538","1,397","23","48,910","48,910","1,805","3,609","3,784","4,183","5,743","8,407","11,261","7,237","2,593","284","4","49,637","49,637","1,755","3,245","2,694","3,237","5,122","7,900","11,348","8,259","4,945","1,113","19","98,419","98,419","3,541","6,834","6,386","7,418","10,824","16,184","22,619","15,621","7,553","1,417","22","48,843","48,843","1,802","3,595","3,734","4,185","5,723","8,340","11,260","7,312","2,595","293","4","49,576","49,576","1,739","3,239","2,652","3,233","5,101","7,844","11,359","8,309","4,958","1,124","18","98,379","98,379","3,497","6,844","6,375","7,411","10,799","16,154","22,600","15,733","7,527","1,417","22","48,842","48,842","1,777","3,602","3,725","4,179","5,705","8,328","11,266","7,382","2,580","295","3","49,537","49,537","1,720","3,242","2,650","3,232","5,094","7,826","11,334","8,351","4,947","1,122","19","98,290","98,290","3,471","6,834","6,309","7,423","10,791","16,071","22,601","15,830","7,523","1,414","23","48,816","48,816","1,758","3,595","3,683","4,205","5,716","8,293","11,272","7,427","2,575","289","3","49,474","49,474","1,713","3,239","2,626","3,218","5,075","7,778","11,329","8,403","4,948","1,125","20","98,260","98,260","3,449","6,815","6,322","7,426","10,764","16,054","22,550","15,914","7,527","1,416","23","48,817","48,817","1,742","3,582","3,707","4,204","5,716","8,271","11,264","7,461","2,576","291","3","49,443","49,443","1,707","3,233","2,615","3,222","5,048","7,783","11,286","8,453","4,951","1,125","20"
"경상남도 거제시 (4831000000)","229,987","229,987","14,298","28,986","18,387","22,377","44,146","45,016","33,721","16,060","5,861","1,110","25","120,679","120,679","7,412","15,044","10,660","11,848","23,610","24,499","17,351","7,985","2,053","215","2","109,308","109,308","6,886","13,942","7,727","10,529","20,536","20,517","16,370","8,075","3,808","895","23","229,243","229,243","14,082","28,765","18,194","22,060","43,980","45,083","33,869","16,215","5,851","1,120","24","120,332","120,332","7,285","14,967","10,567","11,688","23,526","24,533","17,438","8,060","2,050","216","2","108,911","108,911","6,797","13,798","7,627","10,372","20,454","20,550","16,431","8,155","3,801","904","22","228,717","228,717","13,883","28,603","17,936","21,989","43,797","45,057","34,047","16,386","5,858","1,136","25","120,075","120,075","7,197","14,898","10,398","11,656","23,425","24,513","17,563","8,137","2,064","222","2","108,642","108,642","6,686","13,705","7,538","10,333","20,372","20,544","16,484","8,249","3,794","914","23","228,639","228,639","13,734","28,633","17,895","21,968","43,627","45,122","34,127","16,517","5,852","1,140","24","120,019","120,019","7,126","14,898","10,390","11,651","23,304","24,534","17,630","8,189","2,073","223","1","108,620","108,620","6,608","13,735","7,505","10,317","20,323","20,588","16,497","8,328","3,779","917","23","228,414","228,414","13,570","28,610","17,794","21,898","43,519","45,126","34,209","16,656","5,856","1,151","25","119,972","119,972","7,043","14,892","10,348","11,633","23,247","24,520","17,724","8,256","2,079","228","2","108,442","108,442","6,527","13,718","7,446","10,265","20,272","20,606","16,485","8,400","3,777","923","23","228,232","228,232","13,430","28,638","17,743","21,808","43,487","45,127","34,247","16,727","5,849","1,152","24","119,905","119,905","6,975","14,898","10,331","11,589","23,233","24,511","17,766","8,294","2,080","226","2","108,327","108,327","6,455","13,740","7,412","10,219","20,254","20,616","16,481","8,433","3,769","926","22"
"경상남도 양산시 (4833000000)","360,500","360,500","24,827","37,591","31,923","44,637","60,004","63,527","54,743","29,399","12,048","1,765","36","180,446","180,446","12,752","19,213","17,203","23,245","30,761","31,699","27,130","13,561","4,450","424","8","180,054","180,054","12,075","18,378","14,720","21,392","29,243","31,828","27,613","15,838","7,598","1,341","28","360,484","360,484","24,695","37,550","31,723","44,552","59,952","63,587","54,966","29,581","12,063","1,782","33","180,398","180,398","12,691","19,176","17,091","23,172","30,745","31,741","27,244","13,627","4,471","432","8","180,086","180,086","12,004","18,374","14,632","21,380","29,207","31,846","27,722","15,954","7,592","1,350","25","360,382","360,382","24,585","37,588","31,466","44,619","59,790","63,443","55,125","29,815","12,091","1,826","34","180,477","180,477","12,642","19,256","16,950","23,212","30,705","31,672","27,348","13,748","4,492","444","8","179,905","179,905","11,943","18,332","14,516","21,407","29,085","31,771","27,777","16,067","7,599","1,382","26","360,544","360,544","24,460","37,612","31,375","44,686","59,701","63,448","55,268","30,019","12,094","1,846","35","180,535","180,535","12,596","19,246","16,870","23,265","30,647","31,650","27,462","13,843","4,499","449","8","180,009","180,009","11,864","18,366","14,505","21,421","29,054","31,798","27,806","16,176","7,595","1,397","27","360,617","360,617","24,334","37,669","31,241","44,693","59,672","63,407","55,379","30,210","12,103","1,877","32","180,624","180,624","12,523","19,288","16,797","23,292","30,630","31,657","27,525","13,931","4,511","462","8","179,993","179,993","11,811","18,381","14,444","21,401","29,042","31,750","27,854","16,279","7,592","1,415","24","360,583","360,583","24,203","37,704","31,075","44,726","59,640","63,397","55,407","30,358","12,157","1,884","32","180,571","180,571","12,452","19,286","16,730","23,319","30,606","31,641","27,536","13,995","4,538","460","8","180,012","180,012","11,751","18,418","14,345","21,407","29,034","31,756","27,871","16,363","7,619","1,424","24"
"경상남도 양산시웅상출장소 (4833200000)","0","0","0","0","0","0","0","0","0","0","0","0","0","0","0","0","0","0","0","0","0","0","0","0","0","0","0","0","0","0","0","0","0","0","0","0","0","0","0","0","0","0","0","0","0","0","0","0","0","0","0","0","0","0","0","0","0","0","0","0","0","0","0","0","0","0","0","0","0","0","0","0","0","0","0","0","0","0","0","0","0","0","0","0","0","0","0","0","0","0","0","0","0","0","0","0","0","0","0","0","0","0","0","0","0","0","0","0","0","0","0","0","0","0","0","0","0","0","0","0","0","0","0","0","0","0","0","0","0","0","0","0","0","0","0","0","0","0","0","0","0","0","0","0","0","0","0","0","0","0","0","0","0","0","0","0","0","0","0","0","0","0","0","0","0","0","0","0","0","0","0","0","0","0","0","0","0","0","0","0","0","0","0","0","0","0","0","0","0","0","0","0","0","0","0","0","0","0","0","0","0","0","0","0","0","0","0","0","0","0","0","0","0","0","0","0","0","0","0","0","0","0","0","0","0","0","0","0","0","0","0","0","0","0"
"경상남도 의령군 (4872000000)","24,538","24,538","674","1,288","1,288","1,373","2,139","4,027","5,974","4,267","2,850","637","21","12,293","12,293","357","711","795","734","1,166","2,259","3,281","2,076","810","99","5","12,245","12,245","317","577","493","639","973","1,768","2,693","2,191","2,040","538","16","24,478","24,478","665","1,275","1,282","1,362","2,142","4,019","5,958","4,277","2,835","643","20","12,264","12,264","350","708","787","724","1,168","2,254","3,276","2,081","814","98","4","12,214","12,214","315","567","495","638","974","1,765","2,682","2,196","2,021","545","16","24,451","24,451","664","1,271","1,252","1,352","2,129","3,995","5,982","4,306","2,824","656","20","12,244","12,244","349","706","768","714","1,159","2,232","3,287","2,107","820","98","4","12,207","12,207","315","565","484","638","970","1,763","2,695","2,199","2,004","558","16","24,451","24,451","656","1,278","1,245","1,362","2,131","3,969","5,985","4,328","2,818","659","20","12,255","12,255","343","706","763","723","1,162","2,216","3,302","2,115","821","100","4","12,196","12,196","313","572","482","639","969","1,753","2,683","2,213","1,997","559","16","24,432","24,432","647","1,278","1,216","1,362","2,130","3,964","5,980","4,351","2,816","669","19","12,263","12,263","338","713","745","726","1,168","2,210","3,300","2,133","823","103","4","12,169","12,169","309","565","471","636","962","1,754","2,680","2,218","1,993","566","15","24,483","24,483","640","1,290","1,225","1,371","2,135","3,978","5,983","4,361","2,808","672","20","12,273","12,273","336","711","751","728","1,176","2,210","3,293","2,140","821","103","4","12,210","12,210","304","579","474","643","959","1,768","2,690","2,221","1,987","569","16"
"경상남도 함안군 (4873000000)","57,392","57,392","2,051","5,272","3,630","3,805","7,059","10,333","12,207","8,011","4,202","816","6","29,445","29,445","1,075","2,714","2,216","2,125","3,640","5,755","6,496","3,961","1,314","148","1","27,947","27,947","976","2,558","1,414","1,680","3,419","4,578","5,711","4,050","2,888","668","5","57,191","57,191","2,026","5,191","3,601","3,781","6,999","10,288","12,219","8,062","4,190","827","7","29,372","29,372","1,064","2,673","2,203","2,126","3,610","5,729","6,515","3,984","1,314","153","1","27,819","27,819","962","2,518","1,398","1,655","3,389","4,559","5,704","4,078","2,876","674","6","57,057","57,057","2,000","5,122","3,567","3,776","6,944","10,232","12,261","8,114","4,208","825","8","29,317","29,317","1,043","2,646","2,202","2,121","3,577","5,692","6,535","4,021","1,327","152","1","27,740","27,740","957","2,476","1,365","1,655","3,367","4,540","5,726","4,093","2,881","673","7","56,973","56,973","1,983","5,111","3,552","3,747","6,924","10,199","12,259","8,171","4,183","836","8","29,289","29,289","1,032","2,640","2,183","2,111","3,568","5,679","6,541","4,056","1,321","157","1","27,684","27,684","951","2,471","1,369","1,636","3,356","4,520","5,718","4,115","2,862","679","7","56,844","56,844","1,953","5,104","3,519","3,726","6,889","10,159","12,265","8,201","4,179","841","8","29,224","29,224","1,018","2,631","2,166","2,096","3,546","5,658","6,554","4,078","1,314","162","1","27,620","27,620","935","2,473","1,353","1,630","3,343","4,501","5,711","4,123","2,865","679","7","56,728","56,728","1,926","5,086","3,514","3,709","6,861","10,127","12,263","8,222","4,175","836","9","29,166","29,166","1,007","2,617","2,162","2,082","3,528","5,641","6,561","4,090","1,317","160","1","27,562","27,562","919","2,469","1,352","1,627","3,333","4,486","5,702","4,132","2,858","676","8"
"경상남도 창녕군 (4874000000)","54,814","54,814","1,756","3,796","2,761","3,572","5,550","9,120","13,092","9,091","5,069","994","13","27,577","27,577","948","1,982","1,653","2,080","3,041","5,074","6,727","4,281","1,606","184","1","27,237","27,237","808","1,814","1,108","1,492","2,509","4,046","6,365","4,810","3,463","810","12","54,772","54,772","1,744","3,807","2,719","3,541","5,580","9,077","13,104","9,153","5,033","1,003","11","27,573","27,573","938","2,009","1,634","2,062","3,037","5,051","6,740","4,327","1,591","183","1","27,199","27,199","806","1,798","1,085","1,479","2,543","4,026","6,364","4,826","3,442","820","10","54,634","54,634","1,729","3,771","2,678","3,525","5,542","9,020","13,090","9,192","5,072","1,005","10","27,508","27,508","927","1,992","1,605","2,051","3,016","5,025","6,735","4,357","1,617","182","1","27,126","27,126","802","1,779","1,073","1,474","2,526","3,995","6,355","4,835","3,455","823","9","54,535","54,535","1,716","3,760","2,644","3,533","5,517","8,981","13,066","9,241","5,055","1,012","10","27,459","27,459","914","1,990","1,581","2,055","2,998","5,008","6,719","4,390","1,619","184","1","27,076","27,076","802","1,770","1,063","1,478","2,519","3,973","6,347","4,851","3,436","828","9","54,432","54,432","1,703","3,745","2,625","3,517","5,501","8,964","13,064","9,238","5,058","1,005","12","27,418","27,418","904","1,983","1,572","2,048","2,991","4,995","6,717","4,396","1,621","190","1","27,014","27,014","799","1,762","1,053","1,469","2,510","3,969","6,347","4,842","3,437","815","11","54,344","54,344","1,677","3,745","2,609","3,487","5,506","8,928","13,066","9,263","5,045","1,005","13","27,347","27,347","886","1,972","1,565","2,030","2,982","4,971","6,729","4,405","1,616","190","1","26,997","26,997","791","1,773","1,044","1,457","2,524","3,957","6,337","4,858","3,429","815","12"
"경상남도 고성군 (4882000000)","46,909","46,909","1,234","3,750","2,597","2,519","4,929","8,189","10,677","7,741","4,332","931","10","23,813","23,813","647","2,074","1,542","1,424","2,689","4,522","5,579","3,682","1,468","186","0","23,096","23,096","587","1,676","1,055","1,095","2,240","3,667","5,098","4,059","2,864","745","10","46,791","46,791","1,225","3,727","2,555","2,493","4,899","8,151","10,707","7,771","4,316","937","10","23,736","23,736","641","2,060","1,512","1,407","2,665","4,498","5,599","3,699","1,459","196","0","23,055","23,055","584","1,667","1,043","1,086","2,234","3,653","5,108","4,072","2,857","741","10","46,733","46,733","1,201","3,740","2,519","2,487","4,879","8,090","10,740","7,817","4,302","948","10","23,713","23,713","632","2,070","1,490","1,405","2,660","4,469","5,617","3,716","1,454","200","0","23,020","23,020","569","1,670","1,029","1,082","2,219","3,621","5,123","4,101","2,848","748","10","46,739","46,739","1,189","3,748","2,522","2,488","4,867","8,074","10,751","7,855","4,285","950","10","23,729","23,729","628","2,077","1,498","1,408","2,660","4,459","5,619","3,732","1,452","196","0","23,010","23,010","561","1,671","1,024","1,080","2,207","3,615","5,132","4,123","2,833","754","10","46,749","46,749","1,172","3,734","2,524","2,508","4,840","8,091","10,748","7,884","4,283","955","10","23,755","23,755","612","2,079","1,500","1,424","2,646","4,466","5,621","3,750","1,459","198","0","22,994","22,994","560","1,655","1,024","1,084","2,194","3,625","5,127","4,134","2,824","757","10","46,715","46,715","1,159","3,730","2,518","2,506","4,832","8,060","10,774","7,902","4,266","958","10","23,744","23,744","603","2,076","1,497","1,427","2,642","4,435","5,641","3,769","1,456","198","0","22,971","22,971","556","1,654","1,021","1,079","2,190","3,625","5,133","4,133","2,810","760","10"
"경상남도 남해군 (4884000000)","40,770","40,770","1,036","2,738","2,350","2,150","3,571","6,693","9,219","7,219","4,588","1,173","33","19,910","19,910","512","1,518","1,418","1,226","1,841","3,634","4,718","3,345","1,499","197","2","20,860","20,860","524","1,220","932","924","1,730","3,059","4,501","3,874","3,089","976","31","40,782","40,782","1,027","2,752","2,308","2,170","3,542","6,659","9,287","7,229","4,571","1,202","35","19,933","19,933","509","1,532","1,393","1,243","1,829","3,612","4,752","3,353","1,506","202","2","20,849","20,849","518","1,220","915","927","1,713","3,047","4,535","3,876","3,065","1,000","33","40,949","40,949","1,008","2,868","2,312","2,202","3,517","6,655","9,315","7,255","4,572","1,209","36","20,020","20,020","498","1,589","1,383","1,264","1,818","3,606","4,763","3,368","1,526","203","2","20,929","20,929","510","1,279","929","938","1,699","3,049","4,552","3,887","3,046","1,006","34","40,965","40,965","1,006","2,879","2,305","2,200","3,520","6,611","9,332","7,298","4,568","1,209","37","20,040","20,040","493","1,597","1,381","1,259","1,814","3,591","4,785","3,383","1,530","205","2","20,925","20,925","513","1,282","924","941","1,706","3,020","4,547","3,915","3,038","1,004","35","40,995","40,995","996","2,875","2,305","2,201","3,510","6,617","9,332","7,327","4,573","1,220","39","20,046","20,046","492","1,589","1,370","1,265","1,808","3,589","4,795","3,391","1,539","204","4","20,949","20,949","504","1,286","935","936","1,702","3,028","4,537","3,936","3,034","1,016","35","41,049","41,049","987","2,898","2,313","2,194","3,512","6,623","9,372","7,332","4,566","1,212","40","20,084","20,084","488","1,617","1,373","1,263","1,809","3,590","4,814","3,391","1,532","203","4","20,965","20,965","499","1,281","940","931","1,703","3,033","4,558","3,941","3,034","1,009","36"
"경상남도 하동군 (4885000000)","39,803","39,803","1,062","2,169","2,019","2,101","3,275","7,084","9,812","6,895","4,369","988","29","20,027","20,027","532","1,165","1,224","1,181","1,798","3,933","5,188","3,345","1,456","203","2","19,776","19,776","530","1,004","795","920","1,477","3,151","4,624","3,550","2,913","785","27","39,696","39,696","1,035","2,148","1,994","2,090","3,250","7,040","9,819","6,948","4,336","1,004","32","19,976","19,976","517","1,154","1,212","1,167","1,792","3,906","5,194","3,380","1,444","207","3","19,720","19,720","518","994","782","923","1,458","3,134","4,625","3,568","2,892","797","29","39,631","39,631","1,024","2,115","1,964","2,089","3,210","7,040","9,832","6,986","4,342","997","32","19,949","19,949","515","1,137","1,184","1,171","1,763","3,907","5,208","3,406","1,450","205","3","19,682","19,682","509","978","780","918","1,447","3,133","4,624","3,580","2,892","792","29","39,616","39,616","1,021","2,113","1,959","2,083","3,205","7,022","9,848","7,008","4,322","1,003","32","19,933","19,933","515","1,133","1,174","1,176","1,760","3,894","5,206","3,422","1,441","209","3","19,683","19,683","506","980","785","907","1,445","3,128","4,642","3,586","2,881","794","29","39,569","39,569","1,008","2,111","1,936","2,097","3,191","6,996","9,843","7,038","4,301","1,018","30","19,911","19,911","511","1,133","1,163","1,186","1,749","3,877","5,200","3,435","1,440","214","3","19,658","19,658","497","978","773","911","1,442","3,119","4,643","3,603","2,861","804","27","39,463","39,463","1,002","2,093","1,903","2,104","3,176","6,973","9,834","7,045","4,288","1,015","30","19,858","19,858","509","1,117","1,141","1,196","1,733","3,864","5,195","3,448","1,434","218","3","19,605","19,605","493","976","762","908","1,443","3,109","4,639","3,597","2,854","797","27"
"경상남도 산청군 (4886000000)","32,661","32,661","763","1,703","1,631","1,629","2,560","5,639","8,333","5,864","3,693","819","27","16,252","16,252","375","946","949","891","1,402","3,040","4,405","2,938","1,163","141","2","16,409","16,409","388","757","682","738","1,158","2,599","3,928","2,926","2,530","678","25","32,601","32,601","750","1,685","1,606","1,620","2,546","5,606","8,373","5,883","3,688","818","26","16,239","16,239","371","939","932","884","1,398","3,019","4,438","2,954","1,158","144","2","16,362","16,362","379","746","674","736","1,148","2,587","3,935","2,929","2,530","674","24","32,584","32,584","739","1,686","1,579","1,615","2,536","5,569","8,394","5,942","3,677","819","28","16,240","16,240","367","944","914","887","1,388","3,003","4,456","2,983","1,157","139","2","16,344","16,344","372","742","665","728","1,148","2,566","3,938","2,959","2,520","680","26","32,641","32,641","738","1,680","1,580","1,622","2,526","5,574","8,434","5,975","3,648","836","28","16,282","16,282","368","944","910","897","1,380","3,003","4,477","3,010","1,150","141","2","16,359","16,359","370","736","670","725","1,146","2,571","3,957","2,965","2,498","695","26","32,592","32,592","731","1,671","1,561","1,626","2,498","5,577","8,414","6,003","3,639","844","28","16,251","16,251","365","938","897","899","1,364","2,992","4,477","3,022","1,153","142","2","16,341","16,341","366","733","664","727","1,134","2,585","3,937","2,981","2,486","702","26","32,557","32,557","721","1,672","1,551","1,620","2,506","5,551","8,408","6,018","3,636","849","25","16,231","16,231","359","937","886","899","1,359","2,979","4,471","3,034","1,160","145","2","16,326","16,326","362","735","665","721","1,147","2,572","3,937","2,984","2,476","704","23"
"경상남도 함양군 (4887000000)","35,320","35,320","1,106","2,488","1,982","1,972","3,220","6,077","8,037","5,729","3,909","782","18","17,337","17,337","556","1,317","1,170","1,088","1,665","3,295","4,194","2,668","1,245","136","3","17,983","17,983","550","1,171","812","884","1,555","2,782","3,843","3,061","2,664","646","15","35,293","35,293","1,111","2,456","1,957","1,965","3,204","6,064","8,063","5,766","3,892","798","17","17,330","17,330","565","1,300","1,154","1,083","1,666","3,285","4,209","2,691","1,235","139","3","17,963","17,963","546","1,156","803","882","1,538","2,779","3,854","3,075","2,657","659","14","35,228","35,228","1,093","2,436","1,942","1,969","3,173","6,024","8,074","5,822","3,872","806","17","17,310","17,310","554","1,292","1,150","1,085","1,653","3,264","4,222","2,721","1,230","136","3","17,918","17,918","539","1,144","792","884","1,520","2,760","3,852","3,101","2,642","670","14","35,163","35,163","1,083","2,420","1,929","1,974","3,162","6,007","8,057","5,856","3,853","806","16","17,269","17,269","548","1,291","1,137","1,079","1,643","3,254","4,217","2,735","1,223","139","3","17,894","17,894","535","1,129","792","895","1,519","2,753","3,840","3,121","2,630","667","13","35,137","35,137","1,072","2,416","1,909","1,980","3,160","5,978","8,070","5,879","3,839","818","16","17,253","17,253","540","1,291","1,119","1,083","1,638","3,241","4,226","2,746","1,222","144","3","17,884","17,884","532","1,125","790","897","1,522","2,737","3,844","3,133","2,617","674","13","35,062","35,062","1,069","2,398","1,915","1,971","3,152","5,961","8,053","5,881","3,826","820","16","17,206","17,206","538","1,281","1,118","1,073","1,638","3,230","4,226","2,743","1,216","140","3","17,856","17,856","531","1,117","797","898","1,514","2,731","3,827","3,138","2,610","680","13"
"경상남도 거창군 (4888000000)","58,738","58,738","2,602","5,569","4,308","4,510","6,489","9,820","11,525","7,857","4,946","1,086","26","28,921","28,921","1,378","3,045","2,485","2,448","3,248","5,115","5,803","3,611","1,546","239","3","29,817","29,817","1,224","2,524","1,823","2,062","3,241","4,705","5,722","4,246","3,400","847","23","58,578","58,578","2,586","5,528","4,243","4,461","6,453","9,778","11,552","7,912","4,946","1,091","28","28,831","28,831","1,369","3,033","2,439","2,427","3,231","5,087","5,818","3,632","1,554","238","3","29,747","29,747","1,217","2,495","1,804","2,034","3,222","4,691","5,734","4,280","3,392","853","25","58,751","58,751","2,583","5,674","4,269","4,461","6,400","9,761","11,575","7,959","4,938","1,103","28","28,945","28,945","1,372","3,115","2,473","2,426","3,210","5,062","5,835","3,653","1,557","240","2","29,806","29,806","1,211","2,559","1,796","2,035","3,190","4,699","5,740","4,306","3,381","863","26","58,733","58,733","2,570","5,650","4,245","4,457","6,387","9,736","11,606","8,006","4,936","1,110","30","28,935","28,935","1,363","3,101","2,454","2,433","3,194","5,052","5,855","3,677","1,557","247","2","29,798","29,798","1,207","2,549","1,791","2,024","3,193","4,684","5,751","4,329","3,379","863","28","58,720","58,720","2,561","5,628","4,243","4,458","6,380","9,722","11,598","8,040","4,933","1,127","30","28,931","28,931","1,357","3,088","2,466","2,428","3,191","5,044","5,849","3,691","1,567","248","2","29,789","29,789","1,204","2,540","1,777","2,030","3,189","4,678","5,749","4,349","3,366","879","28","58,697","58,697","2,565","5,614","4,213","4,468","6,373","9,721","11,584","8,081","4,916","1,132","30","28,929","28,929","1,357","3,086","2,439","2,439","3,188","5,041","5,845","3,723","1,560","249","2","29,768","29,768","1,208","2,528","1,774","2,029","3,185","4,680","5,739","4,358","3,356","883","28"
"경상남도 합천군 (4889000000)","38,882","38,882","921","1,953","1,843","1,893","3,140","6,106","9,716","7,203","5,045","1,043","19","19,249","19,249","497","1,059","1,071","1,093","1,757","3,444","5,236","3,378","1,518","196","0","19,633","19,633","424","894","772","800","1,383","2,662","4,480","3,825","3,527","847","19","38,758","38,758","908","1,914","1,810","1,906","3,111","6,052","9,735","7,220","5,011","1,070","21","19,207","19,207","490","1,036","1,058","1,105","1,741","3,419","5,247","3,396","1,511","204","0","19,551","19,551","418","878","752","801","1,370","2,633","4,488","3,824","3,500","866","21","38,742","38,742","904","1,908","1,786","1,904","3,117","6,020","9,715","7,288","4,997","1,082","21","19,208","19,208","484","1,042","1,043","1,100","1,739","3,399","5,244","3,445","1,504","208","0","19,534","19,534","420","866","743","804","1,378","2,621","4,471","3,843","3,493","874","21","38,705","38,705","900","1,908","1,756","1,906","3,117","6,016","9,705","7,313","4,967","1,095","22","19,197","19,197","482","1,041","1,028","1,102","1,736","3,403","5,245","3,455","1,495","210","0","19,508","19,508","418","867","728","804","1,381","2,613","4,460","3,858","3,472","885","22","38,721","38,721","898","1,905","1,754","1,909","3,121","5,989","9,721","7,357","4,951","1,093","23","19,213","19,213","478","1,042","1,026","1,096","1,742","3,392","5,249","3,482","1,500","206","0","19,508","19,508","420","863","728","813","1,379","2,597","4,472","3,875","3,451","887","23","38,654","38,654","890","1,898","1,739","1,907","3,114","5,946","9,739","7,388","4,925","1,085","23","19,186","19,186","473","1,042","1,018","1,090","1,735","3,365","5,261","3,502","1,494","206","0","19,468","19,468","417","856","721","817","1,379","2,581","4,478","3,886","3,431","879","23"
"제주특별자치도  (5000000000)","660,342","660,342","43,907","70,064","65,137","76,463","101,356","118,009","97,956","53,411","27,784","6,061","194","329,927","329,927","22,472","36,011","34,795","38,874","51,031","60,978","49,372","24,755","10,342","1,286","11","330,415","330,415","21,435","34,053","30,342","37,589","50,325","57,031","48,584","28,656","17,442","4,775","183","659,869","659,869","43,813","69,815","64,632","76,380","101,251","117,978","98,217","53,627","27,825","6,135","196","329,668","329,668","22,424","35,896","34,553","38,817","50,947","60,969","49,524","24,868","10,353","1,306","11","330,201","330,201","21,389","33,919","30,079","37,563","50,304","57,009","48,693","28,759","17,472","4,829","185","659,553","659,553","43,546","69,707","64,230","76,457","101,116","117,544","98,756","53,996","27,808","6,197","196","329,479","329,479","22,267","35,844","34,328","38,861","50,854","60,769","49,825","25,028","10,363","1,329","11","330,074","330,074","21,279","33,863","29,902","37,596","50,262","56,775","48,931","28,968","17,445","4,868","185","659,603","659,603","43,319","69,741","64,093","76,506","100,989","117,535","98,928","54,230","27,833","6,237","192","329,508","329,508","22,143","35,859","34,250","38,923","50,756","60,763","49,927","25,137","10,391","1,349","10","330,095","330,095","21,176","33,882","29,843","37,583","50,233","56,772","49,001","29,093","17,442","4,888","182","659,365","659,365","43,018","69,840","63,776","76,504","100,914","117,387","99,059","54,463","27,935","6,278","191","329,393","329,393","21,996","35,888","34,129","38,900","50,705","60,664","50,017","25,280","10,443","1,359","12","329,972","329,972","21,022","33,952","29,647","37,604","50,209","56,723","49,042","29,183","17,492","4,919","179","659,193","659,193","42,856","69,805","63,612","76,544","100,724","117,370","99,148","54,621","28,050","6,276","187","329,293","329,293","21,922","35,830","34,022","38,930","50,603","60,682","50,078","25,349","10,497","1,368","12","329,900","329,900","20,934","33,975","29,590","37,614","50,121","56,688","49,070","29,272","17,553","4,908","175"
"제주특별자치도 제주시 (5011000000)","482,084","482,084","33,150","52,305","50,591","59,509","74,778","85,609","67,878","35,973","18,220","3,934","137","240,260","240,260","16,914","26,872","26,754","30,293","37,647","43,591","33,956","16,648","6,766","814","5","241,824","241,824","16,236","25,433","23,837","29,216","37,131","42,018","33,922","19,325","11,454","3,120","132","481,839","481,839","33,067","52,144","50,249","59,493","74,709","85,573","68,097","36,126","18,250","3,993","138","240,121","240,121","16,886","26,782","26,591","30,268","37,605","43,578","34,082","16,714","6,777","833","5","241,718","241,718","16,181","25,362","23,658","29,225","37,104","41,995","34,015","19,412","11,473","3,160","133","481,715","481,715","32,886","52,028","50,014","59,602","74,618","85,318","68,460","36,380","18,223","4,050","136","239,989","239,989","16,772","26,715","26,452","30,316","37,530","43,449","34,308","16,813","6,775","854","5","241,726","241,726","16,114","25,313","23,562","29,286","37,088","41,869","34,152","19,567","11,448","3,196","131","481,659","481,659","32,713","52,000","49,920","59,643","74,529","85,265","68,617","36,524","18,231","4,081","136","239,955","239,955","16,673","26,708","26,403","30,351","37,462","43,432","34,369","16,894","6,789","869","5","241,704","241,704","16,040","25,292","23,517","29,292","37,067","41,833","34,248","19,630","11,442","3,212","131","481,534","481,534","32,516","52,063","49,670","59,646","74,503","85,179","68,730","36,673","18,316","4,106","132","239,910","239,910","16,568","26,739","26,298","30,348","37,438","43,387","34,434","16,986","6,831","876","5","241,624","241,624","15,948","25,324","23,372","29,298","37,065","41,792","34,296","19,687","11,485","3,230","127","481,491","481,491","32,431","52,066","49,489","59,706","74,398","85,169","68,830","36,767","18,408","4,097","130","239,868","239,868","16,546","26,714","26,185","30,363","37,401","43,388","34,494","17,016","6,873","883","5","241,623","241,623","15,885","25,352","23,304","29,343","36,997","41,781","34,336","19,751","11,535","3,214","125"
"제주특별자치도 서귀포시 (5013000000)","178,258","178,258","10,757","17,759","14,546","16,954","26,578","32,400","30,078","17,438","9,564","2,127","57","89,667","89,667","5,558","9,139","8,041","8,581","13,384","17,387","15,416","8,107","3,576","472","6","88,591","88,591","5,199","8,620","6,505","8,373","13,194","15,013","14,662","9,331","5,988","1,655","51","178,030","178,030","10,746","17,671","14,383","16,887","26,542","32,405","30,120","17,501","9,575","2,142","58","89,547","89,547","5,538","9,114","7,962","8,549","13,342","17,391","15,442","8,154","3,576","473","6","88,483","88,483","5,208","8,557","6,421","8,338","13,200","15,014","14,678","9,347","5,999","1,669","52","177,838","177,838","10,660","17,679","14,216","16,855","26,498","32,226","30,296","17,616","9,585","2,147","60","89,490","89,490","5,495","9,129","7,876","8,545","13,324","17,320","15,517","8,215","3,588","475","6","88,348","88,348","5,165","8,550","6,340","8,310","13,174","14,906","14,779","9,401","5,997","1,672","54","177,944","177,944","10,606","17,741","14,173","16,863","26,460","32,270","30,311","17,706","9,602","2,156","56","89,553","89,553","5,470","9,151","7,847","8,572","13,294","17,331","15,558","8,243","3,602","480","5","88,391","88,391","5,136","8,590","6,326","8,291","13,166","14,939","14,753","9,463","6,000","1,676","51","177,831","177,831","10,502","17,777","14,106","16,858","26,411","32,208","30,329","17,790","9,619","2,172","59","89,483","89,483","5,428","9,149","7,831","8,552","13,267","17,277","15,583","8,294","3,612","483","7","88,348","88,348","5,074","8,628","6,275","8,306","13,144","14,931","14,746","9,496","6,007","1,689","52","177,702","177,702","10,425","17,739","14,123","16,838","26,326","32,201","30,318","17,854","9,642","2,179","57","89,425","89,425","5,376","9,116","7,837","8,567","13,202","17,294","15,584","8,333","3,624","485","7","88,277","88,277","5,049","8,623","6,286","8,271","13,124","14,907","14,734","9,521","6,018","1,694","50"
